context,G0_mM,hours,image_key,ploidy_state,n_group_cells,median_cell_area_px,median_nuclear_area_px,field_cell_count,field_total_segmented_area_px,context_label,G0_label
C00 fuse,0.1,24,SUM-159_C00-IncucyteRawDataLiveDead-varyGlucose_B2_1_01d00h00m,low,198,1603.5,171,198,353169,SUM-159-fuse C00,0.1 mM
C00 fuse,0.1,24,SUM-159_C00-IncucyteRawDataLiveDead-varyGlucose_B2_2_01d00h00m,low,171,1489,167,171,270720,SUM-159-fuse C00,0.1 mM
C00 fuse,0.1,24,SUM-159_C00-IncucyteRawDataLiveDead-varyGlucose_B2_3_01d00h00m,low,163,1630,181,163,278083,SUM-159-fuse C00,0.1 mM
C00 fuse,0.1,24,SUM-159_C00-IncucyteRawDataLiveDead-varyGlucose_B2_4_01d00h00m,low,149,1564,181,149,262205,SUM-159-fuse C00,0.1 mM
C00 fuse,0.1,24,SUM-159_C00-IncucyteRawDataLiveDead-varyGlucose_B7_1_01d00h00m,high,220,1530,197,220,349524,SUM-159-fuse C00,0.1 mM
C00 fuse,0.1,24,SUM-159_C00-IncucyteRawDataLiveDead-varyGlucose_B7_2_01d00h00m,high,170,1671.5,210.5,170,288414,SUM-159-fuse C00,0.1 mM
C00 fuse,0.1,24,SUM-159_C00-IncucyteRawDataLiveDead-varyGlucose_B7_3_01d00h00m,high,146,1516.5,212,146,235363,SUM-159-fuse C00,0.1 mM
C00 fuse,0.1,24,SUM-159_C00-IncucyteRawDataLiveDead-varyGlucose_B7_4_01d00h00m,high,128,1564,205,128,209842,SUM-159-fuse C00,0.1 mM
C00 fuse,0.1,24,SUM-159_C00-IncucyteRawDataLiveDead-varyGlucose_C2_1_01d00h00m,low,239,1590,175,239,405678,SUM-159-fuse C00,0.1 mM
C00 fuse,0.1,24,SUM-159_C00-IncucyteRawDataLiveDead-varyGlucose_C2_2_01d00h00m,low,198,1584.5,174,198,341450,SUM-159-fuse C00,0.1 mM
C00 fuse,0.1,24,SUM-159_C00-IncucyteRawDataLiveDead-varyGlucose_C2_3_01d00h00m,low,209,1531,171,209,341855,SUM-159-fuse C00,0.1 mM
C00 fuse,0.1,24,SUM-159_C00-IncucyteRawDataLiveDead-varyGlucose_C2_4_01d00h00m,low,176,1601.5,164.5,176,302234,SUM-159-fuse C00,0.1 mM
C00 fuse,0.1,24,SUM-159_C00-IncucyteRawDataLiveDead-varyGlucose_C7_1_01d00h00m,high,221,1466,203,221,346236,SUM-159-fuse C00,0.1 mM
C00 fuse,0.1,24,SUM-159_C00-IncucyteRawDataLiveDead-varyGlucose_C7_2_01d00h00m,high,192,1491,186.5,192,317999,SUM-159-fuse C00,0.1 mM
C00 fuse,0.1,24,SUM-159_C00-IncucyteRawDataLiveDead-varyGlucose_C7_3_01d00h00m,high,229,1537,197,229,376002,SUM-159-fuse C00,0.1 mM
C00 fuse,0.1,24,SUM-159_C00-IncucyteRawDataLiveDead-varyGlucose_C7_4_01d00h00m,high,162,1557.5,201.5,162,267206,SUM-159-fuse C00,0.1 mM
C00 fuse,0.1,24,SUM-159_C00-IncucyteRawDataLiveDead-varyGlucose_D2_1_01d00h00m,low,210,1596,169,210,369163,SUM-159-fuse C00,0.1 mM
C00 fuse,0.1,24,SUM-159_C00-IncucyteRawDataLiveDead-varyGlucose_D2_2_01d00h00m,low,173,1576,163,173,296753,SUM-159-fuse C00,0.1 mM
C00 fuse,0.1,24,SUM-159_C00-IncucyteRawDataLiveDead-varyGlucose_D2_3_01d00h00m,low,214,1531.5,168,214,346531,SUM-159-fuse C00,0.1 mM
C00 fuse,0.1,24,SUM-159_C00-IncucyteRawDataLiveDead-varyGlucose_D2_4_01d00h00m,low,211,1667,175,211,378638,SUM-159-fuse C00,0.1 mM
C00 fuse,0.1,24,SUM-159_C00-IncucyteRawDataLiveDead-varyGlucose_D7_1_01d00h00m,high,227,1582,208,227,390978,SUM-159-fuse C00,0.1 mM
C00 fuse,0.1,24,SUM-159_C00-IncucyteRawDataLiveDead-varyGlucose_D7_2_01d00h00m,high,155,1624,208,155,267801,SUM-159-fuse C00,0.1 mM
C00 fuse,0.1,24,SUM-159_C00-IncucyteRawDataLiveDead-varyGlucose_D7_3_01d00h00m,high,218,1523,195,218,359914,SUM-159-fuse C00,0.1 mM
C00 fuse,0.1,24,SUM-159_C00-IncucyteRawDataLiveDead-varyGlucose_D7_4_01d00h00m,high,149,1750,203,149,262840,SUM-159-fuse C00,0.1 mM
C00 fuse,0.1,24,SUM-159_C00-IncucyteRawDataLiveDead-varyGlucose_E2_1_01d00h00m,low,282,1560,170,282,471566,SUM-159-fuse C00,0.1 mM
C00 fuse,0.1,24,SUM-159_C00-IncucyteRawDataLiveDead-varyGlucose_E2_2_01d00h00m,low,205,1607,166,205,347073,SUM-159-fuse C00,0.1 mM
C00 fuse,0.1,24,SUM-159_C00-IncucyteRawDataLiveDead-varyGlucose_E2_3_01d00h00m,low,216,1607.5,168,216,373249,SUM-159-fuse C00,0.1 mM
C00 fuse,0.1,24,SUM-159_C00-IncucyteRawDataLiveDead-varyGlucose_E2_4_01d00h00m,low,191,1555,163,191,318603,SUM-159-fuse C00,0.1 mM
C00 fuse,0.1,24,SUM-159_C00-IncucyteRawDataLiveDead-varyGlucose_E7_1_01d00h00m,high,182,1538,199,182,293310,SUM-159-fuse C00,0.1 mM
C00 fuse,0.1,24,SUM-159_C00-IncucyteRawDataLiveDead-varyGlucose_E7_2_01d00h00m,high,171,1411,192,171,270462,SUM-159-fuse C00,0.1 mM
C00 fuse,0.1,24,SUM-159_C00-IncucyteRawDataLiveDead-varyGlucose_E7_3_01d00h00m,high,211,1599,202,211,351881,SUM-159-fuse C00,0.1 mM
C00 fuse,0.1,24,SUM-159_C00-IncucyteRawDataLiveDead-varyGlucose_E7_4_01d00h00m,high,138,1607,195,138,236331,SUM-159-fuse C00,0.1 mM
C00 fuse,0.1,24,SUM-159_C00-IncucyteRawDataLiveDead-varyGlucose_F2_1_01d00h00m,low,262,1574,163,262,423283,SUM-159-fuse C00,0.1 mM
C00 fuse,0.1,24,SUM-159_C00-IncucyteRawDataLiveDead-varyGlucose_F2_2_01d00h00m,low,193,1584,159,193,322231,SUM-159-fuse C00,0.1 mM
C00 fuse,0.1,24,SUM-159_C00-IncucyteRawDataLiveDead-varyGlucose_F2_3_01d00h00m,low,249,1439,161,249,388007,SUM-159-fuse C00,0.1 mM
C00 fuse,0.1,24,SUM-159_C00-IncucyteRawDataLiveDead-varyGlucose_F2_4_01d00h00m,low,171,1636,169,171,286278,SUM-159-fuse C00,0.1 mM
C00 fuse,0.1,24,SUM-159_C00-IncucyteRawDataLiveDead-varyGlucose_F7_1_01d00h00m,high,251,1466,193,251,397683,SUM-159-fuse C00,0.1 mM
C00 fuse,0.1,24,SUM-159_C00-IncucyteRawDataLiveDead-varyGlucose_F7_2_01d00h00m,high,161,1632,202,161,273750,SUM-159-fuse C00,0.1 mM
C00 fuse,0.1,24,SUM-159_C00-IncucyteRawDataLiveDead-varyGlucose_F7_3_01d00h00m,high,281,1507,197,281,446964,SUM-159-fuse C00,0.1 mM
C00 fuse,0.1,24,SUM-159_C00-IncucyteRawDataLiveDead-varyGlucose_F7_4_01d00h00m,high,173,1420,194,173,256694,SUM-159-fuse C00,0.1 mM
C00 fuse,0.1,24,SUM-159_C00-IncucyteRawDataLiveDead-varyGlucose_G2_1_01d00h00m,low,277,1489,163,277,457554,SUM-159-fuse C00,0.1 mM
C00 fuse,0.1,24,SUM-159_C00-IncucyteRawDataLiveDead-varyGlucose_G2_2_01d00h00m,low,218,1555.5,164,218,374639,SUM-159-fuse C00,0.1 mM
C00 fuse,0.1,24,SUM-159_C00-IncucyteRawDataLiveDead-varyGlucose_G2_3_01d00h00m,low,244,1531.5,170,244,404019,SUM-159-fuse C00,0.1 mM
C00 fuse,0.1,24,SUM-159_C00-IncucyteRawDataLiveDead-varyGlucose_G2_4_01d00h00m,low,155,1767,169,155,282441,SUM-159-fuse C00,0.1 mM
C00 fuse,0.1,24,SUM-159_C00-IncucyteRawDataLiveDead-varyGlucose_G7_1_01d00h00m,high,358,1461,196.5,358,539721,SUM-159-fuse C00,0.1 mM
C00 fuse,0.1,24,SUM-159_C00-IncucyteRawDataLiveDead-varyGlucose_G7_2_01d00h00m,high,135,1535,200,135,224014,SUM-159-fuse C00,0.1 mM
C00 fuse,0.1,24,SUM-159_C00-IncucyteRawDataLiveDead-varyGlucose_G7_3_01d00h00m,high,205,1606,204,205,338972,SUM-159-fuse C00,0.1 mM
C00 fuse,0.1,24,SUM-159_C00-IncucyteRawDataLiveDead-varyGlucose_G7_4_01d00h00m,high,181,1463,200,181,292375,SUM-159-fuse C00,0.1 mM
C00 fuse,0.1,32,SUM-159_C00-IncucyteRawDataLiveDead-varyGlucose_B2_1_01d08h00m,low,201,1675,182,201,371584,SUM-159-fuse C00,0.1 mM
C00 fuse,0.1,32,SUM-159_C00-IncucyteRawDataLiveDead-varyGlucose_B2_2_01d08h00m,low,178,1603.5,179,178,301829,SUM-159-fuse C00,0.1 mM
C00 fuse,0.1,32,SUM-159_C00-IncucyteRawDataLiveDead-varyGlucose_B2_3_01d08h00m,low,167,1830,196,167,304335,SUM-159-fuse C00,0.1 mM
C00 fuse,0.1,32,SUM-159_C00-IncucyteRawDataLiveDead-varyGlucose_B2_4_01d08h00m,low,153,1783,191,153,286566,SUM-159-fuse C00,0.1 mM
C00 fuse,0.1,32,SUM-159_C00-IncucyteRawDataLiveDead-varyGlucose_B7_1_01d08h00m,high,221,1503,222,221,352093,SUM-159-fuse C00,0.1 mM
C00 fuse,0.1,32,SUM-159_C00-IncucyteRawDataLiveDead-varyGlucose_B7_2_01d08h00m,high,178,1599,212.5,178,302949,SUM-159-fuse C00,0.1 mM
C00 fuse,0.1,32,SUM-159_C00-IncucyteRawDataLiveDead-varyGlucose_B7_3_01d08h00m,high,151,1561,214,151,246149,SUM-159-fuse C00,0.1 mM
C00 fuse,0.1,32,SUM-159_C00-IncucyteRawDataLiveDead-varyGlucose_B7_4_01d08h00m,high,119,1609,224,119,199656,SUM-159-fuse C00,0.1 mM
C00 fuse,0.1,32,SUM-159_C00-IncucyteRawDataLiveDead-varyGlucose_C2_1_01d08h00m,low,243,1733,186,243,449229,SUM-159-fuse C00,0.1 mM
C00 fuse,0.1,32,SUM-159_C00-IncucyteRawDataLiveDead-varyGlucose_C2_2_01d08h00m,low,207,1654,180,207,373878,SUM-159-fuse C00,0.1 mM
C00 fuse,0.1,32,SUM-159_C00-IncucyteRawDataLiveDead-varyGlucose_C2_3_01d08h00m,low,213,1676,182,213,386907,SUM-159-fuse C00,0.1 mM
C00 fuse,0.1,32,SUM-159_C00-IncucyteRawDataLiveDead-varyGlucose_C2_4_01d08h00m,low,175,1700,180,175,317669,SUM-159-fuse C00,0.1 mM
C00 fuse,0.1,32,SUM-159_C00-IncucyteRawDataLiveDead-varyGlucose_C7_1_01d08h00m,high,224,1511.5,213,224,357018,SUM-159-fuse C00,0.1 mM
C00 fuse,0.1,32,SUM-159_C00-IncucyteRawDataLiveDead-varyGlucose_C7_2_01d08h00m,high,191,1368,196,191,285585,SUM-159-fuse C00,0.1 mM
C00 fuse,0.1,32,SUM-159_C00-IncucyteRawDataLiveDead-varyGlucose_C7_3_01d08h00m,high,235,1522,208,235,393311,SUM-159-fuse C00,0.1 mM
C00 fuse,0.1,32,SUM-159_C00-IncucyteRawDataLiveDead-varyGlucose_C7_4_01d08h00m,high,151,1559,208,151,248805,SUM-159-fuse C00,0.1 mM
C00 fuse,0.1,32,SUM-159_C00-IncucyteRawDataLiveDead-varyGlucose_D2_1_01d08h00m,low,214,1666.5,181,214,407531,SUM-159-fuse C00,0.1 mM
C00 fuse,0.1,32,SUM-159_C00-IncucyteRawDataLiveDead-varyGlucose_D2_2_01d08h00m,low,174,1766,179,174,330120,SUM-159-fuse C00,0.1 mM
C00 fuse,0.1,32,SUM-159_C00-IncucyteRawDataLiveDead-varyGlucose_D2_3_01d08h00m,low,242,1679,177,242,413810,SUM-159-fuse C00,0.1 mM
C00 fuse,0.1,32,SUM-159_C00-IncucyteRawDataLiveDead-varyGlucose_D2_4_01d08h00m,low,210,1710,189,210,390403,SUM-159-fuse C00,0.1 mM
C00 fuse,0.1,32,SUM-159_C00-IncucyteRawDataLiveDead-varyGlucose_D7_1_01d08h00m,high,234,1508.5,216.5,234,389549,SUM-159-fuse C00,0.1 mM
C00 fuse,0.1,32,SUM-159_C00-IncucyteRawDataLiveDead-varyGlucose_D7_2_01d08h00m,high,157,1713,219,157,290289,SUM-159-fuse C00,0.1 mM
C00 fuse,0.1,32,SUM-159_C00-IncucyteRawDataLiveDead-varyGlucose_D7_3_01d08h00m,high,224,1445,206.5,224,359742,SUM-159-fuse C00,0.1 mM
C00 fuse,0.1,32,SUM-159_C00-IncucyteRawDataLiveDead-varyGlucose_D7_4_01d08h00m,high,148,1651,210,148,259505,SUM-159-fuse C00,0.1 mM
C00 fuse,0.1,32,SUM-159_C00-IncucyteRawDataLiveDead-varyGlucose_E2_1_01d08h00m,low,287,1594,176,287,494601,SUM-159-fuse C00,0.1 mM
C00 fuse,0.1,32,SUM-159_C00-IncucyteRawDataLiveDead-varyGlucose_E2_2_01d08h00m,low,213,1615,175,213,374521,SUM-159-fuse C00,0.1 mM
C00 fuse,0.1,32,SUM-159_C00-IncucyteRawDataLiveDead-varyGlucose_E2_3_01d08h00m,low,219,1795,182,219,411150,SUM-159-fuse C00,0.1 mM
C00 fuse,0.1,32,SUM-159_C00-IncucyteRawDataLiveDead-varyGlucose_E2_4_01d08h00m,low,194,1673,179.5,194,359358,SUM-159-fuse C00,0.1 mM
C00 fuse,0.1,32,SUM-159_C00-IncucyteRawDataLiveDead-varyGlucose_E7_1_01d08h00m,high,186,1512,212,186,307660,SUM-159-fuse C00,0.1 mM
C00 fuse,0.1,32,SUM-159_C00-IncucyteRawDataLiveDead-varyGlucose_E7_2_01d08h00m,high,177,1509,207,177,290355,SUM-159-fuse C00,0.1 mM
C00 fuse,0.1,32,SUM-159_C00-IncucyteRawDataLiveDead-varyGlucose_E7_3_01d08h00m,high,218,1630,208.5,218,377060,SUM-159-fuse C00,0.1 mM
C00 fuse,0.1,32,SUM-159_C00-IncucyteRawDataLiveDead-varyGlucose_E7_4_01d08h00m,high,133,1724,221,133,245778,SUM-159-fuse C00,0.1 mM
C00 fuse,0.1,32,SUM-159_C00-IncucyteRawDataLiveDead-varyGlucose_F2_1_01d08h00m,low,270,1667,179,270,467755,SUM-159-fuse C00,0.1 mM
C00 fuse,0.1,32,SUM-159_C00-IncucyteRawDataLiveDead-varyGlucose_F2_2_01d08h00m,low,199,1650,175,199,345462,SUM-159-fuse C00,0.1 mM
C00 fuse,0.1,32,SUM-159_C00-IncucyteRawDataLiveDead-varyGlucose_F2_3_01d08h00m,low,259,1459,173,259,432204,SUM-159-fuse C00,0.1 mM
C00 fuse,0.1,32,SUM-159_C00-IncucyteRawDataLiveDead-varyGlucose_F2_4_01d08h00m,low,175,1692,174,175,310422,SUM-159-fuse C00,0.1 mM
C00 fuse,0.1,32,SUM-159_C00-IncucyteRawDataLiveDead-varyGlucose_F7_1_01d08h00m,high,265,1429,205,265,406146,SUM-159-fuse C00,0.1 mM
C00 fuse,0.1,32,SUM-159_C00-IncucyteRawDataLiveDead-varyGlucose_F7_2_01d08h00m,high,162,1596,204,162,273866,SUM-159-fuse C00,0.1 mM
C00 fuse,0.1,32,SUM-159_C00-IncucyteRawDataLiveDead-varyGlucose_F7_3_01d08h00m,high,301,1509,213,301,493087,SUM-159-fuse C00,0.1 mM
C00 fuse,0.1,32,SUM-159_C00-IncucyteRawDataLiveDead-varyGlucose_F7_4_01d08h00m,high,174,1521,201,174,281034,SUM-159-fuse C00,0.1 mM
C00 fuse,0.1,32,SUM-159_C00-IncucyteRawDataLiveDead-varyGlucose_G2_1_01d08h00m,low,277,1545,176,277,481349,SUM-159-fuse C00,0.1 mM
C00 fuse,0.1,32,SUM-159_C00-IncucyteRawDataLiveDead-varyGlucose_G2_2_01d08h00m,low,222,1663,179,222,407091,SUM-159-fuse C00,0.1 mM
C00 fuse,0.1,32,SUM-159_C00-IncucyteRawDataLiveDead-varyGlucose_G2_3_01d08h00m,low,244,1671,181,244,432119,SUM-159-fuse C00,0.1 mM
C00 fuse,0.1,32,SUM-159_C00-IncucyteRawDataLiveDead-varyGlucose_G2_4_01d08h00m,low,161,1787,183,161,314804,SUM-159-fuse C00,0.1 mM
C00 fuse,0.1,32,SUM-159_C00-IncucyteRawDataLiveDead-varyGlucose_G7_1_01d08h00m,high,375,1370,204,375,545442,SUM-159-fuse C00,0.1 mM
C00 fuse,0.1,32,SUM-159_C00-IncucyteRawDataLiveDead-varyGlucose_G7_2_01d08h00m,high,123,1495,215,123,202648,SUM-159-fuse C00,0.1 mM
C00 fuse,0.1,32,SUM-159_C00-IncucyteRawDataLiveDead-varyGlucose_G7_3_01d08h00m,high,202,1570.5,212.5,202,338702,SUM-159-fuse C00,0.1 mM
C00 fuse,0.1,32,SUM-159_C00-IncucyteRawDataLiveDead-varyGlucose_G7_4_01d08h00m,high,167,1464,210,167,266747,SUM-159-fuse C00,0.1 mM
C00 fuse,0.1,40,SUM-159_C00-IncucyteRawDataLiveDead-varyGlucose_B2_1_01d16h00m,low,207,1727,190,207,381896,SUM-159-fuse C00,0.1 mM
C00 fuse,0.1,40,SUM-159_C00-IncucyteRawDataLiveDead-varyGlucose_B2_2_01d16h00m,low,177,1656,193,177,310011,SUM-159-fuse C00,0.1 mM
C00 fuse,0.1,40,SUM-159_C00-IncucyteRawDataLiveDead-varyGlucose_B2_3_01d16h00m,low,168,1846.5,201.5,168,317066,SUM-159-fuse C00,0.1 mM
C00 fuse,0.1,40,SUM-159_C00-IncucyteRawDataLiveDead-varyGlucose_B2_4_01d16h00m,low,148,1813,198,148,283470,SUM-159-fuse C00,0.1 mM
C00 fuse,0.1,40,SUM-159_C00-IncucyteRawDataLiveDead-varyGlucose_B7_1_01d16h00m,high,186,1352.5,223,186,277586,SUM-159-fuse C00,0.1 mM
C00 fuse,0.1,40,SUM-159_C00-IncucyteRawDataLiveDead-varyGlucose_B7_2_01d16h00m,high,141,1382,229,141,207700,SUM-159-fuse C00,0.1 mM
C00 fuse,0.1,40,SUM-159_C00-IncucyteRawDataLiveDead-varyGlucose_B7_3_01d16h00m,high,123,1362,228,123,182183,SUM-159-fuse C00,0.1 mM
C00 fuse,0.1,40,SUM-159_C00-IncucyteRawDataLiveDead-varyGlucose_B7_4_01d16h00m,high,81,1317,220,81,124760,SUM-159-fuse C00,0.1 mM
C00 fuse,0.1,40,SUM-159_C00-IncucyteRawDataLiveDead-varyGlucose_C2_1_01d16h00m,low,255,1726,191,255,465677,SUM-159-fuse C00,0.1 mM
C00 fuse,0.1,40,SUM-159_C00-IncucyteRawDataLiveDead-varyGlucose_C2_2_01d16h00m,low,203,1662,184,203,371671,SUM-159-fuse C00,0.1 mM
C00 fuse,0.1,40,SUM-159_C00-IncucyteRawDataLiveDead-varyGlucose_C2_3_01d16h00m,low,212,1690,185,212,385433,SUM-159-fuse C00,0.1 mM
C00 fuse,0.1,40,SUM-159_C00-IncucyteRawDataLiveDead-varyGlucose_C2_4_01d16h00m,low,179,1786,187,179,341454,SUM-159-fuse C00,0.1 mM
C00 fuse,0.1,40,SUM-159_C00-IncucyteRawDataLiveDead-varyGlucose_C7_1_01d16h00m,high,200,1415.5,211.5,200,297819,SUM-159-fuse C00,0.1 mM
C00 fuse,0.1,40,SUM-159_C00-IncucyteRawDataLiveDead-varyGlucose_C7_2_01d16h00m,high,160,1231.5,198,160,222829,SUM-159-fuse C00,0.1 mM
C00 fuse,0.1,40,SUM-159_C00-IncucyteRawDataLiveDead-varyGlucose_C7_3_01d16h00m,high,220,1379,220,220,334025,SUM-159-fuse C00,0.1 mM
C00 fuse,0.1,40,SUM-159_C00-IncucyteRawDataLiveDead-varyGlucose_C7_4_01d16h00m,high,140,1345,213,140,202029,SUM-159-fuse C00,0.1 mM
C00 fuse,0.1,40,SUM-159_C00-IncucyteRawDataLiveDead-varyGlucose_D2_1_01d16h00m,low,220,1712,181,220,419390,SUM-159-fuse C00,0.1 mM
C00 fuse,0.1,40,SUM-159_C00-IncucyteRawDataLiveDead-varyGlucose_D2_2_01d16h00m,low,177,1696,183,177,335266,SUM-159-fuse C00,0.1 mM
C00 fuse,0.1,40,SUM-159_C00-IncucyteRawDataLiveDead-varyGlucose_D2_3_01d16h00m,low,249,1738,184,249,439298,SUM-159-fuse C00,0.1 mM
C00 fuse,0.1,40,SUM-159_C00-IncucyteRawDataLiveDead-varyGlucose_D2_4_01d16h00m,low,208,1881.5,196.5,208,420814,SUM-159-fuse C00,0.1 mM
C00 fuse,0.1,40,SUM-159_C00-IncucyteRawDataLiveDead-varyGlucose_D7_1_01d16h00m,high,225,1477,224,225,358919,SUM-159-fuse C00,0.1 mM
C00 fuse,0.1,40,SUM-159_C00-IncucyteRawDataLiveDead-varyGlucose_D7_2_01d16h00m,high,146,1589.5,232,146,258257,SUM-159-fuse C00,0.1 mM
C00 fuse,0.1,40,SUM-159_C00-IncucyteRawDataLiveDead-varyGlucose_D7_3_01d16h00m,high,216,1393.5,214.5,216,318003,SUM-159-fuse C00,0.1 mM
C00 fuse,0.1,40,SUM-159_C00-IncucyteRawDataLiveDead-varyGlucose_D7_4_01d16h00m,high,140,1434,216,140,230132,SUM-159-fuse C00,0.1 mM
C00 fuse,0.1,40,SUM-159_C00-IncucyteRawDataLiveDead-varyGlucose_E2_1_01d16h00m,low,288,1659,183.5,288,518580,SUM-159-fuse C00,0.1 mM
C00 fuse,0.1,40,SUM-159_C00-IncucyteRawDataLiveDead-varyGlucose_E2_2_01d16h00m,low,213,1562,176,213,372184,SUM-159-fuse C00,0.1 mM
C00 fuse,0.1,40,SUM-159_C00-IncucyteRawDataLiveDead-varyGlucose_E2_3_01d16h00m,low,226,1736,192,226,427646,SUM-159-fuse C00,0.1 mM
C00 fuse,0.1,40,SUM-159_C00-IncucyteRawDataLiveDead-varyGlucose_E2_4_01d16h00m,low,183,1722,181,183,355207,SUM-159-fuse C00,0.1 mM
C00 fuse,0.1,40,SUM-159_C00-IncucyteRawDataLiveDead-varyGlucose_E7_1_01d16h00m,high,178,1305.5,216.5,178,268661,SUM-159-fuse C00,0.1 mM
C00 fuse,0.1,40,SUM-159_C00-IncucyteRawDataLiveDead-varyGlucose_E7_2_01d16h00m,high,163,1389,215,163,257950,SUM-159-fuse C00,0.1 mM
C00 fuse,0.1,40,SUM-159_C00-IncucyteRawDataLiveDead-varyGlucose_E7_3_01d16h00m,high,218,1314,209,218,323703,SUM-159-fuse C00,0.1 mM
C00 fuse,0.1,40,SUM-159_C00-IncucyteRawDataLiveDead-varyGlucose_E7_4_01d16h00m,high,121,1604,219,121,211930,SUM-159-fuse C00,0.1 mM
C00 fuse,0.1,40,SUM-159_C00-IncucyteRawDataLiveDead-varyGlucose_F2_1_01d16h00m,low,276,1732,189,276,499902,SUM-159-fuse C00,0.1 mM
C00 fuse,0.1,40,SUM-159_C00-IncucyteRawDataLiveDead-varyGlucose_F2_2_01d16h00m,low,193,1753,186,193,361657,SUM-159-fuse C00,0.1 mM
C00 fuse,0.1,40,SUM-159_C00-IncucyteRawDataLiveDead-varyGlucose_F2_3_01d16h00m,low,260,1656,181,260,458328,SUM-159-fuse C00,0.1 mM
C00 fuse,0.1,40,SUM-159_C00-IncucyteRawDataLiveDead-varyGlucose_F2_4_01d16h00m,low,177,1668,183,177,319279,SUM-159-fuse C00,0.1 mM
C00 fuse,0.1,40,SUM-159_C00-IncucyteRawDataLiveDead-varyGlucose_F7_1_01d16h00m,high,247,1195,210,247,335994,SUM-159-fuse C00,0.1 mM
C00 fuse,0.1,40,SUM-159_C00-IncucyteRawDataLiveDead-varyGlucose_F7_2_01d16h00m,high,154,1447,209.5,154,241241,SUM-159-fuse C00,0.1 mM
C00 fuse,0.1,40,SUM-159_C00-IncucyteRawDataLiveDead-varyGlucose_F7_3_01d16h00m,high,286,1297,215.5,286,408878,SUM-159-fuse C00,0.1 mM
C00 fuse,0.1,40,SUM-159_C00-IncucyteRawDataLiveDead-varyGlucose_F7_4_01d16h00m,high,141,1506,219,141,224507,SUM-159-fuse C00,0.1 mM
C00 fuse,0.1,40,SUM-159_C00-IncucyteRawDataLiveDead-varyGlucose_G2_1_01d16h00m,low,281,1607,181,281,495585,SUM-159-fuse C00,0.1 mM
C00 fuse,0.1,40,SUM-159_C00-IncucyteRawDataLiveDead-varyGlucose_G2_2_01d16h00m,low,220,1719.5,185.5,220,412487,SUM-159-fuse C00,0.1 mM
C00 fuse,0.1,40,SUM-159_C00-IncucyteRawDataLiveDead-varyGlucose_G2_3_01d16h00m,low,242,1764,187,242,448417,SUM-159-fuse C00,0.1 mM
C00 fuse,0.1,40,SUM-159_C00-IncucyteRawDataLiveDead-varyGlucose_G2_4_01d16h00m,low,160,1806.5,191,160,317803,SUM-159-fuse C00,0.1 mM
C00 fuse,0.1,40,SUM-159_C00-IncucyteRawDataLiveDead-varyGlucose_G7_1_01d16h00m,high,327,1282,212,327,449647,SUM-159-fuse C00,0.1 mM
C00 fuse,0.1,40,SUM-159_C00-IncucyteRawDataLiveDead-varyGlucose_G7_2_01d16h00m,high,94,1426,219.5,94,146929,SUM-159-fuse C00,0.1 mM
C00 fuse,0.1,40,SUM-159_C00-IncucyteRawDataLiveDead-varyGlucose_G7_3_01d16h00m,high,183,1286,213,183,271042,SUM-159-fuse C00,0.1 mM
C00 fuse,0.1,40,SUM-159_C00-IncucyteRawDataLiveDead-varyGlucose_G7_4_01d16h00m,high,137,1414,230,137,210246,SUM-159-fuse C00,0.1 mM
C00 fuse,0.1,48,SUM-159_C00-IncucyteRawDataLiveDead-varyGlucose_B2_1_02d00h00m,low,181,1615,201,181,338137,SUM-159-fuse C00,0.1 mM
C00 fuse,0.1,48,SUM-159_C00-IncucyteRawDataLiveDead-varyGlucose_B2_2_02d00h00m,low,164,1644.5,191.5,164,278786,SUM-159-fuse C00,0.1 mM
C00 fuse,0.1,48,SUM-159_C00-IncucyteRawDataLiveDead-varyGlucose_B2_3_02d00h00m,low,148,1786,205,148,279414,SUM-159-fuse C00,0.1 mM
C00 fuse,0.1,48,SUM-159_C00-IncucyteRawDataLiveDead-varyGlucose_B2_4_02d00h00m,low,137,1631,204,137,251951,SUM-159-fuse C00,0.1 mM
C00 fuse,0.1,48,SUM-159_C00-IncucyteRawDataLiveDead-varyGlucose_B7_1_02d00h00m,high,94,1038,211.5,94,110212,SUM-159-fuse C00,0.1 mM
C00 fuse,0.1,48,SUM-159_C00-IncucyteRawDataLiveDead-varyGlucose_B7_2_02d00h00m,high,61,1155,199,61,76276,SUM-159-fuse C00,0.1 mM
C00 fuse,0.1,48,SUM-159_C00-IncucyteRawDataLiveDead-varyGlucose_B7_3_02d00h00m,high,55,1136,226,55,71749,SUM-159-fuse C00,0.1 mM
C00 fuse,0.1,48,SUM-159_C00-IncucyteRawDataLiveDead-varyGlucose_B7_4_02d00h00m,high,42,1222,189,42,63765,SUM-159-fuse C00,0.1 mM
C00 fuse,0.1,48,SUM-159_C00-IncucyteRawDataLiveDead-varyGlucose_C2_1_02d00h00m,low,231,1725,196,231,424006,SUM-159-fuse C00,0.1 mM
C00 fuse,0.1,48,SUM-159_C00-IncucyteRawDataLiveDead-varyGlucose_C2_2_02d00h00m,low,182,1767,194,182,339895,SUM-159-fuse C00,0.1 mM
C00 fuse,0.1,48,SUM-159_C00-IncucyteRawDataLiveDead-varyGlucose_C2_3_02d00h00m,low,188,1708,197.5,188,338077,SUM-159-fuse C00,0.1 mM
C00 fuse,0.1,48,SUM-159_C00-IncucyteRawDataLiveDead-varyGlucose_C2_4_02d00h00m,low,168,1676,191,168,316581,SUM-159-fuse C00,0.1 mM
C00 fuse,0.1,48,SUM-159_C00-IncucyteRawDataLiveDead-varyGlucose_C7_1_02d00h00m,high,139,1101,209,139,175668,SUM-159-fuse C00,0.1 mM
C00 fuse,0.1,48,SUM-159_C00-IncucyteRawDataLiveDead-varyGlucose_C7_2_02d00h00m,high,87,1164,194,87,109931,SUM-159-fuse C00,0.1 mM
C00 fuse,0.1,48,SUM-159_C00-IncucyteRawDataLiveDead-varyGlucose_C7_3_02d00h00m,high,131,1084,211,131,163236,SUM-159-fuse C00,0.1 mM
C00 fuse,0.1,48,SUM-159_C00-IncucyteRawDataLiveDead-varyGlucose_C7_4_02d00h00m,high,84,1250.5,229.5,84,115142,SUM-159-fuse C00,0.1 mM
C00 fuse,0.1,48,SUM-159_C00-IncucyteRawDataLiveDead-varyGlucose_D2_1_02d00h00m,low,194,1703,189.5,194,367953,SUM-159-fuse C00,0.1 mM
C00 fuse,0.1,48,SUM-159_C00-IncucyteRawDataLiveDead-varyGlucose_D2_2_02d00h00m,low,158,1781.5,193,158,291591,SUM-159-fuse C00,0.1 mM
C00 fuse,0.1,48,SUM-159_C00-IncucyteRawDataLiveDead-varyGlucose_D2_3_02d00h00m,low,204,1692.5,195,204,361545,SUM-159-fuse C00,0.1 mM
C00 fuse,0.1,48,SUM-159_C00-IncucyteRawDataLiveDead-varyGlucose_D2_4_02d00h00m,low,196,1818.5,204.5,196,387236,SUM-159-fuse C00,0.1 mM
C00 fuse,0.1,48,SUM-159_C00-IncucyteRawDataLiveDead-varyGlucose_D7_1_02d00h00m,high,173,1287,225,173,243424,SUM-159-fuse C00,0.1 mM
C00 fuse,0.1,48,SUM-159_C00-IncucyteRawDataLiveDead-varyGlucose_D7_2_02d00h00m,high,112,1247.5,216.5,112,165819,SUM-159-fuse C00,0.1 mM
C00 fuse,0.1,48,SUM-159_C00-IncucyteRawDataLiveDead-varyGlucose_D7_3_02d00h00m,high,160,1113.5,211,160,203496,SUM-159-fuse C00,0.1 mM
C00 fuse,0.1,48,SUM-159_C00-IncucyteRawDataLiveDead-varyGlucose_D7_4_02d00h00m,high,90,1263,204,90,127049,SUM-159-fuse C00,0.1 mM
C00 fuse,0.1,48,SUM-159_C00-IncucyteRawDataLiveDead-varyGlucose_E2_1_02d00h00m,low,276,1677.5,192,276,500298,SUM-159-fuse C00,0.1 mM
C00 fuse,0.1,48,SUM-159_C00-IncucyteRawDataLiveDead-varyGlucose_E2_2_02d00h00m,low,191,1722,188,191,345855,SUM-159-fuse C00,0.1 mM
C00 fuse,0.1,48,SUM-159_C00-IncucyteRawDataLiveDead-varyGlucose_E2_3_02d00h00m,low,205,1829,201,205,400238,SUM-159-fuse C00,0.1 mM
C00 fuse,0.1,48,SUM-159_C00-IncucyteRawDataLiveDead-varyGlucose_E2_4_02d00h00m,low,172,1715,188,172,320453,SUM-159-fuse C00,0.1 mM
C00 fuse,0.1,48,SUM-159_C00-IncucyteRawDataLiveDead-varyGlucose_E7_1_02d00h00m,high,131,1255,208,131,187016,SUM-159-fuse C00,0.1 mM
C00 fuse,0.1,48,SUM-159_C00-IncucyteRawDataLiveDead-varyGlucose_E7_2_02d00h00m,high,120,1262.5,214.5,120,179944,SUM-159-fuse C00,0.1 mM
C00 fuse,0.1,48,SUM-159_C00-IncucyteRawDataLiveDead-varyGlucose_E7_3_02d00h00m,high,173,1208,216,173,236915,SUM-159-fuse C00,0.1 mM
C00 fuse,0.1,48,SUM-159_C00-IncucyteRawDataLiveDead-varyGlucose_E7_4_02d00h00m,high,90,1282,214.5,90,133888,SUM-159-fuse C00,0.1 mM
C00 fuse,0.1,48,SUM-159_C00-IncucyteRawDataLiveDead-varyGlucose_F2_1_02d00h00m,low,264,1720.5,191,264,465830,SUM-159-fuse C00,0.1 mM
C00 fuse,0.1,48,SUM-159_C00-IncucyteRawDataLiveDead-varyGlucose_F2_2_02d00h00m,low,176,1690,190,176,315879,SUM-159-fuse C00,0.1 mM
C00 fuse,0.1,48,SUM-159_C00-IncucyteRawDataLiveDead-varyGlucose_F2_3_02d00h00m,low,230,1678.5,187,230,421256,SUM-159-fuse C00,0.1 mM
C00 fuse,0.1,48,SUM-159_C00-IncucyteRawDataLiveDead-varyGlucose_F2_4_02d00h00m,low,152,1681,187.5,152,277154,SUM-159-fuse C00,0.1 mM
C00 fuse,0.1,48,SUM-159_C00-IncucyteRawDataLiveDead-varyGlucose_F7_1_02d00h00m,high,157,976,192,157,184491,SUM-159-fuse C00,0.1 mM
C00 fuse,0.1,48,SUM-159_C00-IncucyteRawDataLiveDead-varyGlucose_F7_2_02d00h00m,high,105,1082,201,105,127319,SUM-159-fuse C00,0.1 mM
C00 fuse,0.1,48,SUM-159_C00-IncucyteRawDataLiveDead-varyGlucose_F7_3_02d00h00m,high,197,1132,202,197,250801,SUM-159-fuse C00,0.1 mM
C00 fuse,0.1,48,SUM-159_C00-IncucyteRawDataLiveDead-varyGlucose_F7_4_02d00h00m,high,90,1310,219.5,90,125953,SUM-159-fuse C00,0.1 mM
C00 fuse,0.1,48,SUM-159_C00-IncucyteRawDataLiveDead-varyGlucose_G2_1_02d00h00m,low,239,1544,187,239,403860,SUM-159-fuse C00,0.1 mM
C00 fuse,0.1,48,SUM-159_C00-IncucyteRawDataLiveDead-varyGlucose_G2_2_02d00h00m,low,201,1684,188,201,368405,SUM-159-fuse C00,0.1 mM
C00 fuse,0.1,48,SUM-159_C00-IncucyteRawDataLiveDead-varyGlucose_G2_3_02d00h00m,low,213,1705,189,213,383618,SUM-159-fuse C00,0.1 mM
C00 fuse,0.1,48,SUM-159_C00-IncucyteRawDataLiveDead-varyGlucose_G2_4_02d00h00m,low,140,1793,195.5,140,262143,SUM-159-fuse C00,0.1 mM
C00 fuse,0.1,48,SUM-159_C00-IncucyteRawDataLiveDead-varyGlucose_G7_1_02d00h00m,high,166,917,188.5,166,171615,SUM-159-fuse C00,0.1 mM
C00 fuse,0.1,48,SUM-159_C00-IncucyteRawDataLiveDead-varyGlucose_G7_2_02d00h00m,high,55,1216,209,55,72488,SUM-159-fuse C00,0.1 mM
C00 fuse,0.1,48,SUM-159_C00-IncucyteRawDataLiveDead-varyGlucose_G7_3_02d00h00m,high,91,1173,217,91,113888,SUM-159-fuse C00,0.1 mM
C00 fuse,0.1,48,SUM-159_C00-IncucyteRawDataLiveDead-varyGlucose_G7_4_02d00h00m,high,73,1214,222,73,98704,SUM-159-fuse C00,0.1 mM
C00 fuse,0.5,24,SUM-159_C00-IncucyteRawDataLiveDead-varyGlucose_B3_1_01d00h00m,low,321,1865,215,321,648596,SUM-159-fuse C00,0.5 mM
C00 fuse,0.5,24,SUM-159_C00-IncucyteRawDataLiveDead-varyGlucose_B3_2_01d00h00m,low,246,1862,204.5,246,495002,SUM-159-fuse C00,0.5 mM
C00 fuse,0.5,24,SUM-159_C00-IncucyteRawDataLiveDead-varyGlucose_B3_3_01d00h00m,low,233,1883,204,233,478511,SUM-159-fuse C00,0.5 mM
C00 fuse,0.5,24,SUM-159_C00-IncucyteRawDataLiveDead-varyGlucose_B3_4_01d00h00m,low,223,1881,204,223,447364,SUM-159-fuse C00,0.5 mM
C00 fuse,0.5,24,SUM-159_C00-IncucyteRawDataLiveDead-varyGlucose_B8_1_01d00h00m,high,336,1586.5,219,336,560402,SUM-159-fuse C00,0.5 mM
C00 fuse,0.5,24,SUM-159_C00-IncucyteRawDataLiveDead-varyGlucose_B8_2_01d00h00m,high,297,1568,211,297,477467,SUM-159-fuse C00,0.5 mM
C00 fuse,0.5,24,SUM-159_C00-IncucyteRawDataLiveDead-varyGlucose_B8_3_01d00h00m,high,190,1804.5,228,190,358106,SUM-159-fuse C00,0.5 mM
C00 fuse,0.5,24,SUM-159_C00-IncucyteRawDataLiveDead-varyGlucose_B8_4_01d00h00m,high,182,1670,225,182,330320,SUM-159-fuse C00,0.5 mM
C00 fuse,0.5,24,SUM-159_C00-IncucyteRawDataLiveDead-varyGlucose_C3_1_01d00h00m,low,310,1745.5,196,310,573756,SUM-159-fuse C00,0.5 mM
C00 fuse,0.5,24,SUM-159_C00-IncucyteRawDataLiveDead-varyGlucose_C3_2_01d00h00m,low,262,1859.5,203,262,507669,SUM-159-fuse C00,0.5 mM
C00 fuse,0.5,24,SUM-159_C00-IncucyteRawDataLiveDead-varyGlucose_C3_3_01d00h00m,low,247,1837,198,247,475237,SUM-159-fuse C00,0.5 mM
C00 fuse,0.5,24,SUM-159_C00-IncucyteRawDataLiveDead-varyGlucose_C3_4_01d00h00m,low,178,1716,189.5,178,342833,SUM-159-fuse C00,0.5 mM
C00 fuse,0.5,24,SUM-159_C00-IncucyteRawDataLiveDead-varyGlucose_C8_1_01d00h00m,high,310,1535.5,222,310,499021,SUM-159-fuse C00,0.5 mM
C00 fuse,0.5,24,SUM-159_C00-IncucyteRawDataLiveDead-varyGlucose_C8_2_01d00h00m,high,298,1575,217.5,298,490029,SUM-159-fuse C00,0.5 mM
C00 fuse,0.5,24,SUM-159_C00-IncucyteRawDataLiveDead-varyGlucose_C8_3_01d00h00m,high,274,1549,223.5,274,457133,SUM-159-fuse C00,0.5 mM
C00 fuse,0.5,24,SUM-159_C00-IncucyteRawDataLiveDead-varyGlucose_C8_4_01d00h00m,high,230,1536.5,204,230,377975,SUM-159-fuse C00,0.5 mM
C00 fuse,0.5,24,SUM-159_C00-IncucyteRawDataLiveDead-varyGlucose_D3_1_01d00h00m,low,244,1926.5,201,244,487792,SUM-159-fuse C00,0.5 mM
C00 fuse,0.5,24,SUM-159_C00-IncucyteRawDataLiveDead-varyGlucose_D3_2_01d00h00m,low,268,1915.5,197.5,268,538453,SUM-159-fuse C00,0.5 mM
C00 fuse,0.5,24,SUM-159_C00-IncucyteRawDataLiveDead-varyGlucose_D3_3_01d00h00m,low,255,1866,200,255,514973,SUM-159-fuse C00,0.5 mM
C00 fuse,0.5,24,SUM-159_C00-IncucyteRawDataLiveDead-varyGlucose_D3_4_01d00h00m,low,266,1813,199,266,518765,SUM-159-fuse C00,0.5 mM
C00 fuse,0.5,24,SUM-159_C00-IncucyteRawDataLiveDead-varyGlucose_D8_1_01d00h00m,high,277,1667,221,277,483734,SUM-159-fuse C00,0.5 mM
C00 fuse,0.5,24,SUM-159_C00-IncucyteRawDataLiveDead-varyGlucose_D8_2_01d00h00m,high,311,1676,226,311,534055,SUM-159-fuse C00,0.5 mM
C00 fuse,0.5,24,SUM-159_C00-IncucyteRawDataLiveDead-varyGlucose_D8_3_01d00h00m,high,212,1703.5,217,212,371368,SUM-159-fuse C00,0.5 mM
C00 fuse,0.5,24,SUM-159_C00-IncucyteRawDataLiveDead-varyGlucose_D8_4_01d00h00m,high,253,1578,216,253,423707,SUM-159-fuse C00,0.5 mM
C00 fuse,0.5,24,SUM-159_C00-IncucyteRawDataLiveDead-varyGlucose_E3_1_01d00h00m,low,278,1857.5,202,278,525493,SUM-159-fuse C00,0.5 mM
C00 fuse,0.5,24,SUM-159_C00-IncucyteRawDataLiveDead-varyGlucose_E3_2_01d00h00m,low,264,1823.5,196.5,264,511400,SUM-159-fuse C00,0.5 mM
C00 fuse,0.5,24,SUM-159_C00-IncucyteRawDataLiveDead-varyGlucose_E3_3_01d00h00m,low,287,1858,204,287,562604,SUM-159-fuse C00,0.5 mM
C00 fuse,0.5,24,SUM-159_C00-IncucyteRawDataLiveDead-varyGlucose_E3_4_01d00h00m,low,244,1933.5,202.5,244,511040,SUM-159-fuse C00,0.5 mM
C00 fuse,0.5,24,SUM-159_C00-IncucyteRawDataLiveDead-varyGlucose_E8_1_01d00h00m,high,342,1516.5,219,342,546846,SUM-159-fuse C00,0.5 mM
C00 fuse,0.5,24,SUM-159_C00-IncucyteRawDataLiveDead-varyGlucose_E8_2_01d00h00m,high,282,1663,227,282,494934,SUM-159-fuse C00,0.5 mM
C00 fuse,0.5,24,SUM-159_C00-IncucyteRawDataLiveDead-varyGlucose_E8_3_01d00h00m,high,218,1517,211.5,218,355229,SUM-159-fuse C00,0.5 mM
C00 fuse,0.5,24,SUM-159_C00-IncucyteRawDataLiveDead-varyGlucose_E8_4_01d00h00m,high,251,1654,220,251,438326,SUM-159-fuse C00,0.5 mM
C00 fuse,0.5,24,SUM-159_C00-IncucyteRawDataLiveDead-varyGlucose_F3_1_01d00h00m,low,256,1905.5,202.5,256,505975,SUM-159-fuse C00,0.5 mM
C00 fuse,0.5,24,SUM-159_C00-IncucyteRawDataLiveDead-varyGlucose_F3_2_01d00h00m,low,237,1863,199,237,458209,SUM-159-fuse C00,0.5 mM
C00 fuse,0.5,24,SUM-159_C00-IncucyteRawDataLiveDead-varyGlucose_F3_3_01d00h00m,low,252,1909,202.5,252,511905,SUM-159-fuse C00,0.5 mM
C00 fuse,0.5,24,SUM-159_C00-IncucyteRawDataLiveDead-varyGlucose_F3_4_01d00h00m,low,242,1769,196.5,242,459292,SUM-159-fuse C00,0.5 mM
C00 fuse,0.5,24,SUM-159_C00-IncucyteRawDataLiveDead-varyGlucose_F8_1_01d00h00m,high,310,1663.5,219,310,544268,SUM-159-fuse C00,0.5 mM
C00 fuse,0.5,24,SUM-159_C00-IncucyteRawDataLiveDead-varyGlucose_F8_2_01d00h00m,high,285,1517,206,285,451885,SUM-159-fuse C00,0.5 mM
C00 fuse,0.5,24,SUM-159_C00-IncucyteRawDataLiveDead-varyGlucose_F8_3_01d00h00m,high,282,1633,216.5,282,485854,SUM-159-fuse C00,0.5 mM
C00 fuse,0.5,24,SUM-159_C00-IncucyteRawDataLiveDead-varyGlucose_F8_4_01d00h00m,high,253,1694,224,253,444019,SUM-159-fuse C00,0.5 mM
C00 fuse,0.5,24,SUM-159_C00-IncucyteRawDataLiveDead-varyGlucose_G3_1_01d00h00m,low,233,1870,196,233,467040,SUM-159-fuse C00,0.5 mM
C00 fuse,0.5,24,SUM-159_C00-IncucyteRawDataLiveDead-varyGlucose_G3_2_01d00h00m,low,171,1886,200,171,341814,SUM-159-fuse C00,0.5 mM
C00 fuse,0.5,24,SUM-159_C00-IncucyteRawDataLiveDead-varyGlucose_G3_3_01d00h00m,low,285,1869,199,285,546657,SUM-159-fuse C00,0.5 mM
C00 fuse,0.5,24,SUM-159_C00-IncucyteRawDataLiveDead-varyGlucose_G3_4_01d00h00m,low,238,1883.5,205.5,238,494718,SUM-159-fuse C00,0.5 mM
C00 fuse,0.5,24,SUM-159_C00-IncucyteRawDataLiveDead-varyGlucose_G8_1_01d00h00m,high,278,1651,224.5,278,490864,SUM-159-fuse C00,0.5 mM
C00 fuse,0.5,24,SUM-159_C00-IncucyteRawDataLiveDead-varyGlucose_G8_2_01d00h00m,high,230,1609.5,212,230,397978,SUM-159-fuse C00,0.5 mM
C00 fuse,0.5,24,SUM-159_C00-IncucyteRawDataLiveDead-varyGlucose_G8_3_01d00h00m,high,283,1623,217,283,482887,SUM-159-fuse C00,0.5 mM
C00 fuse,0.5,24,SUM-159_C00-IncucyteRawDataLiveDead-varyGlucose_G8_4_01d00h00m,high,266,1554.5,213,266,435287,SUM-159-fuse C00,0.5 mM
C00 fuse,0.5,32,SUM-159_C00-IncucyteRawDataLiveDead-varyGlucose_B3_1_01d08h00m,low,360,2037,226,360,778611,SUM-159-fuse C00,0.5 mM
C00 fuse,0.5,32,SUM-159_C00-IncucyteRawDataLiveDead-varyGlucose_B3_2_01d08h00m,low,269,2147,223,269,609248,SUM-159-fuse C00,0.5 mM
C00 fuse,0.5,32,SUM-159_C00-IncucyteRawDataLiveDead-varyGlucose_B3_3_01d08h00m,low,251,2152,230,251,580500,SUM-159-fuse C00,0.5 mM
C00 fuse,0.5,32,SUM-159_C00-IncucyteRawDataLiveDead-varyGlucose_B3_4_01d08h00m,low,241,2275,224,241,553245,SUM-159-fuse C00,0.5 mM
C00 fuse,0.5,32,SUM-159_C00-IncucyteRawDataLiveDead-varyGlucose_B8_1_01d08h00m,high,419,1365,220,419,630365,SUM-159-fuse C00,0.5 mM
C00 fuse,0.5,32,SUM-159_C00-IncucyteRawDataLiveDead-varyGlucose_B8_2_01d08h00m,high,360,1452,220,360,559260,SUM-159-fuse C00,0.5 mM
C00 fuse,0.5,32,SUM-159_C00-IncucyteRawDataLiveDead-varyGlucose_B8_3_01d08h00m,high,209,1574,237,209,380556,SUM-159-fuse C00,0.5 mM
C00 fuse,0.5,32,SUM-159_C00-IncucyteRawDataLiveDead-varyGlucose_B8_4_01d08h00m,high,199,1749,232,199,364223,SUM-159-fuse C00,0.5 mM
C00 fuse,0.5,32,SUM-159_C00-IncucyteRawDataLiveDead-varyGlucose_C3_1_01d08h00m,low,337,1935,216,337,698604,SUM-159-fuse C00,0.5 mM
C00 fuse,0.5,32,SUM-159_C00-IncucyteRawDataLiveDead-varyGlucose_C3_2_01d08h00m,low,305,1922,212,305,644950,SUM-159-fuse C00,0.5 mM
C00 fuse,0.5,32,SUM-159_C00-IncucyteRawDataLiveDead-varyGlucose_C3_3_01d08h00m,low,265,2087,229,265,592935,SUM-159-fuse C00,0.5 mM
C00 fuse,0.5,32,SUM-159_C00-IncucyteRawDataLiveDead-varyGlucose_C3_4_01d08h00m,low,199,2019,209,199,432518,SUM-159-fuse C00,0.5 mM
C00 fuse,0.5,32,SUM-159_C00-IncucyteRawDataLiveDead-varyGlucose_C8_1_01d08h00m,high,378,1424,216,378,574723,SUM-159-fuse C00,0.5 mM
C00 fuse,0.5,32,SUM-159_C00-IncucyteRawDataLiveDead-varyGlucose_C8_2_01d08h00m,high,365,1410,225,365,556730,SUM-159-fuse C00,0.5 mM
C00 fuse,0.5,32,SUM-159_C00-IncucyteRawDataLiveDead-varyGlucose_C8_3_01d08h00m,high,322,1479,226.5,322,533898,SUM-159-fuse C00,0.5 mM
C00 fuse,0.5,32,SUM-159_C00-IncucyteRawDataLiveDead-varyGlucose_C8_4_01d08h00m,high,273,1370,210,273,416639,SUM-159-fuse C00,0.5 mM
C00 fuse,0.5,32,SUM-159_C00-IncucyteRawDataLiveDead-varyGlucose_D3_1_01d08h00m,low,285,2108,218,285,613147,SUM-159-fuse C00,0.5 mM
C00 fuse,0.5,32,SUM-159_C00-IncucyteRawDataLiveDead-varyGlucose_D3_2_01d08h00m,low,294,2011.5,212,294,643724,SUM-159-fuse C00,0.5 mM
C00 fuse,0.5,32,SUM-159_C00-IncucyteRawDataLiveDead-varyGlucose_D3_3_01d08h00m,low,278,2029,224,278,619174,SUM-159-fuse C00,0.5 mM
C00 fuse,0.5,32,SUM-159_C00-IncucyteRawDataLiveDead-varyGlucose_D3_4_01d08h00m,low,304,2024,214,304,642132,SUM-159-fuse C00,0.5 mM
C00 fuse,0.5,32,SUM-159_C00-IncucyteRawDataLiveDead-varyGlucose_D8_1_01d08h00m,high,350,1475,223.5,350,568103,SUM-159-fuse C00,0.5 mM
C00 fuse,0.5,32,SUM-159_C00-IncucyteRawDataLiveDead-varyGlucose_D8_2_01d08h00m,high,387,1440,224,387,588870,SUM-159-fuse C00,0.5 mM
C00 fuse,0.5,32,SUM-159_C00-IncucyteRawDataLiveDead-varyGlucose_D8_3_01d08h00m,high,258,1509,230,258,437235,SUM-159-fuse C00,0.5 mM
C00 fuse,0.5,32,SUM-159_C00-IncucyteRawDataLiveDead-varyGlucose_D8_4_01d08h00m,high,288,1494.5,218.5,288,458775,SUM-159-fuse C00,0.5 mM
C00 fuse,0.5,32,SUM-159_C00-IncucyteRawDataLiveDead-varyGlucose_E3_1_01d08h00m,low,302,2079.5,221,302,659827,SUM-159-fuse C00,0.5 mM
C00 fuse,0.5,32,SUM-159_C00-IncucyteRawDataLiveDead-varyGlucose_E3_2_01d08h00m,low,284,2102,224,284,637448,SUM-159-fuse C00,0.5 mM
C00 fuse,0.5,32,SUM-159_C00-IncucyteRawDataLiveDead-varyGlucose_E3_3_01d08h00m,low,321,2065,217,321,671597,SUM-159-fuse C00,0.5 mM
C00 fuse,0.5,32,SUM-159_C00-IncucyteRawDataLiveDead-varyGlucose_E3_4_01d08h00m,low,275,2191,225,275,648327,SUM-159-fuse C00,0.5 mM
C00 fuse,0.5,32,SUM-159_C00-IncucyteRawDataLiveDead-varyGlucose_E8_1_01d08h00m,high,421,1405,223,421,648400,SUM-159-fuse C00,0.5 mM
C00 fuse,0.5,32,SUM-159_C00-IncucyteRawDataLiveDead-varyGlucose_E8_2_01d08h00m,high,343,1478,229,343,553750,SUM-159-fuse C00,0.5 mM
C00 fuse,0.5,32,SUM-159_C00-IncucyteRawDataLiveDead-varyGlucose_E8_3_01d08h00m,high,258,1546.5,230,258,434477,SUM-159-fuse C00,0.5 mM
C00 fuse,0.5,32,SUM-159_C00-IncucyteRawDataLiveDead-varyGlucose_E8_4_01d08h00m,high,312,1545,225,312,526282,SUM-159-fuse C00,0.5 mM
C00 fuse,0.5,32,SUM-159_C00-IncucyteRawDataLiveDead-varyGlucose_F3_1_01d08h00m,low,287,2080,218,287,637886,SUM-159-fuse C00,0.5 mM
C00 fuse,0.5,32,SUM-159_C00-IncucyteRawDataLiveDead-varyGlucose_F3_2_01d08h00m,low,267,2107,218,267,578100,SUM-159-fuse C00,0.5 mM
C00 fuse,0.5,32,SUM-159_C00-IncucyteRawDataLiveDead-varyGlucose_F3_3_01d08h00m,low,288,2164,217,288,645016,SUM-159-fuse C00,0.5 mM
C00 fuse,0.5,32,SUM-159_C00-IncucyteRawDataLiveDead-varyGlucose_F3_4_01d08h00m,low,271,2018,214,271,584348,SUM-159-fuse C00,0.5 mM
C00 fuse,0.5,32,SUM-159_C00-IncucyteRawDataLiveDead-varyGlucose_F8_1_01d08h00m,high,385,1481,228,385,617864,SUM-159-fuse C00,0.5 mM
C00 fuse,0.5,32,SUM-159_C00-IncucyteRawDataLiveDead-varyGlucose_F8_2_01d08h00m,high,334,1369,217,334,512585,SUM-159-fuse C00,0.5 mM
C00 fuse,0.5,32,SUM-159_C00-IncucyteRawDataLiveDead-varyGlucose_F8_3_01d08h00m,high,346,1502.5,219.5,346,542654,SUM-159-fuse C00,0.5 mM
C00 fuse,0.5,32,SUM-159_C00-IncucyteRawDataLiveDead-varyGlucose_F8_4_01d08h00m,high,310,1531.5,222,310,505122,SUM-159-fuse C00,0.5 mM
C00 fuse,0.5,32,SUM-159_C00-IncucyteRawDataLiveDead-varyGlucose_G3_1_01d08h00m,low,256,2024,215,256,566467,SUM-159-fuse C00,0.5 mM
C00 fuse,0.5,32,SUM-159_C00-IncucyteRawDataLiveDead-varyGlucose_G3_2_01d08h00m,low,191,2149,216,191,432337,SUM-159-fuse C00,0.5 mM
C00 fuse,0.5,32,SUM-159_C00-IncucyteRawDataLiveDead-varyGlucose_G3_3_01d08h00m,low,317,2048,220,317,667957,SUM-159-fuse C00,0.5 mM
C00 fuse,0.5,32,SUM-159_C00-IncucyteRawDataLiveDead-varyGlucose_G3_4_01d08h00m,low,263,2181,224,263,608410,SUM-159-fuse C00,0.5 mM
C00 fuse,0.5,32,SUM-159_C00-IncucyteRawDataLiveDead-varyGlucose_G8_1_01d08h00m,high,335,1521,222,335,550226,SUM-159-fuse C00,0.5 mM
C00 fuse,0.5,32,SUM-159_C00-IncucyteRawDataLiveDead-varyGlucose_G8_2_01d08h00m,high,290,1428.5,215,290,445333,SUM-159-fuse C00,0.5 mM
C00 fuse,0.5,32,SUM-159_C00-IncucyteRawDataLiveDead-varyGlucose_G8_3_01d08h00m,high,345,1444,223,345,531501,SUM-159-fuse C00,0.5 mM
C00 fuse,0.5,32,SUM-159_C00-IncucyteRawDataLiveDead-varyGlucose_G8_4_01d08h00m,high,324,1436,218,324,496513,SUM-159-fuse C00,0.5 mM
C00 fuse,0.5,40,SUM-159_C00-IncucyteRawDataLiveDead-varyGlucose_B3_1_01d16h00m,low,380,2071.5,231,380,848808,SUM-159-fuse C00,0.5 mM
C00 fuse,0.5,40,SUM-159_C00-IncucyteRawDataLiveDead-varyGlucose_B3_2_01d16h00m,low,291,2167,231,291,671204,SUM-159-fuse C00,0.5 mM
C00 fuse,0.5,40,SUM-159_C00-IncucyteRawDataLiveDead-varyGlucose_B3_3_01d16h00m,low,276,2146,239,276,625339,SUM-159-fuse C00,0.5 mM
C00 fuse,0.5,40,SUM-159_C00-IncucyteRawDataLiveDead-varyGlucose_B3_4_01d16h00m,low,258,2229,234.5,258,605823,SUM-159-fuse C00,0.5 mM
C00 fuse,0.5,40,SUM-159_C00-IncucyteRawDataLiveDead-varyGlucose_B8_1_01d16h00m,high,443,1251,219,443,618138,SUM-159-fuse C00,0.5 mM
C00 fuse,0.5,40,SUM-159_C00-IncucyteRawDataLiveDead-varyGlucose_B8_2_01d16h00m,high,404,1241,224,404,563945,SUM-159-fuse C00,0.5 mM
C00 fuse,0.5,40,SUM-159_C00-IncucyteRawDataLiveDead-varyGlucose_B8_3_01d16h00m,high,223,1564,235,223,389149,SUM-159-fuse C00,0.5 mM
C00 fuse,0.5,40,SUM-159_C00-IncucyteRawDataLiveDead-varyGlucose_B8_4_01d16h00m,high,206,1602.5,236,206,372043,SUM-159-fuse C00,0.5 mM
C00 fuse,0.5,40,SUM-159_C00-IncucyteRawDataLiveDead-varyGlucose_C3_1_01d16h00m,low,352,2019,227.5,352,783148,SUM-159-fuse C00,0.5 mM
C00 fuse,0.5,40,SUM-159_C00-IncucyteRawDataLiveDead-varyGlucose_C3_2_01d16h00m,low,331,2027,226,331,729279,SUM-159-fuse C00,0.5 mM
C00 fuse,0.5,40,SUM-159_C00-IncucyteRawDataLiveDead-varyGlucose_C3_3_01d16h00m,low,295,2120,236,295,669719,SUM-159-fuse C00,0.5 mM
C00 fuse,0.5,40,SUM-159_C00-IncucyteRawDataLiveDead-varyGlucose_C3_4_01d16h00m,low,211,2202,224,211,500271,SUM-159-fuse C00,0.5 mM
C00 fuse,0.5,40,SUM-159_C00-IncucyteRawDataLiveDead-varyGlucose_C8_1_01d16h00m,high,414,1320.5,217,414,581954,SUM-159-fuse C00,0.5 mM
C00 fuse,0.5,40,SUM-159_C00-IncucyteRawDataLiveDead-varyGlucose_C8_2_01d16h00m,high,383,1281,221,383,554644,SUM-159-fuse C00,0.5 mM
C00 fuse,0.5,40,SUM-159_C00-IncucyteRawDataLiveDead-varyGlucose_C8_3_01d16h00m,high,352,1263,226.5,352,510842,SUM-159-fuse C00,0.5 mM
C00 fuse,0.5,40,SUM-159_C00-IncucyteRawDataLiveDead-varyGlucose_C8_4_01d16h00m,high,287,1302,209,287,416300,SUM-159-fuse C00,0.5 mM
C00 fuse,0.5,40,SUM-159_C00-IncucyteRawDataLiveDead-varyGlucose_D3_1_01d16h00m,low,328,1935.5,221,328,683349,SUM-159-fuse C00,0.5 mM
C00 fuse,0.5,40,SUM-159_C00-IncucyteRawDataLiveDead-varyGlucose_D3_2_01d16h00m,low,327,2037,217,327,719948,SUM-159-fuse C00,0.5 mM
C00 fuse,0.5,40,SUM-159_C00-IncucyteRawDataLiveDead-varyGlucose_D3_3_01d16h00m,low,308,2012.5,227.5,308,684888,SUM-159-fuse C00,0.5 mM
C00 fuse,0.5,40,SUM-159_C00-IncucyteRawDataLiveDead-varyGlucose_D3_4_01d16h00m,low,329,2080,223,329,717099,SUM-159-fuse C00,0.5 mM
C00 fuse,0.5,40,SUM-159_C00-IncucyteRawDataLiveDead-varyGlucose_D8_1_01d16h00m,high,380,1349,223,380,565484,SUM-159-fuse C00,0.5 mM
C00 fuse,0.5,40,SUM-159_C00-IncucyteRawDataLiveDead-varyGlucose_D8_2_01d16h00m,high,416,1219,217,416,572400,SUM-159-fuse C00,0.5 mM
C00 fuse,0.5,40,SUM-159_C00-IncucyteRawDataLiveDead-varyGlucose_D8_3_01d16h00m,high,290,1377.5,221.5,290,443236,SUM-159-fuse C00,0.5 mM
C00 fuse,0.5,40,SUM-159_C00-IncucyteRawDataLiveDead-varyGlucose_D8_4_01d16h00m,high,316,1237.5,217,316,455427,SUM-159-fuse C00,0.5 mM
C00 fuse,0.5,40,SUM-159_C00-IncucyteRawDataLiveDead-varyGlucose_E3_1_01d16h00m,low,344,1996,224.5,344,739520,SUM-159-fuse C00,0.5 mM
C00 fuse,0.5,40,SUM-159_C00-IncucyteRawDataLiveDead-varyGlucose_E3_2_01d16h00m,low,310,2132,224,310,711489,SUM-159-fuse C00,0.5 mM
C00 fuse,0.5,40,SUM-159_C00-IncucyteRawDataLiveDead-varyGlucose_E3_3_01d16h00m,low,356,2007.5,227,356,760677,SUM-159-fuse C00,0.5 mM
C00 fuse,0.5,40,SUM-159_C00-IncucyteRawDataLiveDead-varyGlucose_E3_4_01d16h00m,low,302,2186.5,234,302,719416,SUM-159-fuse C00,0.5 mM
C00 fuse,0.5,40,SUM-159_C00-IncucyteRawDataLiveDead-varyGlucose_E8_1_01d16h00m,high,463,1214,220,463,650541,SUM-159-fuse C00,0.5 mM
C00 fuse,0.5,40,SUM-159_C00-IncucyteRawDataLiveDead-varyGlucose_E8_2_01d16h00m,high,379,1303,222,379,554054,SUM-159-fuse C00,0.5 mM
C00 fuse,0.5,40,SUM-159_C00-IncucyteRawDataLiveDead-varyGlucose_E8_3_01d16h00m,high,280,1392,229,280,442782,SUM-159-fuse C00,0.5 mM
C00 fuse,0.5,40,SUM-159_C00-IncucyteRawDataLiveDead-varyGlucose_E8_4_01d16h00m,high,333,1423,225,333,532368,SUM-159-fuse C00,0.5 mM
C00 fuse,0.5,40,SUM-159_C00-IncucyteRawDataLiveDead-varyGlucose_F3_1_01d16h00m,low,309,2136,224,309,695891,SUM-159-fuse C00,0.5 mM
C00 fuse,0.5,40,SUM-159_C00-IncucyteRawDataLiveDead-varyGlucose_F3_2_01d16h00m,low,295,2116,235,295,663567,SUM-159-fuse C00,0.5 mM
C00 fuse,0.5,40,SUM-159_C00-IncucyteRawDataLiveDead-varyGlucose_F3_3_01d16h00m,low,316,2138,231,316,718945,SUM-159-fuse C00,0.5 mM
C00 fuse,0.5,40,SUM-159_C00-IncucyteRawDataLiveDead-varyGlucose_F3_4_01d16h00m,low,279,2209,224,279,634957,SUM-159-fuse C00,0.5 mM
C00 fuse,0.5,40,SUM-159_C00-IncucyteRawDataLiveDead-varyGlucose_F8_1_01d16h00m,high,402,1344.5,227,402,601948,SUM-159-fuse C00,0.5 mM
C00 fuse,0.5,40,SUM-159_C00-IncucyteRawDataLiveDead-varyGlucose_F8_2_01d16h00m,high,385,1174,206,385,509936,SUM-159-fuse C00,0.5 mM
C00 fuse,0.5,40,SUM-159_C00-IncucyteRawDataLiveDead-varyGlucose_F8_3_01d16h00m,high,378,1293.5,218,378,548135,SUM-159-fuse C00,0.5 mM
C00 fuse,0.5,40,SUM-159_C00-IncucyteRawDataLiveDead-varyGlucose_F8_4_01d16h00m,high,331,1386,220,331,502160,SUM-159-fuse C00,0.5 mM
C00 fuse,0.5,40,SUM-159_C00-IncucyteRawDataLiveDead-varyGlucose_G3_1_01d16h00m,low,288,1948,220.5,288,639192,SUM-159-fuse C00,0.5 mM
C00 fuse,0.5,40,SUM-159_C00-IncucyteRawDataLiveDead-varyGlucose_G3_2_01d16h00m,low,211,2227,236,211,490299,SUM-159-fuse C00,0.5 mM
C00 fuse,0.5,40,SUM-159_C00-IncucyteRawDataLiveDead-varyGlucose_G3_3_01d16h00m,low,360,2048.5,224,360,766283,SUM-159-fuse C00,0.5 mM
C00 fuse,0.5,40,SUM-159_C00-IncucyteRawDataLiveDead-varyGlucose_G3_4_01d16h00m,low,280,2242,227.5,280,667466,SUM-159-fuse C00,0.5 mM
C00 fuse,0.5,40,SUM-159_C00-IncucyteRawDataLiveDead-varyGlucose_G8_1_01d16h00m,high,364,1314,221.5,364,540482,SUM-159-fuse C00,0.5 mM
C00 fuse,0.5,40,SUM-159_C00-IncucyteRawDataLiveDead-varyGlucose_G8_2_01d16h00m,high,297,1258,222,297,423691,SUM-159-fuse C00,0.5 mM
C00 fuse,0.5,40,SUM-159_C00-IncucyteRawDataLiveDead-varyGlucose_G8_3_01d16h00m,high,357,1340,220,357,527923,SUM-159-fuse C00,0.5 mM
C00 fuse,0.5,40,SUM-159_C00-IncucyteRawDataLiveDead-varyGlucose_G8_4_01d16h00m,high,330,1427,233,330,504115,SUM-159-fuse C00,0.5 mM
C00 fuse,0.5,48,SUM-159_C00-IncucyteRawDataLiveDead-varyGlucose_B3_1_02d00h00m,low,394,1920,231,394,848847,SUM-159-fuse C00,0.5 mM
C00 fuse,0.5,48,SUM-159_C00-IncucyteRawDataLiveDead-varyGlucose_B3_2_02d00h00m,low,303,2196,238,303,687900,SUM-159-fuse C00,0.5 mM
C00 fuse,0.5,48,SUM-159_C00-IncucyteRawDataLiveDead-varyGlucose_B3_3_02d00h00m,low,283,2095,239,283,627654,SUM-159-fuse C00,0.5 mM
C00 fuse,0.5,48,SUM-159_C00-IncucyteRawDataLiveDead-varyGlucose_B3_4_02d00h00m,low,262,2244.5,245.5,262,609743,SUM-159-fuse C00,0.5 mM
C00 fuse,0.5,48,SUM-159_C00-IncucyteRawDataLiveDead-varyGlucose_B8_1_02d00h00m,high,354,1231.5,229.5,354,489665,SUM-159-fuse C00,0.5 mM
C00 fuse,0.5,48,SUM-159_C00-IncucyteRawDataLiveDead-varyGlucose_B8_2_02d00h00m,high,356,1262,229,356,511914,SUM-159-fuse C00,0.5 mM
C00 fuse,0.5,48,SUM-159_C00-IncucyteRawDataLiveDead-varyGlucose_B8_3_02d00h00m,high,182,1433.5,244.5,182,300374,SUM-159-fuse C00,0.5 mM
C00 fuse,0.5,48,SUM-159_C00-IncucyteRawDataLiveDead-varyGlucose_B8_4_02d00h00m,high,175,1511,248,175,301888,SUM-159-fuse C00,0.5 mM
C00 fuse,0.5,48,SUM-159_C00-IncucyteRawDataLiveDead-varyGlucose_C3_1_02d00h00m,low,377,1977,231,377,811001,SUM-159-fuse C00,0.5 mM
C00 fuse,0.5,48,SUM-159_C00-IncucyteRawDataLiveDead-varyGlucose_C3_2_02d00h00m,low,323,2031,235,323,712083,SUM-159-fuse C00,0.5 mM
C00 fuse,0.5,48,SUM-159_C00-IncucyteRawDataLiveDead-varyGlucose_C3_3_02d00h00m,low,289,2140,236,289,665885,SUM-159-fuse C00,0.5 mM
C00 fuse,0.5,48,SUM-159_C00-IncucyteRawDataLiveDead-varyGlucose_C3_4_02d00h00m,low,205,2118,227,205,484463,SUM-159-fuse C00,0.5 mM
C00 fuse,0.5,48,SUM-159_C00-IncucyteRawDataLiveDead-varyGlucose_C8_1_02d00h00m,high,385,1294,221,385,547885,SUM-159-fuse C00,0.5 mM
C00 fuse,0.5,48,SUM-159_C00-IncucyteRawDataLiveDead-varyGlucose_C8_2_02d00h00m,high,354,1261.5,223.5,354,495957,SUM-159-fuse C00,0.5 mM
C00 fuse,0.5,48,SUM-159_C00-IncucyteRawDataLiveDead-varyGlucose_C8_3_02d00h00m,high,349,1207,226,349,479787,SUM-159-fuse C00,0.5 mM
C00 fuse,0.5,48,SUM-159_C00-IncucyteRawDataLiveDead-varyGlucose_C8_4_02d00h00m,high,278,1243,204,278,383447,SUM-159-fuse C00,0.5 mM
C00 fuse,0.5,48,SUM-159_C00-IncucyteRawDataLiveDead-varyGlucose_D3_1_02d00h00m,low,333,1984,222,333,696753,SUM-159-fuse C00,0.5 mM
C00 fuse,0.5,48,SUM-159_C00-IncucyteRawDataLiveDead-varyGlucose_D3_2_02d00h00m,low,349,1900,223,349,721842,SUM-159-fuse C00,0.5 mM
C00 fuse,0.5,48,SUM-159_C00-IncucyteRawDataLiveDead-varyGlucose_D3_3_02d00h00m,low,314,2010.5,229.5,314,690131,SUM-159-fuse C00,0.5 mM
C00 fuse,0.5,48,SUM-159_C00-IncucyteRawDataLiveDead-varyGlucose_D3_4_02d00h00m,low,337,2029,230,337,730643,SUM-159-fuse C00,0.5 mM
C00 fuse,0.5,48,SUM-159_C00-IncucyteRawDataLiveDead-varyGlucose_D8_1_02d00h00m,high,368,1324,223,368,553854,SUM-159-fuse C00,0.5 mM
C00 fuse,0.5,48,SUM-159_C00-IncucyteRawDataLiveDead-varyGlucose_D8_2_02d00h00m,high,393,1261,210,393,558246,SUM-159-fuse C00,0.5 mM
C00 fuse,0.5,48,SUM-159_C00-IncucyteRawDataLiveDead-varyGlucose_D8_3_02d00h00m,high,271,1225,214,271,379063,SUM-159-fuse C00,0.5 mM
C00 fuse,0.5,48,SUM-159_C00-IncucyteRawDataLiveDead-varyGlucose_D8_4_02d00h00m,high,310,1218.5,209,310,429347,SUM-159-fuse C00,0.5 mM
C00 fuse,0.5,48,SUM-159_C00-IncucyteRawDataLiveDead-varyGlucose_E3_1_02d00h00m,low,350,1986.5,230.5,350,758715,SUM-159-fuse C00,0.5 mM
C00 fuse,0.5,48,SUM-159_C00-IncucyteRawDataLiveDead-varyGlucose_E3_2_02d00h00m,low,306,2057.5,232,306,706199,SUM-159-fuse C00,0.5 mM
C00 fuse,0.5,48,SUM-159_C00-IncucyteRawDataLiveDead-varyGlucose_E3_3_02d00h00m,low,358,1956,229.5,358,758002,SUM-159-fuse C00,0.5 mM
C00 fuse,0.5,48,SUM-159_C00-IncucyteRawDataLiveDead-varyGlucose_E3_4_02d00h00m,low,309,2013,228,309,700141,SUM-159-fuse C00,0.5 mM
C00 fuse,0.5,48,SUM-159_C00-IncucyteRawDataLiveDead-varyGlucose_E8_1_02d00h00m,high,455,1183,216,455,631611,SUM-159-fuse C00,0.5 mM
C00 fuse,0.5,48,SUM-159_C00-IncucyteRawDataLiveDead-varyGlucose_E8_2_02d00h00m,high,373,1259,218,373,534969,SUM-159-fuse C00,0.5 mM
C00 fuse,0.5,48,SUM-159_C00-IncucyteRawDataLiveDead-varyGlucose_E8_3_02d00h00m,high,283,1352,221,283,425281,SUM-159-fuse C00,0.5 mM
C00 fuse,0.5,48,SUM-159_C00-IncucyteRawDataLiveDead-varyGlucose_E8_4_02d00h00m,high,334,1322.5,221.5,334,505830,SUM-159-fuse C00,0.5 mM
C00 fuse,0.5,48,SUM-159_C00-IncucyteRawDataLiveDead-varyGlucose_F3_1_02d00h00m,low,319,2026,229,319,714449,SUM-159-fuse C00,0.5 mM
C00 fuse,0.5,48,SUM-159_C00-IncucyteRawDataLiveDead-varyGlucose_F3_2_02d00h00m,low,296,2084.5,238,296,660965,SUM-159-fuse C00,0.5 mM
C00 fuse,0.5,48,SUM-159_C00-IncucyteRawDataLiveDead-varyGlucose_F3_3_02d00h00m,low,316,2097.5,234,316,721382,SUM-159-fuse C00,0.5 mM
C00 fuse,0.5,48,SUM-159_C00-IncucyteRawDataLiveDead-varyGlucose_F3_4_02d00h00m,low,296,2104,233,296,683867,SUM-159-fuse C00,0.5 mM
C00 fuse,0.5,48,SUM-159_C00-IncucyteRawDataLiveDead-varyGlucose_F8_1_02d00h00m,high,397,1296,227,397,568873,SUM-159-fuse C00,0.5 mM
C00 fuse,0.5,48,SUM-159_C00-IncucyteRawDataLiveDead-varyGlucose_F8_2_02d00h00m,high,337,1191,206,337,453308,SUM-159-fuse C00,0.5 mM
C00 fuse,0.5,48,SUM-159_C00-IncucyteRawDataLiveDead-varyGlucose_F8_3_02d00h00m,high,364,1234,217.5,364,515299,SUM-159-fuse C00,0.5 mM
C00 fuse,0.5,48,SUM-159_C00-IncucyteRawDataLiveDead-varyGlucose_F8_4_02d00h00m,high,302,1244,228,302,423443,SUM-159-fuse C00,0.5 mM
C00 fuse,0.5,48,SUM-159_C00-IncucyteRawDataLiveDead-varyGlucose_G3_1_02d00h00m,low,284,2000,229.5,284,619639,SUM-159-fuse C00,0.5 mM
C00 fuse,0.5,48,SUM-159_C00-IncucyteRawDataLiveDead-varyGlucose_G3_2_02d00h00m,low,219,2138,220,219,505150,SUM-159-fuse C00,0.5 mM
C00 fuse,0.5,48,SUM-159_C00-IncucyteRawDataLiveDead-varyGlucose_G3_3_02d00h00m,low,367,1948,227,367,782316,SUM-159-fuse C00,0.5 mM
C00 fuse,0.5,48,SUM-159_C00-IncucyteRawDataLiveDead-varyGlucose_G3_4_02d00h00m,low,288,2210,237.5,288,680134,SUM-159-fuse C00,0.5 mM
C00 fuse,0.5,48,SUM-159_C00-IncucyteRawDataLiveDead-varyGlucose_G8_1_02d00h00m,high,310,1298.5,227,310,459707,SUM-159-fuse C00,0.5 mM
C00 fuse,0.5,48,SUM-159_C00-IncucyteRawDataLiveDead-varyGlucose_G8_2_02d00h00m,high,253,1238,220,253,353498,SUM-159-fuse C00,0.5 mM
C00 fuse,0.5,48,SUM-159_C00-IncucyteRawDataLiveDead-varyGlucose_G8_3_02d00h00m,high,288,1298.5,228,288,421574,SUM-159-fuse C00,0.5 mM
C00 fuse,0.5,48,SUM-159_C00-IncucyteRawDataLiveDead-varyGlucose_G8_4_02d00h00m,high,302,1305,240,302,438119,SUM-159-fuse C00,0.5 mM
C00 fuse,1,24,SUM-159_C00-IncucyteRawDataLiveDead-varyGlucose_B4_1_01d00h00m,low,296,1742.5,192.5,296,546942,SUM-159-fuse C00,1 mM
C00 fuse,1,24,SUM-159_C00-IncucyteRawDataLiveDead-varyGlucose_B4_2_01d00h00m,low,262,1739.5,201,262,479982,SUM-159-fuse C00,1 mM
C00 fuse,1,24,SUM-159_C00-IncucyteRawDataLiveDead-varyGlucose_B4_3_01d00h00m,low,211,1884,210,211,419549,SUM-159-fuse C00,1 mM
C00 fuse,1,24,SUM-159_C00-IncucyteRawDataLiveDead-varyGlucose_B4_4_01d00h00m,low,219,1854,208,219,435337,SUM-159-fuse C00,1 mM
C00 fuse,1,24,SUM-159_C00-IncucyteRawDataLiveDead-varyGlucose_B9_1_01d00h00m,high,349,1413,209,349,526505,SUM-159-fuse C00,1 mM
C00 fuse,1,24,SUM-159_C00-IncucyteRawDataLiveDead-varyGlucose_B9_2_01d00h00m,high,392,1354.5,213,392,572169,SUM-159-fuse C00,1 mM
C00 fuse,1,24,SUM-159_C00-IncucyteRawDataLiveDead-varyGlucose_B9_3_01d00h00m,high,207,1651,221,207,361697,SUM-159-fuse C00,1 mM
C00 fuse,1,24,SUM-159_C00-IncucyteRawDataLiveDead-varyGlucose_B9_4_01d00h00m,high,234,1635,218,234,390001,SUM-159-fuse C00,1 mM
C00 fuse,1,24,SUM-159_C00-IncucyteRawDataLiveDead-varyGlucose_C4_1_01d00h00m,low,240,1851.5,217,240,484763,SUM-159-fuse C00,1 mM
C00 fuse,1,24,SUM-159_C00-IncucyteRawDataLiveDead-varyGlucose_C4_2_01d00h00m,low,247,1779,203,247,466147,SUM-159-fuse C00,1 mM
C00 fuse,1,24,SUM-159_C00-IncucyteRawDataLiveDead-varyGlucose_C4_3_01d00h00m,low,249,1846,214,249,494577,SUM-159-fuse C00,1 mM
C00 fuse,1,24,SUM-159_C00-IncucyteRawDataLiveDead-varyGlucose_C4_4_01d00h00m,low,289,1822,211,289,555577,SUM-159-fuse C00,1 mM
C00 fuse,1,24,SUM-159_C00-IncucyteRawDataLiveDead-varyGlucose_C9_1_01d00h00m,high,404,1404,215.5,404,597661,SUM-159-fuse C00,1 mM
C00 fuse,1,24,SUM-159_C00-IncucyteRawDataLiveDead-varyGlucose_C9_2_01d00h00m,high,341,1439,211,341,520515,SUM-159-fuse C00,1 mM
C00 fuse,1,24,SUM-159_C00-IncucyteRawDataLiveDead-varyGlucose_C9_3_01d00h00m,high,334,1406.5,207,334,501521,SUM-159-fuse C00,1 mM
C00 fuse,1,24,SUM-159_C00-IncucyteRawDataLiveDead-varyGlucose_C9_4_01d00h00m,high,264,1444.5,211.5,264,401015,SUM-159-fuse C00,1 mM
C00 fuse,1,24,SUM-159_C00-IncucyteRawDataLiveDead-varyGlucose_D4_1_01d00h00m,low,246,1796.5,207.5,246,472355,SUM-159-fuse C00,1 mM
C00 fuse,1,24,SUM-159_C00-IncucyteRawDataLiveDead-varyGlucose_D4_2_01d00h00m,low,266,1833,203,266,514400,SUM-159-fuse C00,1 mM
C00 fuse,1,24,SUM-159_C00-IncucyteRawDataLiveDead-varyGlucose_D4_3_01d00h00m,low,310,1793.5,212,310,594923,SUM-159-fuse C00,1 mM
C00 fuse,1,24,SUM-159_C00-IncucyteRawDataLiveDead-varyGlucose_D4_4_01d00h00m,low,284,1732,204.5,284,546571,SUM-159-fuse C00,1 mM
C00 fuse,1,24,SUM-159_C00-IncucyteRawDataLiveDead-varyGlucose_D9_1_01d00h00m,high,325,1523,210,325,509842,SUM-159-fuse C00,1 mM
C00 fuse,1,24,SUM-159_C00-IncucyteRawDataLiveDead-varyGlucose_D9_2_01d00h00m,high,358,1462,216,358,556992,SUM-159-fuse C00,1 mM
C00 fuse,1,24,SUM-159_C00-IncucyteRawDataLiveDead-varyGlucose_D9_3_01d00h00m,high,264,1592.5,221.5,264,446759,SUM-159-fuse C00,1 mM
C00 fuse,1,24,SUM-159_C00-IncucyteRawDataLiveDead-varyGlucose_D9_4_01d00h00m,high,350,1605.5,232,350,603034,SUM-159-fuse C00,1 mM
C00 fuse,1,24,SUM-159_C00-IncucyteRawDataLiveDead-varyGlucose_E4_1_01d00h00m,low,262,1832,205,262,507950,SUM-159-fuse C00,1 mM
C00 fuse,1,24,SUM-159_C00-IncucyteRawDataLiveDead-varyGlucose_E4_2_01d00h00m,low,250,1776.5,203.5,250,456313,SUM-159-fuse C00,1 mM
C00 fuse,1,24,SUM-159_C00-IncucyteRawDataLiveDead-varyGlucose_E4_3_01d00h00m,low,285,1879,207,285,549354,SUM-159-fuse C00,1 mM
C00 fuse,1,24,SUM-159_C00-IncucyteRawDataLiveDead-varyGlucose_E4_4_01d00h00m,low,296,1823,213,296,564839,SUM-159-fuse C00,1 mM
C00 fuse,1,24,SUM-159_C00-IncucyteRawDataLiveDead-varyGlucose_E9_1_01d00h00m,high,343,1500,216,343,550690,SUM-159-fuse C00,1 mM
C00 fuse,1,24,SUM-159_C00-IncucyteRawDataLiveDead-varyGlucose_E9_2_01d00h00m,high,385,1528,216,385,615579,SUM-159-fuse C00,1 mM
C00 fuse,1,24,SUM-159_C00-IncucyteRawDataLiveDead-varyGlucose_E9_3_01d00h00m,high,294,1560,217,294,487743,SUM-159-fuse C00,1 mM
C00 fuse,1,24,SUM-159_C00-IncucyteRawDataLiveDead-varyGlucose_E9_4_01d00h00m,high,264,1564,213.5,264,424225,SUM-159-fuse C00,1 mM
C00 fuse,1,24,SUM-159_C00-IncucyteRawDataLiveDead-varyGlucose_F4_1_01d00h00m,low,269,1741,203,269,495702,SUM-159-fuse C00,1 mM
C00 fuse,1,24,SUM-159_C00-IncucyteRawDataLiveDead-varyGlucose_F4_2_01d00h00m,low,254,1827,204.5,254,490897,SUM-159-fuse C00,1 mM
C00 fuse,1,24,SUM-159_C00-IncucyteRawDataLiveDead-varyGlucose_F4_3_01d00h00m,low,315,1794,210,315,592104,SUM-159-fuse C00,1 mM
C00 fuse,1,24,SUM-159_C00-IncucyteRawDataLiveDead-varyGlucose_F4_4_01d00h00m,low,293,1886,211,293,599613,SUM-159-fuse C00,1 mM
C00 fuse,1,24,SUM-159_C00-IncucyteRawDataLiveDead-varyGlucose_F9_1_01d00h00m,high,308,1443.5,221.5,308,475762,SUM-159-fuse C00,1 mM
C00 fuse,1,24,SUM-159_C00-IncucyteRawDataLiveDead-varyGlucose_F9_2_01d00h00m,high,336,1418.5,212,336,502243,SUM-159-fuse C00,1 mM
C00 fuse,1,24,SUM-159_C00-IncucyteRawDataLiveDead-varyGlucose_F9_3_01d00h00m,high,242,1515.5,213,242,392348,SUM-159-fuse C00,1 mM
C00 fuse,1,24,SUM-159_C00-IncucyteRawDataLiveDead-varyGlucose_F9_4_01d00h00m,high,241,1586,216,241,409867,SUM-159-fuse C00,1 mM
C00 fuse,1,24,SUM-159_C00-IncucyteRawDataLiveDead-varyGlucose_G4_1_01d00h00m,low,219,1757,207,219,410153,SUM-159-fuse C00,1 mM
C00 fuse,1,24,SUM-159_C00-IncucyteRawDataLiveDead-varyGlucose_G4_2_01d00h00m,low,222,1905,208,222,451655,SUM-159-fuse C00,1 mM
C00 fuse,1,24,SUM-159_C00-IncucyteRawDataLiveDead-varyGlucose_G4_3_01d00h00m,low,308,1840,205,308,596728,SUM-159-fuse C00,1 mM
C00 fuse,1,24,SUM-159_C00-IncucyteRawDataLiveDead-varyGlucose_G4_4_01d00h00m,low,263,1805,203,263,510652,SUM-159-fuse C00,1 mM
C00 fuse,1,24,SUM-159_C00-IncucyteRawDataLiveDead-varyGlucose_G9_1_01d00h00m,high,267,1479,221,267,438484,SUM-159-fuse C00,1 mM
C00 fuse,1,24,SUM-159_C00-IncucyteRawDataLiveDead-varyGlucose_G9_2_01d00h00m,high,244,1632.5,208.5,244,406189,SUM-159-fuse C00,1 mM
C00 fuse,1,24,SUM-159_C00-IncucyteRawDataLiveDead-varyGlucose_G9_3_01d00h00m,high,316,1534,222.5,316,494091,SUM-159-fuse C00,1 mM
C00 fuse,1,24,SUM-159_C00-IncucyteRawDataLiveDead-varyGlucose_G9_4_01d00h00m,high,265,1550,214,265,423606,SUM-159-fuse C00,1 mM
C00 fuse,1,32,SUM-159_C00-IncucyteRawDataLiveDead-varyGlucose_B4_1_01d08h00m,low,347,1922,225,347,705768,SUM-159-fuse C00,1 mM
C00 fuse,1,32,SUM-159_C00-IncucyteRawDataLiveDead-varyGlucose_B4_2_01d08h00m,low,317,1915,218,317,639221,SUM-159-fuse C00,1 mM
C00 fuse,1,32,SUM-159_C00-IncucyteRawDataLiveDead-varyGlucose_B4_3_01d08h00m,low,258,2015,224,258,548821,SUM-159-fuse C00,1 mM
C00 fuse,1,32,SUM-159_C00-IncucyteRawDataLiveDead-varyGlucose_B4_4_01d08h00m,low,261,2133,225,261,579088,SUM-159-fuse C00,1 mM
C00 fuse,1,32,SUM-159_C00-IncucyteRawDataLiveDead-varyGlucose_B9_1_01d08h00m,high,485,1399,218,485,735381,SUM-159-fuse C00,1 mM
C00 fuse,1,32,SUM-159_C00-IncucyteRawDataLiveDead-varyGlucose_B9_2_01d08h00m,high,511,1309,219,511,716252,SUM-159-fuse C00,1 mM
C00 fuse,1,32,SUM-159_C00-IncucyteRawDataLiveDead-varyGlucose_B9_3_01d08h00m,high,290,1576,228,290,495564,SUM-159-fuse C00,1 mM
C00 fuse,1,32,SUM-159_C00-IncucyteRawDataLiveDead-varyGlucose_B9_4_01d08h00m,high,341,1435,216,341,525427,SUM-159-fuse C00,1 mM
C00 fuse,1,32,SUM-159_C00-IncucyteRawDataLiveDead-varyGlucose_C4_1_01d08h00m,low,306,1902,219,306,645520,SUM-159-fuse C00,1 mM
C00 fuse,1,32,SUM-159_C00-IncucyteRawDataLiveDead-varyGlucose_C4_2_01d08h00m,low,281,1991,223,281,609619,SUM-159-fuse C00,1 mM
C00 fuse,1,32,SUM-159_C00-IncucyteRawDataLiveDead-varyGlucose_C4_3_01d08h00m,low,307,1958,226,307,648204,SUM-159-fuse C00,1 mM
C00 fuse,1,32,SUM-159_C00-IncucyteRawDataLiveDead-varyGlucose_C4_4_01d08h00m,low,337,1897,216,337,696434,SUM-159-fuse C00,1 mM
C00 fuse,1,32,SUM-159_C00-IncucyteRawDataLiveDead-varyGlucose_C9_1_01d08h00m,high,578,1281,214.5,578,804094,SUM-159-fuse C00,1 mM
C00 fuse,1,32,SUM-159_C00-IncucyteRawDataLiveDead-varyGlucose_C9_2_01d08h00m,high,496,1288.5,212,496,687799,SUM-159-fuse C00,1 mM
C00 fuse,1,32,SUM-159_C00-IncucyteRawDataLiveDead-varyGlucose_C9_3_01d08h00m,high,465,1308,210,465,643272,SUM-159-fuse C00,1 mM
C00 fuse,1,32,SUM-159_C00-IncucyteRawDataLiveDead-varyGlucose_C9_4_01d08h00m,high,377,1354,212,377,553753,SUM-159-fuse C00,1 mM
C00 fuse,1,32,SUM-159_C00-IncucyteRawDataLiveDead-varyGlucose_D4_1_01d08h00m,low,294,1894,217,294,614403,SUM-159-fuse C00,1 mM
C00 fuse,1,32,SUM-159_C00-IncucyteRawDataLiveDead-varyGlucose_D4_2_01d08h00m,low,347,1814,210,347,683570,SUM-159-fuse C00,1 mM
C00 fuse,1,32,SUM-159_C00-IncucyteRawDataLiveDead-varyGlucose_D4_3_01d08h00m,low,387,1904,224,387,796611,SUM-159-fuse C00,1 mM
C00 fuse,1,32,SUM-159_C00-IncucyteRawDataLiveDead-varyGlucose_D4_4_01d08h00m,low,352,1886,211,352,704242,SUM-159-fuse C00,1 mM
C00 fuse,1,32,SUM-159_C00-IncucyteRawDataLiveDead-varyGlucose_D9_1_01d08h00m,high,444,1266,211,444,601909,SUM-159-fuse C00,1 mM
C00 fuse,1,32,SUM-159_C00-IncucyteRawDataLiveDead-varyGlucose_D9_2_01d08h00m,high,517,1305,222,517,741032,SUM-159-fuse C00,1 mM
C00 fuse,1,32,SUM-159_C00-IncucyteRawDataLiveDead-varyGlucose_D9_3_01d08h00m,high,377,1353,215,377,563710,SUM-159-fuse C00,1 mM
C00 fuse,1,32,SUM-159_C00-IncucyteRawDataLiveDead-varyGlucose_D9_4_01d08h00m,high,488,1400.5,225,488,735318,SUM-159-fuse C00,1 mM
C00 fuse,1,32,SUM-159_C00-IncucyteRawDataLiveDead-varyGlucose_E4_1_01d08h00m,low,325,1912,216,325,664732,SUM-159-fuse C00,1 mM
C00 fuse,1,32,SUM-159_C00-IncucyteRawDataLiveDead-varyGlucose_E4_2_01d08h00m,low,289,1855,215,289,586987,SUM-159-fuse C00,1 mM
C00 fuse,1,32,SUM-159_C00-IncucyteRawDataLiveDead-varyGlucose_E4_3_01d08h00m,low,349,1905,220,349,733631,SUM-159-fuse C00,1 mM
C00 fuse,1,32,SUM-159_C00-IncucyteRawDataLiveDead-varyGlucose_E4_4_01d08h00m,low,368,1851.5,214.5,368,748191,SUM-159-fuse C00,1 mM
C00 fuse,1,32,SUM-159_C00-IncucyteRawDataLiveDead-varyGlucose_E9_1_01d08h00m,high,501,1411,220,501,765626,SUM-159-fuse C00,1 mM
C00 fuse,1,32,SUM-159_C00-IncucyteRawDataLiveDead-varyGlucose_E9_2_01d08h00m,high,526,1334,218,526,756716,SUM-159-fuse C00,1 mM
C00 fuse,1,32,SUM-159_C00-IncucyteRawDataLiveDead-varyGlucose_E9_3_01d08h00m,high,407,1457,225,407,642131,SUM-159-fuse C00,1 mM
C00 fuse,1,32,SUM-159_C00-IncucyteRawDataLiveDead-varyGlucose_E9_4_01d08h00m,high,351,1402,220,351,512749,SUM-159-fuse C00,1 mM
C00 fuse,1,32,SUM-159_C00-IncucyteRawDataLiveDead-varyGlucose_F4_1_01d08h00m,low,348,1838.5,215,348,686418,SUM-159-fuse C00,1 mM
C00 fuse,1,32,SUM-159_C00-IncucyteRawDataLiveDead-varyGlucose_F4_2_01d08h00m,low,306,1947,214,306,633702,SUM-159-fuse C00,1 mM
C00 fuse,1,32,SUM-159_C00-IncucyteRawDataLiveDead-varyGlucose_F4_3_01d08h00m,low,390,1792,224,390,789268,SUM-159-fuse C00,1 mM
C00 fuse,1,32,SUM-159_C00-IncucyteRawDataLiveDead-varyGlucose_F4_4_01d08h00m,low,353,1948,222,353,762358,SUM-159-fuse C00,1 mM
C00 fuse,1,32,SUM-159_C00-IncucyteRawDataLiveDead-varyGlucose_F9_1_01d08h00m,high,426,1403,219,426,634785,SUM-159-fuse C00,1 mM
C00 fuse,1,32,SUM-159_C00-IncucyteRawDataLiveDead-varyGlucose_F9_2_01d08h00m,high,463,1351,214,463,661235,SUM-159-fuse C00,1 mM
C00 fuse,1,32,SUM-159_C00-IncucyteRawDataLiveDead-varyGlucose_F9_3_01d08h00m,high,354,1415.5,209,354,543834,SUM-159-fuse C00,1 mM
C00 fuse,1,32,SUM-159_C00-IncucyteRawDataLiveDead-varyGlucose_F9_4_01d08h00m,high,342,1399.5,220,342,506633,SUM-159-fuse C00,1 mM
C00 fuse,1,32,SUM-159_C00-IncucyteRawDataLiveDead-varyGlucose_G4_1_01d08h00m,low,249,1951,222,249,539077,SUM-159-fuse C00,1 mM
C00 fuse,1,32,SUM-159_C00-IncucyteRawDataLiveDead-varyGlucose_G4_2_01d08h00m,low,257,2073,229,257,578315,SUM-159-fuse C00,1 mM
C00 fuse,1,32,SUM-159_C00-IncucyteRawDataLiveDead-varyGlucose_G4_3_01d08h00m,low,379,1835,221,379,785011,SUM-159-fuse C00,1 mM
C00 fuse,1,32,SUM-159_C00-IncucyteRawDataLiveDead-varyGlucose_G4_4_01d08h00m,low,315,1979,222,315,660010,SUM-159-fuse C00,1 mM
C00 fuse,1,32,SUM-159_C00-IncucyteRawDataLiveDead-varyGlucose_G9_1_01d08h00m,high,325,1513,233,325,533299,SUM-159-fuse C00,1 mM
C00 fuse,1,32,SUM-159_C00-IncucyteRawDataLiveDead-varyGlucose_G9_2_01d08h00m,high,346,1368.5,209,346,504394,SUM-159-fuse C00,1 mM
C00 fuse,1,32,SUM-159_C00-IncucyteRawDataLiveDead-varyGlucose_G9_3_01d08h00m,high,420,1413.5,225,420,629683,SUM-159-fuse C00,1 mM
C00 fuse,1,32,SUM-159_C00-IncucyteRawDataLiveDead-varyGlucose_G9_4_01d08h00m,high,363,1432,222,363,553191,SUM-159-fuse C00,1 mM
C00 fuse,1,40,SUM-159_C00-IncucyteRawDataLiveDead-varyGlucose_B4_1_01d16h00m,low,420,1937.5,233,420,902716,SUM-159-fuse C00,1 mM
C00 fuse,1,40,SUM-159_C00-IncucyteRawDataLiveDead-varyGlucose_B4_2_01d16h00m,low,385,1998,229,385,810921,SUM-159-fuse C00,1 mM
C00 fuse,1,40,SUM-159_C00-IncucyteRawDataLiveDead-varyGlucose_B4_3_01d16h00m,low,311,2062,234,311,700742,SUM-159-fuse C00,1 mM
C00 fuse,1,40,SUM-159_C00-IncucyteRawDataLiveDead-varyGlucose_B4_4_01d16h00m,low,311,2156,233,311,720168,SUM-159-fuse C00,1 mM
C00 fuse,1,40,SUM-159_C00-IncucyteRawDataLiveDead-varyGlucose_B9_1_01d16h00m,high,579,1287,225,579,816112,SUM-159-fuse C00,1 mM
C00 fuse,1,40,SUM-159_C00-IncucyteRawDataLiveDead-varyGlucose_B9_2_01d16h00m,high,630,1158,223,630,806757,SUM-159-fuse C00,1 mM
C00 fuse,1,40,SUM-159_C00-IncucyteRawDataLiveDead-varyGlucose_B9_3_01d16h00m,high,341,1546,231,341,565224,SUM-159-fuse C00,1 mM
C00 fuse,1,40,SUM-159_C00-IncucyteRawDataLiveDead-varyGlucose_B9_4_01d16h00m,high,388,1469,236,388,616240,SUM-159-fuse C00,1 mM
C00 fuse,1,40,SUM-159_C00-IncucyteRawDataLiveDead-varyGlucose_C4_1_01d16h00m,low,357,2079,236,357,797188,SUM-159-fuse C00,1 mM
C00 fuse,1,40,SUM-159_C00-IncucyteRawDataLiveDead-varyGlucose_C4_2_01d16h00m,low,321,2097,235,321,741097,SUM-159-fuse C00,1 mM
C00 fuse,1,40,SUM-159_C00-IncucyteRawDataLiveDead-varyGlucose_C4_3_01d16h00m,low,368,2048,231,368,829855,SUM-159-fuse C00,1 mM
C00 fuse,1,40,SUM-159_C00-IncucyteRawDataLiveDead-varyGlucose_C4_4_01d16h00m,low,400,1972,224.5,400,877224,SUM-159-fuse C00,1 mM
C00 fuse,1,40,SUM-159_C00-IncucyteRawDataLiveDead-varyGlucose_C9_1_01d16h00m,high,664,1231,232,664,889830,SUM-159-fuse C00,1 mM
C00 fuse,1,40,SUM-159_C00-IncucyteRawDataLiveDead-varyGlucose_C9_2_01d16h00m,high,586,1241,224,586,829037,SUM-159-fuse C00,1 mM
C00 fuse,1,40,SUM-159_C00-IncucyteRawDataLiveDead-varyGlucose_C9_3_01d16h00m,high,526,1342,224.5,526,757886,SUM-159-fuse C00,1 mM
C00 fuse,1,40,SUM-159_C00-IncucyteRawDataLiveDead-varyGlucose_C9_4_01d16h00m,high,453,1345,231,453,672246,SUM-159-fuse C00,1 mM
C00 fuse,1,40,SUM-159_C00-IncucyteRawDataLiveDead-varyGlucose_D4_1_01d16h00m,low,353,1941,230,353,772287,SUM-159-fuse C00,1 mM
C00 fuse,1,40,SUM-159_C00-IncucyteRawDataLiveDead-varyGlucose_D4_2_01d16h00m,low,396,1999,225,396,866161,SUM-159-fuse C00,1 mM
C00 fuse,1,40,SUM-159_C00-IncucyteRawDataLiveDead-varyGlucose_D4_3_01d16h00m,low,476,1948,233,476,1011284,SUM-159-fuse C00,1 mM
C00 fuse,1,40,SUM-159_C00-IncucyteRawDataLiveDead-varyGlucose_D4_4_01d16h00m,low,421,1959,224,421,894422,SUM-159-fuse C00,1 mM
C00 fuse,1,40,SUM-159_C00-IncucyteRawDataLiveDead-varyGlucose_D9_1_01d16h00m,high,535,1268,215,535,728901,SUM-159-fuse C00,1 mM
C00 fuse,1,40,SUM-159_C00-IncucyteRawDataLiveDead-varyGlucose_D9_2_01d16h00m,high,613,1329,231,613,874161,SUM-159-fuse C00,1 mM
C00 fuse,1,40,SUM-159_C00-IncucyteRawDataLiveDead-varyGlucose_D9_3_01d16h00m,high,465,1344,224,465,690222,SUM-159-fuse C00,1 mM
C00 fuse,1,40,SUM-159_C00-IncucyteRawDataLiveDead-varyGlucose_D9_4_01d16h00m,high,570,1364,234,570,845079,SUM-159-fuse C00,1 mM
C00 fuse,1,40,SUM-159_C00-IncucyteRawDataLiveDead-varyGlucose_E4_1_01d16h00m,low,383,1986,228,383,840778,SUM-159-fuse C00,1 mM
C00 fuse,1,40,SUM-159_C00-IncucyteRawDataLiveDead-varyGlucose_E4_2_01d16h00m,low,353,2010,226,353,751954,SUM-159-fuse C00,1 mM
C00 fuse,1,40,SUM-159_C00-IncucyteRawDataLiveDead-varyGlucose_E4_3_01d16h00m,low,413,2102,240,413,913651,SUM-159-fuse C00,1 mM
C00 fuse,1,40,SUM-159_C00-IncucyteRawDataLiveDead-varyGlucose_E4_4_01d16h00m,low,435,2013,232,435,942440,SUM-159-fuse C00,1 mM
C00 fuse,1,40,SUM-159_C00-IncucyteRawDataLiveDead-varyGlucose_E9_1_01d16h00m,high,589,1350,228,589,862883,SUM-159-fuse C00,1 mM
C00 fuse,1,40,SUM-159_C00-IncucyteRawDataLiveDead-varyGlucose_E9_2_01d16h00m,high,591,1292,229,591,847272,SUM-159-fuse C00,1 mM
C00 fuse,1,40,SUM-159_C00-IncucyteRawDataLiveDead-varyGlucose_E9_3_01d16h00m,high,487,1316,224,487,718797,SUM-159-fuse C00,1 mM
C00 fuse,1,40,SUM-159_C00-IncucyteRawDataLiveDead-varyGlucose_E9_4_01d16h00m,high,405,1356,223,405,585973,SUM-159-fuse C00,1 mM
C00 fuse,1,40,SUM-159_C00-IncucyteRawDataLiveDead-varyGlucose_F4_1_01d16h00m,low,405,1948,228,405,863094,SUM-159-fuse C00,1 mM
C00 fuse,1,40,SUM-159_C00-IncucyteRawDataLiveDead-varyGlucose_F4_2_01d16h00m,low,359,2036,237,359,808627,SUM-159-fuse C00,1 mM
C00 fuse,1,40,SUM-159_C00-IncucyteRawDataLiveDead-varyGlucose_F4_3_01d16h00m,low,459,1969,230,459,973465,SUM-159-fuse C00,1 mM
C00 fuse,1,40,SUM-159_C00-IncucyteRawDataLiveDead-varyGlucose_F4_4_01d16h00m,low,404,2061.5,244,404,934272,SUM-159-fuse C00,1 mM
C00 fuse,1,40,SUM-159_C00-IncucyteRawDataLiveDead-varyGlucose_F9_1_01d16h00m,high,500,1284.5,228,500,709459,SUM-159-fuse C00,1 mM
C00 fuse,1,40,SUM-159_C00-IncucyteRawDataLiveDead-varyGlucose_F9_2_01d16h00m,high,568,1227.5,219.5,568,755640,SUM-159-fuse C00,1 mM
C00 fuse,1,40,SUM-159_C00-IncucyteRawDataLiveDead-varyGlucose_F9_3_01d16h00m,high,415,1354,221,415,625089,SUM-159-fuse C00,1 mM
C00 fuse,1,40,SUM-159_C00-IncucyteRawDataLiveDead-varyGlucose_F9_4_01d16h00m,high,391,1423,225,391,582428,SUM-159-fuse C00,1 mM
C00 fuse,1,40,SUM-159_C00-IncucyteRawDataLiveDead-varyGlucose_G4_1_01d16h00m,low,305,1953,227,305,658159,SUM-159-fuse C00,1 mM
C00 fuse,1,40,SUM-159_C00-IncucyteRawDataLiveDead-varyGlucose_G4_2_01d16h00m,low,325,2008,232,325,746197,SUM-159-fuse C00,1 mM
C00 fuse,1,40,SUM-159_C00-IncucyteRawDataLiveDead-varyGlucose_G4_3_01d16h00m,low,441,1947,230,441,974912,SUM-159-fuse C00,1 mM
C00 fuse,1,40,SUM-159_C00-IncucyteRawDataLiveDead-varyGlucose_G4_4_01d16h00m,low,380,1983,223.5,380,829099,SUM-159-fuse C00,1 mM
C00 fuse,1,40,SUM-159_C00-IncucyteRawDataLiveDead-varyGlucose_G9_1_01d16h00m,high,397,1390,229,397,624324,SUM-159-fuse C00,1 mM
C00 fuse,1,40,SUM-159_C00-IncucyteRawDataLiveDead-varyGlucose_G9_2_01d16h00m,high,400,1467.5,222.5,400,621677,SUM-159-fuse C00,1 mM
C00 fuse,1,40,SUM-159_C00-IncucyteRawDataLiveDead-varyGlucose_G9_3_01d16h00m,high,505,1338,233,505,734060,SUM-159-fuse C00,1 mM
C00 fuse,1,40,SUM-159_C00-IncucyteRawDataLiveDead-varyGlucose_G9_4_01d16h00m,high,425,1353,230,425,635776,SUM-159-fuse C00,1 mM
C00 fuse,1,48,SUM-159_C00-IncucyteRawDataLiveDead-varyGlucose_B4_1_02d00h00m,low,449,2084,243,449,1023172,SUM-159-fuse C00,1 mM
C00 fuse,1,48,SUM-159_C00-IncucyteRawDataLiveDead-varyGlucose_B4_2_02d00h00m,low,428,2047,242,428,948847,SUM-159-fuse C00,1 mM
C00 fuse,1,48,SUM-159_C00-IncucyteRawDataLiveDead-varyGlucose_B4_3_02d00h00m,low,331,2142,248,331,790015,SUM-159-fuse C00,1 mM
C00 fuse,1,48,SUM-159_C00-IncucyteRawDataLiveDead-varyGlucose_B4_4_02d00h00m,low,353,2195,235,353,838752,SUM-159-fuse C00,1 mM
C00 fuse,1,48,SUM-159_C00-IncucyteRawDataLiveDead-varyGlucose_B9_1_02d00h00m,high,614,1099.5,228,614,778382,SUM-159-fuse C00,1 mM
C00 fuse,1,48,SUM-159_C00-IncucyteRawDataLiveDead-varyGlucose_B9_2_02d00h00m,high,666,1079.5,218,666,791815,SUM-159-fuse C00,1 mM
C00 fuse,1,48,SUM-159_C00-IncucyteRawDataLiveDead-varyGlucose_B9_3_02d00h00m,high,365,1292,236,365,523394,SUM-159-fuse C00,1 mM
C00 fuse,1,48,SUM-159_C00-IncucyteRawDataLiveDead-varyGlucose_B9_4_02d00h00m,high,433,1282,237,433,607075,SUM-159-fuse C00,1 mM
C00 fuse,1,48,SUM-159_C00-IncucyteRawDataLiveDead-varyGlucose_C4_1_02d00h00m,low,385,2090,239,385,888602,SUM-159-fuse C00,1 mM
C00 fuse,1,48,SUM-159_C00-IncucyteRawDataLiveDead-varyGlucose_C4_2_02d00h00m,low,371,2079,245,371,857043,SUM-159-fuse C00,1 mM
C00 fuse,1,48,SUM-159_C00-IncucyteRawDataLiveDead-varyGlucose_C4_3_02d00h00m,low,403,2026,242,403,911615,SUM-159-fuse C00,1 mM
C00 fuse,1,48,SUM-159_C00-IncucyteRawDataLiveDead-varyGlucose_C4_4_02d00h00m,low,446,2080.5,242,446,1009958,SUM-159-fuse C00,1 mM
C00 fuse,1,48,SUM-159_C00-IncucyteRawDataLiveDead-varyGlucose_C9_1_02d00h00m,high,693,1128,226,693,856615,SUM-159-fuse C00,1 mM
C00 fuse,1,48,SUM-159_C00-IncucyteRawDataLiveDead-varyGlucose_C9_2_02d00h00m,high,620,1177,221,620,808584,SUM-159-fuse C00,1 mM
C00 fuse,1,48,SUM-159_C00-IncucyteRawDataLiveDead-varyGlucose_C9_3_02d00h00m,high,542,1162.5,224,542,701691,SUM-159-fuse C00,1 mM
C00 fuse,1,48,SUM-159_C00-IncucyteRawDataLiveDead-varyGlucose_C9_4_02d00h00m,high,482,1186,229,482,624102,SUM-159-fuse C00,1 mM
C00 fuse,1,48,SUM-159_C00-IncucyteRawDataLiveDead-varyGlucose_D4_1_02d00h00m,low,396,1997,239,396,884969,SUM-159-fuse C00,1 mM
C00 fuse,1,48,SUM-159_C00-IncucyteRawDataLiveDead-varyGlucose_D4_2_02d00h00m,low,445,1967,234,445,977899,SUM-159-fuse C00,1 mM
C00 fuse,1,48,SUM-159_C00-IncucyteRawDataLiveDead-varyGlucose_D4_3_02d00h00m,low,509,1953,245,509,1097556,SUM-159-fuse C00,1 mM
C00 fuse,1,48,SUM-159_C00-IncucyteRawDataLiveDead-varyGlucose_D4_4_02d00h00m,low,455,2075,239,455,1002167,SUM-159-fuse C00,1 mM
C00 fuse,1,48,SUM-159_C00-IncucyteRawDataLiveDead-varyGlucose_D9_1_02d00h00m,high,568,1117,218,568,704495,SUM-159-fuse C00,1 mM
C00 fuse,1,48,SUM-159_C00-IncucyteRawDataLiveDead-varyGlucose_D9_2_02d00h00m,high,656,1214,233.5,656,873203,SUM-159-fuse C00,1 mM
C00 fuse,1,48,SUM-159_C00-IncucyteRawDataLiveDead-varyGlucose_D9_3_02d00h00m,high,467,1260,229,467,657481,SUM-159-fuse C00,1 mM
C00 fuse,1,48,SUM-159_C00-IncucyteRawDataLiveDead-varyGlucose_D9_4_02d00h00m,high,609,1238,236,609,847975,SUM-159-fuse C00,1 mM
C00 fuse,1,48,SUM-159_C00-IncucyteRawDataLiveDead-varyGlucose_E4_1_02d00h00m,low,443,1978,232,443,956656,SUM-159-fuse C00,1 mM
C00 fuse,1,48,SUM-159_C00-IncucyteRawDataLiveDead-varyGlucose_E4_2_02d00h00m,low,395,2013,234,395,867017,SUM-159-fuse C00,1 mM
C00 fuse,1,48,SUM-159_C00-IncucyteRawDataLiveDead-varyGlucose_E4_3_02d00h00m,low,434,2176.5,250.5,434,1016083,SUM-159-fuse C00,1 mM
C00 fuse,1,48,SUM-159_C00-IncucyteRawDataLiveDead-varyGlucose_E4_4_02d00h00m,low,472,2032.5,244,472,1049643,SUM-159-fuse C00,1 mM
C00 fuse,1,48,SUM-159_C00-IncucyteRawDataLiveDead-varyGlucose_E9_1_02d00h00m,high,585,1306,236,585,843640,SUM-159-fuse C00,1 mM
C00 fuse,1,48,SUM-159_C00-IncucyteRawDataLiveDead-varyGlucose_E9_2_02d00h00m,high,630,1162.5,228,630,833027,SUM-159-fuse C00,1 mM
C00 fuse,1,48,SUM-159_C00-IncucyteRawDataLiveDead-varyGlucose_E9_3_02d00h00m,high,523,1193,226,523,693574,SUM-159-fuse C00,1 mM
C00 fuse,1,48,SUM-159_C00-IncucyteRawDataLiveDead-varyGlucose_E9_4_02d00h00m,high,434,1176.5,215.5,434,574819,SUM-159-fuse C00,1 mM
C00 fuse,1,48,SUM-159_C00-IncucyteRawDataLiveDead-varyGlucose_F4_1_02d00h00m,low,429,2002,232,429,957496,SUM-159-fuse C00,1 mM
C00 fuse,1,48,SUM-159_C00-IncucyteRawDataLiveDead-varyGlucose_F4_2_02d00h00m,low,396,1989.5,234.5,396,884141,SUM-159-fuse C00,1 mM
C00 fuse,1,48,SUM-159_C00-IncucyteRawDataLiveDead-varyGlucose_F4_3_02d00h00m,low,490,2008.5,241,490,1062542,SUM-159-fuse C00,1 mM
C00 fuse,1,48,SUM-159_C00-IncucyteRawDataLiveDead-varyGlucose_F4_4_02d00h00m,low,444,2077.5,247.5,444,1049849,SUM-159-fuse C00,1 mM
C00 fuse,1,48,SUM-159_C00-IncucyteRawDataLiveDead-varyGlucose_F9_1_02d00h00m,high,542,1128.5,223,542,668659,SUM-159-fuse C00,1 mM
C00 fuse,1,48,SUM-159_C00-IncucyteRawDataLiveDead-varyGlucose_F9_2_02d00h00m,high,595,1123,220,595,744633,SUM-159-fuse C00,1 mM
C00 fuse,1,48,SUM-159_C00-IncucyteRawDataLiveDead-varyGlucose_F9_3_02d00h00m,high,419,1216,218,419,569303,SUM-159-fuse C00,1 mM
C00 fuse,1,48,SUM-159_C00-IncucyteRawDataLiveDead-varyGlucose_F9_4_02d00h00m,high,414,1203.5,218,414,555971,SUM-159-fuse C00,1 mM
C00 fuse,1,48,SUM-159_C00-IncucyteRawDataLiveDead-varyGlucose_G4_1_02d00h00m,low,334,2058,243,334,762286,SUM-159-fuse C00,1 mM
C00 fuse,1,48,SUM-159_C00-IncucyteRawDataLiveDead-varyGlucose_G4_2_02d00h00m,low,350,2079.5,239.5,350,819311,SUM-159-fuse C00,1 mM
C00 fuse,1,48,SUM-159_C00-IncucyteRawDataLiveDead-varyGlucose_G4_3_02d00h00m,low,470,1982,245,470,1057047,SUM-159-fuse C00,1 mM
C00 fuse,1,48,SUM-159_C00-IncucyteRawDataLiveDead-varyGlucose_G4_4_02d00h00m,low,415,2027,237,415,951935,SUM-159-fuse C00,1 mM
C00 fuse,1,48,SUM-159_C00-IncucyteRawDataLiveDead-varyGlucose_G9_1_02d00h00m,high,429,1194,224,429,592606,SUM-159-fuse C00,1 mM
C00 fuse,1,48,SUM-159_C00-IncucyteRawDataLiveDead-varyGlucose_G9_2_02d00h00m,high,422,1324,225,422,610265,SUM-159-fuse C00,1 mM
C00 fuse,1,48,SUM-159_C00-IncucyteRawDataLiveDead-varyGlucose_G9_3_02d00h00m,high,528,1276.5,237,528,740855,SUM-159-fuse C00,1 mM
C00 fuse,1,48,SUM-159_C00-IncucyteRawDataLiveDead-varyGlucose_G9_4_02d00h00m,high,460,1209,227,460,602300,SUM-159-fuse C00,1 mM
I00 fuse,0.1,24,SUM-159_I00-IncucyteRawDataLiveDead-varyGlucose_B3_1_01d00h00m,low,266,1511.5,158,266,421726,SUM-159-fuse I00,0.1 mM
I00 fuse,0.1,24,SUM-159_I00-IncucyteRawDataLiveDead-varyGlucose_B3_2_01d00h00m,low,236,1622,162,236,401220,SUM-159-fuse I00,0.1 mM
I00 fuse,0.1,24,SUM-159_I00-IncucyteRawDataLiveDead-varyGlucose_B3_3_01d00h00m,low,261,1460,161,261,418624,SUM-159-fuse I00,0.1 mM
I00 fuse,0.1,24,SUM-159_I00-IncucyteRawDataLiveDead-varyGlucose_B3_4_01d00h00m,low,165,1501,166,165,262738,SUM-159-fuse I00,0.1 mM
I00 fuse,0.1,24,SUM-159_I00-IncucyteRawDataLiveDead-varyGlucose_B8_1_01d00h00m,high,319,1549,204,319,520820,SUM-159-fuse I00,0.1 mM
I00 fuse,0.1,24,SUM-159_I00-IncucyteRawDataLiveDead-varyGlucose_B8_2_01d00h00m,high,243,1679,199,243,414172,SUM-159-fuse I00,0.1 mM
I00 fuse,0.1,24,SUM-159_I00-IncucyteRawDataLiveDead-varyGlucose_B8_3_01d00h00m,high,353,1640,206,353,582728,SUM-159-fuse I00,0.1 mM
I00 fuse,0.1,24,SUM-159_I00-IncucyteRawDataLiveDead-varyGlucose_B8_4_01d00h00m,high,316,1465.5,203.5,316,498060,SUM-159-fuse I00,0.1 mM
I00 fuse,0.1,24,SUM-159_I00-IncucyteRawDataLiveDead-varyGlucose_C3_1_01d00h00m,low,232,1465.5,157,232,356474,SUM-159-fuse I00,0.1 mM
I00 fuse,0.1,24,SUM-159_I00-IncucyteRawDataLiveDead-varyGlucose_C3_2_01d00h00m,low,254,1510,155,254,415729,SUM-159-fuse I00,0.1 mM
I00 fuse,0.1,24,SUM-159_I00-IncucyteRawDataLiveDead-varyGlucose_C3_3_01d00h00m,low,235,1400,152,235,349083,SUM-159-fuse I00,0.1 mM
I00 fuse,0.1,24,SUM-159_I00-IncucyteRawDataLiveDead-varyGlucose_C3_4_01d00h00m,low,188,1515,164,188,291635,SUM-159-fuse I00,0.1 mM
I00 fuse,0.1,24,SUM-159_I00-IncucyteRawDataLiveDead-varyGlucose_C8_1_01d00h00m,high,216,1548,197.5,216,348276,SUM-159-fuse I00,0.1 mM
I00 fuse,0.1,24,SUM-159_I00-IncucyteRawDataLiveDead-varyGlucose_C8_2_01d00h00m,high,219,1704,198,219,381091,SUM-159-fuse I00,0.1 mM
I00 fuse,0.1,24,SUM-159_I00-IncucyteRawDataLiveDead-varyGlucose_C8_3_01d00h00m,high,275,1563,204,275,454419,SUM-159-fuse I00,0.1 mM
I00 fuse,0.1,24,SUM-159_I00-IncucyteRawDataLiveDead-varyGlucose_C8_4_01d00h00m,high,325,1646,205,325,555127,SUM-159-fuse I00,0.1 mM
I00 fuse,0.1,24,SUM-159_I00-IncucyteRawDataLiveDead-varyGlucose_D3_1_01d00h00m,low,240,1510,157.5,240,376297,SUM-159-fuse I00,0.1 mM
I00 fuse,0.1,24,SUM-159_I00-IncucyteRawDataLiveDead-varyGlucose_D3_2_01d00h00m,low,298,1487,158.5,298,479816,SUM-159-fuse I00,0.1 mM
I00 fuse,0.1,24,SUM-159_I00-IncucyteRawDataLiveDead-varyGlucose_D3_3_01d00h00m,low,308,1480,168,308,502693,SUM-159-fuse I00,0.1 mM
I00 fuse,0.1,24,SUM-159_I00-IncucyteRawDataLiveDead-varyGlucose_D3_4_01d00h00m,low,333,1472,159,333,510912,SUM-159-fuse I00,0.1 mM
I00 fuse,0.1,24,SUM-159_I00-IncucyteRawDataLiveDead-varyGlucose_D8_1_01d00h00m,high,292,1654.5,206,292,495983,SUM-159-fuse I00,0.1 mM
I00 fuse,0.1,24,SUM-159_I00-IncucyteRawDataLiveDead-varyGlucose_D8_2_01d00h00m,high,304,1500.5,199,304,483513,SUM-159-fuse I00,0.1 mM
I00 fuse,0.1,24,SUM-159_I00-IncucyteRawDataLiveDead-varyGlucose_D8_3_01d00h00m,high,318,1585,207.5,318,544016,SUM-159-fuse I00,0.1 mM
I00 fuse,0.1,24,SUM-159_I00-IncucyteRawDataLiveDead-varyGlucose_D8_4_01d00h00m,high,256,1705,203,256,456772,SUM-159-fuse I00,0.1 mM
I00 fuse,0.1,24,SUM-159_I00-IncucyteRawDataLiveDead-varyGlucose_E3_1_01d00h00m,low,292,1454.5,157,292,467295,SUM-159-fuse I00,0.1 mM
I00 fuse,0.1,24,SUM-159_I00-IncucyteRawDataLiveDead-varyGlucose_E3_2_01d00h00m,low,208,1538,161,208,336639,SUM-159-fuse I00,0.1 mM
I00 fuse,0.1,24,SUM-159_I00-IncucyteRawDataLiveDead-varyGlucose_E3_3_01d00h00m,low,290,1550,167,290,481613,SUM-159-fuse I00,0.1 mM
I00 fuse,0.1,24,SUM-159_I00-IncucyteRawDataLiveDead-varyGlucose_E3_4_01d00h00m,low,296,1394.5,158.5,296,447761,SUM-159-fuse I00,0.1 mM
I00 fuse,0.1,24,SUM-159_I00-IncucyteRawDataLiveDead-varyGlucose_E8_1_01d00h00m,high,266,1633.5,200.5,266,447575,SUM-159-fuse I00,0.1 mM
I00 fuse,0.1,24,SUM-159_I00-IncucyteRawDataLiveDead-varyGlucose_E8_2_01d00h00m,high,292,1625.5,203,292,497357,SUM-159-fuse I00,0.1 mM
I00 fuse,0.1,24,SUM-159_I00-IncucyteRawDataLiveDead-varyGlucose_E8_3_01d00h00m,high,295,1576,197,295,491634,SUM-159-fuse I00,0.1 mM
I00 fuse,0.1,24,SUM-159_I00-IncucyteRawDataLiveDead-varyGlucose_E8_4_01d00h00m,high,326,1499.5,208,326,540234,SUM-159-fuse I00,0.1 mM
I00 fuse,0.1,32,SUM-159_I00-IncucyteRawDataLiveDead-varyGlucose_B3_1_01d08h00m,low,279,1619,170,279,475586,SUM-159-fuse I00,0.1 mM
I00 fuse,0.1,32,SUM-159_I00-IncucyteRawDataLiveDead-varyGlucose_B3_2_01d08h00m,low,239,1679,171,239,427083,SUM-159-fuse I00,0.1 mM
I00 fuse,0.1,32,SUM-159_I00-IncucyteRawDataLiveDead-varyGlucose_B3_3_01d08h00m,low,272,1628,170.5,272,472083,SUM-159-fuse I00,0.1 mM
I00 fuse,0.1,32,SUM-159_I00-IncucyteRawDataLiveDead-varyGlucose_B3_4_01d08h00m,low,177,1557,171,177,302081,SUM-159-fuse I00,0.1 mM
I00 fuse,0.1,32,SUM-159_I00-IncucyteRawDataLiveDead-varyGlucose_B8_1_01d08h00m,high,342,1466.5,211,342,534523,SUM-159-fuse I00,0.1 mM
I00 fuse,0.1,32,SUM-159_I00-IncucyteRawDataLiveDead-varyGlucose_B8_2_01d08h00m,high,260,1507,208,260,420425,SUM-159-fuse I00,0.1 mM
I00 fuse,0.1,32,SUM-159_I00-IncucyteRawDataLiveDead-varyGlucose_B8_3_01d08h00m,high,386,1591.5,211.5,386,638720,SUM-159-fuse I00,0.1 mM
I00 fuse,0.1,32,SUM-159_I00-IncucyteRawDataLiveDead-varyGlucose_B8_4_01d08h00m,high,336,1507,214.5,336,550409,SUM-159-fuse I00,0.1 mM
I00 fuse,0.1,32,SUM-159_I00-IncucyteRawDataLiveDead-varyGlucose_C3_1_01d08h00m,low,234,1591.5,169,234,400429,SUM-159-fuse I00,0.1 mM
I00 fuse,0.1,32,SUM-159_I00-IncucyteRawDataLiveDead-varyGlucose_C3_2_01d08h00m,low,261,1634,172,261,464337,SUM-159-fuse I00,0.1 mM
I00 fuse,0.1,32,SUM-159_I00-IncucyteRawDataLiveDead-varyGlucose_C3_3_01d08h00m,low,238,1560,168.5,238,404029,SUM-159-fuse I00,0.1 mM
I00 fuse,0.1,32,SUM-159_I00-IncucyteRawDataLiveDead-varyGlucose_C3_4_01d08h00m,low,196,1579.5,171,196,331417,SUM-159-fuse I00,0.1 mM
I00 fuse,0.1,32,SUM-159_I00-IncucyteRawDataLiveDead-varyGlucose_C8_1_01d08h00m,high,240,1428.5,195.5,240,372826,SUM-159-fuse I00,0.1 mM
I00 fuse,0.1,32,SUM-159_I00-IncucyteRawDataLiveDead-varyGlucose_C8_2_01d08h00m,high,246,1507.5,208.5,246,405717,SUM-159-fuse I00,0.1 mM
I00 fuse,0.1,32,SUM-159_I00-IncucyteRawDataLiveDead-varyGlucose_C8_3_01d08h00m,high,291,1581,216,291,495459,SUM-159-fuse I00,0.1 mM
I00 fuse,0.1,32,SUM-159_I00-IncucyteRawDataLiveDead-varyGlucose_C8_4_01d08h00m,high,349,1576,222,349,585396,SUM-159-fuse I00,0.1 mM
I00 fuse,0.1,32,SUM-159_I00-IncucyteRawDataLiveDead-varyGlucose_D3_1_01d08h00m,low,248,1616.5,173,248,419662,SUM-159-fuse I00,0.1 mM
I00 fuse,0.1,32,SUM-159_I00-IncucyteRawDataLiveDead-varyGlucose_D3_2_01d08h00m,low,303,1599,170,303,529255,SUM-159-fuse I00,0.1 mM
I00 fuse,0.1,32,SUM-159_I00-IncucyteRawDataLiveDead-varyGlucose_D3_3_01d08h00m,low,332,1561,175,332,573937,SUM-159-fuse I00,0.1 mM
I00 fuse,0.1,32,SUM-159_I00-IncucyteRawDataLiveDead-varyGlucose_D3_4_01d08h00m,low,348,1586.5,171,348,563335,SUM-159-fuse I00,0.1 mM
I00 fuse,0.1,32,SUM-159_I00-IncucyteRawDataLiveDead-varyGlucose_D8_1_01d08h00m,high,320,1580.5,217,320,525492,SUM-159-fuse I00,0.1 mM
I00 fuse,0.1,32,SUM-159_I00-IncucyteRawDataLiveDead-varyGlucose_D8_2_01d08h00m,high,326,1475,212,326,508406,SUM-159-fuse I00,0.1 mM
I00 fuse,0.1,32,SUM-159_I00-IncucyteRawDataLiveDead-varyGlucose_D8_3_01d08h00m,high,351,1591,221,351,606543,SUM-159-fuse I00,0.1 mM
I00 fuse,0.1,32,SUM-159_I00-IncucyteRawDataLiveDead-varyGlucose_D8_4_01d08h00m,high,292,1522,210,292,488863,SUM-159-fuse I00,0.1 mM
I00 fuse,0.1,32,SUM-159_I00-IncucyteRawDataLiveDead-varyGlucose_E3_1_01d08h00m,low,305,1531,164,305,521491,SUM-159-fuse I00,0.1 mM
I00 fuse,0.1,32,SUM-159_I00-IncucyteRawDataLiveDead-varyGlucose_E3_2_01d08h00m,low,222,1529.5,169.5,222,364443,SUM-159-fuse I00,0.1 mM
I00 fuse,0.1,32,SUM-159_I00-IncucyteRawDataLiveDead-varyGlucose_E3_3_01d08h00m,low,307,1628,178,307,532676,SUM-159-fuse I00,0.1 mM
I00 fuse,0.1,32,SUM-159_I00-IncucyteRawDataLiveDead-varyGlucose_E3_4_01d08h00m,low,302,1523.5,172.5,302,490977,SUM-159-fuse I00,0.1 mM
I00 fuse,0.1,32,SUM-159_I00-IncucyteRawDataLiveDead-varyGlucose_E8_1_01d08h00m,high,280,1586,211,280,469647,SUM-159-fuse I00,0.1 mM
I00 fuse,0.1,32,SUM-159_I00-IncucyteRawDataLiveDead-varyGlucose_E8_2_01d08h00m,high,312,1549,210,312,508938,SUM-159-fuse I00,0.1 mM
I00 fuse,0.1,32,SUM-159_I00-IncucyteRawDataLiveDead-varyGlucose_E8_3_01d08h00m,high,315,1469,203,315,495550,SUM-159-fuse I00,0.1 mM
I00 fuse,0.1,32,SUM-159_I00-IncucyteRawDataLiveDead-varyGlucose_E8_4_01d08h00m,high,367,1494,212,367,598010,SUM-159-fuse I00,0.1 mM
I00 fuse,0.1,40,SUM-159_I00-IncucyteRawDataLiveDead-varyGlucose_B3_1_01d16h00m,low,285,1647,179,285,500969,SUM-159-fuse I00,0.1 mM
I00 fuse,0.1,40,SUM-159_I00-IncucyteRawDataLiveDead-varyGlucose_B3_2_01d16h00m,low,234,1761.5,181.5,234,445777,SUM-159-fuse I00,0.1 mM
I00 fuse,0.1,40,SUM-159_I00-IncucyteRawDataLiveDead-varyGlucose_B3_3_01d16h00m,low,279,1687,177,279,489105,SUM-159-fuse I00,0.1 mM
I00 fuse,0.1,40,SUM-159_I00-IncucyteRawDataLiveDead-varyGlucose_B3_4_01d16h00m,low,189,1617,183,189,331235,SUM-159-fuse I00,0.1 mM
I00 fuse,0.1,40,SUM-159_I00-IncucyteRawDataLiveDead-varyGlucose_B8_1_01d16h00m,high,352,1331,208.5,352,504244,SUM-159-fuse I00,0.1 mM
I00 fuse,0.1,40,SUM-159_I00-IncucyteRawDataLiveDead-varyGlucose_B8_2_01d16h00m,high,283,1447,205,283,428167,SUM-159-fuse I00,0.1 mM
I00 fuse,0.1,40,SUM-159_I00-IncucyteRawDataLiveDead-varyGlucose_B8_3_01d16h00m,high,385,1411,215,385,595287,SUM-159-fuse I00,0.1 mM
I00 fuse,0.1,40,SUM-159_I00-IncucyteRawDataLiveDead-varyGlucose_B8_4_01d16h00m,high,345,1363,212,345,523426,SUM-159-fuse I00,0.1 mM
I00 fuse,0.1,40,SUM-159_I00-IncucyteRawDataLiveDead-varyGlucose_C3_1_01d16h00m,low,243,1613,173,243,421272,SUM-159-fuse I00,0.1 mM
I00 fuse,0.1,40,SUM-159_I00-IncucyteRawDataLiveDead-varyGlucose_C3_2_01d16h00m,low,273,1669,172,273,469320,SUM-159-fuse I00,0.1 mM
I00 fuse,0.1,40,SUM-159_I00-IncucyteRawDataLiveDead-varyGlucose_C3_3_01d16h00m,low,249,1633,178,249,438673,SUM-159-fuse I00,0.1 mM
I00 fuse,0.1,40,SUM-159_I00-IncucyteRawDataLiveDead-varyGlucose_C3_4_01d16h00m,low,205,1629,183,205,361140,SUM-159-fuse I00,0.1 mM
I00 fuse,0.1,40,SUM-159_I00-IncucyteRawDataLiveDead-varyGlucose_C8_1_01d16h00m,high,250,1351.5,204.5,250,374436,SUM-159-fuse I00,0.1 mM
I00 fuse,0.1,40,SUM-159_I00-IncucyteRawDataLiveDead-varyGlucose_C8_2_01d16h00m,high,261,1454,207,261,416128,SUM-159-fuse I00,0.1 mM
I00 fuse,0.1,40,SUM-159_I00-IncucyteRawDataLiveDead-varyGlucose_C8_3_01d16h00m,high,313,1414,201,313,489360,SUM-159-fuse I00,0.1 mM
I00 fuse,0.1,40,SUM-159_I00-IncucyteRawDataLiveDead-varyGlucose_C8_4_01d16h00m,high,365,1414,214,365,574371,SUM-159-fuse I00,0.1 mM
I00 fuse,0.1,40,SUM-159_I00-IncucyteRawDataLiveDead-varyGlucose_D3_1_01d16h00m,low,249,1693,181,249,452416,SUM-159-fuse I00,0.1 mM
I00 fuse,0.1,40,SUM-159_I00-IncucyteRawDataLiveDead-varyGlucose_D3_2_01d16h00m,low,310,1627,175,310,553465,SUM-159-fuse I00,0.1 mM
I00 fuse,0.1,40,SUM-159_I00-IncucyteRawDataLiveDead-varyGlucose_D3_3_01d16h00m,low,341,1594,185,341,607656,SUM-159-fuse I00,0.1 mM
I00 fuse,0.1,40,SUM-159_I00-IncucyteRawDataLiveDead-varyGlucose_D3_4_01d16h00m,low,362,1611,177.5,362,613529,SUM-159-fuse I00,0.1 mM
I00 fuse,0.1,40,SUM-159_I00-IncucyteRawDataLiveDead-varyGlucose_D8_1_01d16h00m,high,344,1429,212,344,543519,SUM-159-fuse I00,0.1 mM
I00 fuse,0.1,40,SUM-159_I00-IncucyteRawDataLiveDead-varyGlucose_D8_2_01d16h00m,high,345,1417,204,345,522321,SUM-159-fuse I00,0.1 mM
I00 fuse,0.1,40,SUM-159_I00-IncucyteRawDataLiveDead-varyGlucose_D8_3_01d16h00m,high,375,1503,220,375,617527,SUM-159-fuse I00,0.1 mM
I00 fuse,0.1,40,SUM-159_I00-IncucyteRawDataLiveDead-varyGlucose_D8_4_01d16h00m,high,299,1453,207,299,482921,SUM-159-fuse I00,0.1 mM
I00 fuse,0.1,40,SUM-159_I00-IncucyteRawDataLiveDead-varyGlucose_E3_1_01d16h00m,low,309,1581,178,309,547129,SUM-159-fuse I00,0.1 mM
I00 fuse,0.1,40,SUM-159_I00-IncucyteRawDataLiveDead-varyGlucose_E3_2_01d16h00m,low,229,1528,172,229,383471,SUM-159-fuse I00,0.1 mM
I00 fuse,0.1,40,SUM-159_I00-IncucyteRawDataLiveDead-varyGlucose_E3_3_01d16h00m,low,323,1669,185,323,579936,SUM-159-fuse I00,0.1 mM
I00 fuse,0.1,40,SUM-159_I00-IncucyteRawDataLiveDead-varyGlucose_E3_4_01d16h00m,low,305,1588,179,305,527143,SUM-159-fuse I00,0.1 mM
I00 fuse,0.1,40,SUM-159_I00-IncucyteRawDataLiveDead-varyGlucose_E8_1_01d16h00m,high,302,1471.5,207,302,480726,SUM-159-fuse I00,0.1 mM
I00 fuse,0.1,40,SUM-159_I00-IncucyteRawDataLiveDead-varyGlucose_E8_2_01d16h00m,high,326,1338.5,193,326,498331,SUM-159-fuse I00,0.1 mM
I00 fuse,0.1,40,SUM-159_I00-IncucyteRawDataLiveDead-varyGlucose_E8_3_01d16h00m,high,339,1422,203,339,516245,SUM-159-fuse I00,0.1 mM
I00 fuse,0.1,40,SUM-159_I00-IncucyteRawDataLiveDead-varyGlucose_E8_4_01d16h00m,high,377,1395,210,377,578189,SUM-159-fuse I00,0.1 mM
I00 fuse,0.1,48,SUM-159_I00-IncucyteRawDataLiveDead-varyGlucose_B3_1_02d00h00m,low,284,1660,184,284,506468,SUM-159-fuse I00,0.1 mM
I00 fuse,0.1,48,SUM-159_I00-IncucyteRawDataLiveDead-varyGlucose_B3_2_02d00h00m,low,241,1686,182,241,443763,SUM-159-fuse I00,0.1 mM
I00 fuse,0.1,48,SUM-159_I00-IncucyteRawDataLiveDead-varyGlucose_B3_3_02d00h00m,low,281,1685,186,281,501331,SUM-159-fuse I00,0.1 mM
I00 fuse,0.1,48,SUM-159_I00-IncucyteRawDataLiveDead-varyGlucose_B3_4_02d00h00m,low,178,1776,189,178,323302,SUM-159-fuse I00,0.1 mM
I00 fuse,0.1,48,SUM-159_I00-IncucyteRawDataLiveDead-varyGlucose_B8_1_02d00h00m,high,314,1147,203,314,399272,SUM-159-fuse I00,0.1 mM
I00 fuse,0.1,48,SUM-159_I00-IncucyteRawDataLiveDead-varyGlucose_B8_2_02d00h00m,high,254,1183.5,203,254,347002,SUM-159-fuse I00,0.1 mM
I00 fuse,0.1,48,SUM-159_I00-IncucyteRawDataLiveDead-varyGlucose_B8_3_02d00h00m,high,340,1246.5,205,340,472010,SUM-159-fuse I00,0.1 mM
I00 fuse,0.1,48,SUM-159_I00-IncucyteRawDataLiveDead-varyGlucose_B8_4_02d00h00m,high,317,1266,216,317,441500,SUM-159-fuse I00,0.1 mM
I00 fuse,0.1,48,SUM-159_I00-IncucyteRawDataLiveDead-varyGlucose_C3_1_02d00h00m,low,245,1649,182,245,432601,SUM-159-fuse I00,0.1 mM
I00 fuse,0.1,48,SUM-159_I00-IncucyteRawDataLiveDead-varyGlucose_C3_2_02d00h00m,low,284,1547,178,284,492717,SUM-159-fuse I00,0.1 mM
I00 fuse,0.1,48,SUM-159_I00-IncucyteRawDataLiveDead-varyGlucose_C3_3_02d00h00m,low,245,1702,190,245,446591,SUM-159-fuse I00,0.1 mM
I00 fuse,0.1,48,SUM-159_I00-IncucyteRawDataLiveDead-varyGlucose_C3_4_02d00h00m,low,199,1687,186,199,362223,SUM-159-fuse I00,0.1 mM
I00 fuse,0.1,48,SUM-159_I00-IncucyteRawDataLiveDead-varyGlucose_C8_1_02d00h00m,high,210,1336,209.5,210,310726,SUM-159-fuse I00,0.1 mM
I00 fuse,0.1,48,SUM-159_I00-IncucyteRawDataLiveDead-varyGlucose_C8_2_02d00h00m,high,260,1239.5,202,260,371867,SUM-159-fuse I00,0.1 mM
I00 fuse,0.1,48,SUM-159_I00-IncucyteRawDataLiveDead-varyGlucose_C8_3_02d00h00m,high,273,1263,206,273,402379,SUM-159-fuse I00,0.1 mM
I00 fuse,0.1,48,SUM-159_I00-IncucyteRawDataLiveDead-varyGlucose_C8_4_02d00h00m,high,327,1336,214,327,497412,SUM-159-fuse I00,0.1 mM
I00 fuse,0.1,48,SUM-159_I00-IncucyteRawDataLiveDead-varyGlucose_D3_1_02d00h00m,low,257,1582,180,257,448664,SUM-159-fuse I00,0.1 mM
I00 fuse,0.1,48,SUM-159_I00-IncucyteRawDataLiveDead-varyGlucose_D3_2_02d00h00m,low,314,1653,181,314,570925,SUM-159-fuse I00,0.1 mM
I00 fuse,0.1,48,SUM-159_I00-IncucyteRawDataLiveDead-varyGlucose_D3_3_02d00h00m,low,346,1670,190,346,631653,SUM-159-fuse I00,0.1 mM
I00 fuse,0.1,48,SUM-159_I00-IncucyteRawDataLiveDead-varyGlucose_D3_4_02d00h00m,low,359,1597,178,359,600251,SUM-159-fuse I00,0.1 mM
I00 fuse,0.1,48,SUM-159_I00-IncucyteRawDataLiveDead-varyGlucose_D8_1_02d00h00m,high,319,1304,210,319,459131,SUM-159-fuse I00,0.1 mM
I00 fuse,0.1,48,SUM-159_I00-IncucyteRawDataLiveDead-varyGlucose_D8_2_02d00h00m,high,320,1310,204.5,320,464738,SUM-159-fuse I00,0.1 mM
I00 fuse,0.1,48,SUM-159_I00-IncucyteRawDataLiveDead-varyGlucose_D8_3_02d00h00m,high,359,1272,205,359,520758,SUM-159-fuse I00,0.1 mM
I00 fuse,0.1,48,SUM-159_I00-IncucyteRawDataLiveDead-varyGlucose_D8_4_02d00h00m,high,283,1366,206,283,432283,SUM-159-fuse I00,0.1 mM
I00 fuse,0.1,48,SUM-159_I00-IncucyteRawDataLiveDead-varyGlucose_E3_1_02d00h00m,low,314,1615,181,314,573399,SUM-159-fuse I00,0.1 mM
I00 fuse,0.1,48,SUM-159_I00-IncucyteRawDataLiveDead-varyGlucose_E3_2_02d00h00m,low,234,1624.5,182,234,411805,SUM-159-fuse I00,0.1 mM
I00 fuse,0.1,48,SUM-159_I00-IncucyteRawDataLiveDead-varyGlucose_E3_3_02d00h00m,low,336,1667.5,188,336,609107,SUM-159-fuse I00,0.1 mM
I00 fuse,0.1,48,SUM-159_I00-IncucyteRawDataLiveDead-varyGlucose_E3_4_02d00h00m,low,304,1643.5,185,304,531153,SUM-159-fuse I00,0.1 mM
I00 fuse,0.1,48,SUM-159_I00-IncucyteRawDataLiveDead-varyGlucose_E8_1_02d00h00m,high,276,1308.5,202,276,410745,SUM-159-fuse I00,0.1 mM
I00 fuse,0.1,48,SUM-159_I00-IncucyteRawDataLiveDead-varyGlucose_E8_2_02d00h00m,high,313,1279,199,313,472938,SUM-159-fuse I00,0.1 mM
I00 fuse,0.1,48,SUM-159_I00-IncucyteRawDataLiveDead-varyGlucose_E8_3_02d00h00m,high,301,1263,205,301,425661,SUM-159-fuse I00,0.1 mM
I00 fuse,0.1,48,SUM-159_I00-IncucyteRawDataLiveDead-varyGlucose_E8_4_02d00h00m,high,339,1193,207,339,461492,SUM-159-fuse I00,0.1 mM
I00 fuse,0.5,24,SUM-159_I00-IncucyteRawDataLiveDead-varyGlucose_B10_1_01d00h00m,high,339,1381,202,339,495987,SUM-159-fuse I00,0.5 mM
I00 fuse,0.5,24,SUM-159_I00-IncucyteRawDataLiveDead-varyGlucose_B10_2_01d00h00m,high,367,1332,206,367,530132,SUM-159-fuse I00,0.5 mM
I00 fuse,0.5,24,SUM-159_I00-IncucyteRawDataLiveDead-varyGlucose_B10_3_01d00h00m,high,343,1400,201,343,501235,SUM-159-fuse I00,0.5 mM
I00 fuse,0.5,24,SUM-159_I00-IncucyteRawDataLiveDead-varyGlucose_B10_4_01d00h00m,high,373,1429,204,373,554728,SUM-159-fuse I00,0.5 mM
I00 fuse,0.5,24,SUM-159_I00-IncucyteRawDataLiveDead-varyGlucose_B5_1_01d00h00m,low,294,1621.5,180.5,294,509873,SUM-159-fuse I00,0.5 mM
I00 fuse,0.5,24,SUM-159_I00-IncucyteRawDataLiveDead-varyGlucose_B5_2_01d00h00m,low,374,1626,184.5,374,649618,SUM-159-fuse I00,0.5 mM
I00 fuse,0.5,24,SUM-159_I00-IncucyteRawDataLiveDead-varyGlucose_B5_3_01d00h00m,low,385,1651,186,385,647256,SUM-159-fuse I00,0.5 mM
I00 fuse,0.5,24,SUM-159_I00-IncucyteRawDataLiveDead-varyGlucose_B5_4_01d00h00m,low,266,1642.5,179,266,476711,SUM-159-fuse I00,0.5 mM
I00 fuse,0.5,24,SUM-159_I00-IncucyteRawDataLiveDead-varyGlucose_C10_1_01d00h00m,high,291,1503,202,291,465975,SUM-159-fuse I00,0.5 mM
I00 fuse,0.5,24,SUM-159_I00-IncucyteRawDataLiveDead-varyGlucose_C10_2_01d00h00m,high,293,1490,208,293,457905,SUM-159-fuse I00,0.5 mM
I00 fuse,0.5,24,SUM-159_I00-IncucyteRawDataLiveDead-varyGlucose_C10_3_01d00h00m,high,361,1353,200,361,521537,SUM-159-fuse I00,0.5 mM
I00 fuse,0.5,24,SUM-159_I00-IncucyteRawDataLiveDead-varyGlucose_C10_4_01d00h00m,high,320,1461.5,203,320,488718,SUM-159-fuse I00,0.5 mM
I00 fuse,0.5,24,SUM-159_I00-IncucyteRawDataLiveDead-varyGlucose_C5_1_01d00h00m,low,309,1732,188,309,561294,SUM-159-fuse I00,0.5 mM
I00 fuse,0.5,24,SUM-159_I00-IncucyteRawDataLiveDead-varyGlucose_C5_2_01d00h00m,low,254,1619,178,254,456130,SUM-159-fuse I00,0.5 mM
I00 fuse,0.5,24,SUM-159_I00-IncucyteRawDataLiveDead-varyGlucose_C5_3_01d00h00m,low,305,1672,183,305,541999,SUM-159-fuse I00,0.5 mM
I00 fuse,0.5,24,SUM-159_I00-IncucyteRawDataLiveDead-varyGlucose_C5_4_01d00h00m,low,299,1642,181,299,527487,SUM-159-fuse I00,0.5 mM
I00 fuse,0.5,24,SUM-159_I00-IncucyteRawDataLiveDead-varyGlucose_D10_1_01d00h00m,high,284,1423.5,200.5,284,424151,SUM-159-fuse I00,0.5 mM
I00 fuse,0.5,24,SUM-159_I00-IncucyteRawDataLiveDead-varyGlucose_D10_2_01d00h00m,high,309,1488,203,309,488500,SUM-159-fuse I00,0.5 mM
I00 fuse,0.5,24,SUM-159_I00-IncucyteRawDataLiveDead-varyGlucose_D10_3_01d00h00m,high,351,1367,207,351,519691,SUM-159-fuse I00,0.5 mM
I00 fuse,0.5,24,SUM-159_I00-IncucyteRawDataLiveDead-varyGlucose_D10_4_01d00h00m,high,387,1445,203,387,579770,SUM-159-fuse I00,0.5 mM
I00 fuse,0.5,24,SUM-159_I00-IncucyteRawDataLiveDead-varyGlucose_D5_1_01d00h00m,low,274,1617.5,181,274,473290,SUM-159-fuse I00,0.5 mM
I00 fuse,0.5,24,SUM-159_I00-IncucyteRawDataLiveDead-varyGlucose_D5_2_01d00h00m,low,295,1718,191,295,531823,SUM-159-fuse I00,0.5 mM
I00 fuse,0.5,24,SUM-159_I00-IncucyteRawDataLiveDead-varyGlucose_D5_3_01d00h00m,low,271,1705,184,271,514873,SUM-159-fuse I00,0.5 mM
I00 fuse,0.5,24,SUM-159_I00-IncucyteRawDataLiveDead-varyGlucose_D5_4_01d00h00m,low,355,1655,186,355,628495,SUM-159-fuse I00,0.5 mM
I00 fuse,0.5,24,SUM-159_I00-IncucyteRawDataLiveDead-varyGlucose_E10_1_01d00h00m,high,224,1456.5,200,224,356926,SUM-159-fuse I00,0.5 mM
I00 fuse,0.5,24,SUM-159_I00-IncucyteRawDataLiveDead-varyGlucose_E10_2_01d00h00m,high,290,1555,209,290,470806,SUM-159-fuse I00,0.5 mM
I00 fuse,0.5,24,SUM-159_I00-IncucyteRawDataLiveDead-varyGlucose_E10_3_01d00h00m,high,305,1518,212,305,476722,SUM-159-fuse I00,0.5 mM
I00 fuse,0.5,24,SUM-159_I00-IncucyteRawDataLiveDead-varyGlucose_E10_4_01d00h00m,high,343,1438,206,343,515233,SUM-159-fuse I00,0.5 mM
I00 fuse,0.5,24,SUM-159_I00-IncucyteRawDataLiveDead-varyGlucose_E5_1_01d00h00m,low,264,1572,177.5,264,440332,SUM-159-fuse I00,0.5 mM
I00 fuse,0.5,24,SUM-159_I00-IncucyteRawDataLiveDead-varyGlucose_E5_2_01d00h00m,low,291,1640,178,291,515367,SUM-159-fuse I00,0.5 mM
I00 fuse,0.5,24,SUM-159_I00-IncucyteRawDataLiveDead-varyGlucose_E5_3_01d00h00m,low,403,1578,186,403,673949,SUM-159-fuse I00,0.5 mM
I00 fuse,0.5,24,SUM-159_I00-IncucyteRawDataLiveDead-varyGlucose_E5_4_01d00h00m,low,374,1760,196,374,672691,SUM-159-fuse I00,0.5 mM
I00 fuse,0.5,32,SUM-159_I00-IncucyteRawDataLiveDead-varyGlucose_B10_1_01d08h00m,high,500,1274.5,205,500,689048,SUM-159-fuse I00,0.5 mM
I00 fuse,0.5,32,SUM-159_I00-IncucyteRawDataLiveDead-varyGlucose_B10_2_01d08h00m,high,502,1306.5,210.5,502,706234,SUM-159-fuse I00,0.5 mM
I00 fuse,0.5,32,SUM-159_I00-IncucyteRawDataLiveDead-varyGlucose_B10_3_01d08h00m,high,462,1308.5,206.5,462,637527,SUM-159-fuse I00,0.5 mM
I00 fuse,0.5,32,SUM-159_I00-IncucyteRawDataLiveDead-varyGlucose_B10_4_01d08h00m,high,511,1324,209,511,706525,SUM-159-fuse I00,0.5 mM
I00 fuse,0.5,32,SUM-159_I00-IncucyteRawDataLiveDead-varyGlucose_B5_1_01d08h00m,low,335,1871,201,335,658172,SUM-159-fuse I00,0.5 mM
I00 fuse,0.5,32,SUM-159_I00-IncucyteRawDataLiveDead-varyGlucose_B5_2_01d08h00m,low,424,1799.5,201,424,817064,SUM-159-fuse I00,0.5 mM
I00 fuse,0.5,32,SUM-159_I00-IncucyteRawDataLiveDead-varyGlucose_B5_3_01d08h00m,low,436,1865.5,203,436,838120,SUM-159-fuse I00,0.5 mM
I00 fuse,0.5,32,SUM-159_I00-IncucyteRawDataLiveDead-varyGlucose_B5_4_01d08h00m,low,296,1854.5,204,296,604246,SUM-159-fuse I00,0.5 mM
I00 fuse,0.5,32,SUM-159_I00-IncucyteRawDataLiveDead-varyGlucose_C10_1_01d08h00m,high,415,1396,206,415,617079,SUM-159-fuse I00,0.5 mM
I00 fuse,0.5,32,SUM-159_I00-IncucyteRawDataLiveDead-varyGlucose_C10_2_01d08h00m,high,433,1294,199,433,590134,SUM-159-fuse I00,0.5 mM
I00 fuse,0.5,32,SUM-159_I00-IncucyteRawDataLiveDead-varyGlucose_C10_3_01d08h00m,high,502,1312.5,211,502,703859,SUM-159-fuse I00,0.5 mM
I00 fuse,0.5,32,SUM-159_I00-IncucyteRawDataLiveDead-varyGlucose_C10_4_01d08h00m,high,437,1358,207,437,633363,SUM-159-fuse I00,0.5 mM
I00 fuse,0.5,32,SUM-159_I00-IncucyteRawDataLiveDead-varyGlucose_C5_1_01d08h00m,low,356,1817,194,356,695070,SUM-159-fuse I00,0.5 mM
I00 fuse,0.5,32,SUM-159_I00-IncucyteRawDataLiveDead-varyGlucose_C5_2_01d08h00m,low,293,1817,194,293,576632,SUM-159-fuse I00,0.5 mM
I00 fuse,0.5,32,SUM-159_I00-IncucyteRawDataLiveDead-varyGlucose_C5_3_01d08h00m,low,347,1869,199,347,680047,SUM-159-fuse I00,0.5 mM
I00 fuse,0.5,32,SUM-159_I00-IncucyteRawDataLiveDead-varyGlucose_C5_4_01d08h00m,low,338,1818,199,338,666691,SUM-159-fuse I00,0.5 mM
I00 fuse,0.5,32,SUM-159_I00-IncucyteRawDataLiveDead-varyGlucose_D10_1_01d08h00m,high,404,1353,205,404,576428,SUM-159-fuse I00,0.5 mM
I00 fuse,0.5,32,SUM-159_I00-IncucyteRawDataLiveDead-varyGlucose_D10_2_01d08h00m,high,437,1401,206,437,631373,SUM-159-fuse I00,0.5 mM
I00 fuse,0.5,32,SUM-159_I00-IncucyteRawDataLiveDead-varyGlucose_D10_3_01d08h00m,high,483,1316,211,483,673161,SUM-159-fuse I00,0.5 mM
I00 fuse,0.5,32,SUM-159_I00-IncucyteRawDataLiveDead-varyGlucose_D10_4_01d08h00m,high,520,1374.5,218,520,744043,SUM-159-fuse I00,0.5 mM
I00 fuse,0.5,32,SUM-159_I00-IncucyteRawDataLiveDead-varyGlucose_D5_1_01d08h00m,low,311,1866,205,311,614213,SUM-159-fuse I00,0.5 mM
I00 fuse,0.5,32,SUM-159_I00-IncucyteRawDataLiveDead-varyGlucose_D5_2_01d08h00m,low,341,1804,202,341,668462,SUM-159-fuse I00,0.5 mM
I00 fuse,0.5,32,SUM-159_I00-IncucyteRawDataLiveDead-varyGlucose_D5_3_01d08h00m,low,323,1760,194,323,649630,SUM-159-fuse I00,0.5 mM
I00 fuse,0.5,32,SUM-159_I00-IncucyteRawDataLiveDead-varyGlucose_D5_4_01d08h00m,low,410,1870,206.5,410,823071,SUM-159-fuse I00,0.5 mM
I00 fuse,0.5,32,SUM-159_I00-IncucyteRawDataLiveDead-varyGlucose_E10_1_01d08h00m,high,333,1395,209,333,490187,SUM-159-fuse I00,0.5 mM
I00 fuse,0.5,32,SUM-159_I00-IncucyteRawDataLiveDead-varyGlucose_E10_2_01d08h00m,high,407,1416,210,407,605806,SUM-159-fuse I00,0.5 mM
I00 fuse,0.5,32,SUM-159_I00-IncucyteRawDataLiveDead-varyGlucose_E10_3_01d08h00m,high,449,1341,205,449,646799,SUM-159-fuse I00,0.5 mM
I00 fuse,0.5,32,SUM-159_I00-IncucyteRawDataLiveDead-varyGlucose_E10_4_01d08h00m,high,503,1272,200,503,664212,SUM-159-fuse I00,0.5 mM
I00 fuse,0.5,32,SUM-159_I00-IncucyteRawDataLiveDead-varyGlucose_E5_1_01d08h00m,low,318,1757.5,190.5,318,587602,SUM-159-fuse I00,0.5 mM
I00 fuse,0.5,32,SUM-159_I00-IncucyteRawDataLiveDead-varyGlucose_E5_2_01d08h00m,low,336,1873,197.5,336,671906,SUM-159-fuse I00,0.5 mM
I00 fuse,0.5,32,SUM-159_I00-IncucyteRawDataLiveDead-varyGlucose_E5_3_01d08h00m,low,463,1783,202,463,860518,SUM-159-fuse I00,0.5 mM
I00 fuse,0.5,32,SUM-159_I00-IncucyteRawDataLiveDead-varyGlucose_E5_4_01d08h00m,low,436,1800,209,436,839110,SUM-159-fuse I00,0.5 mM
I00 fuse,0.5,40,SUM-159_I00-IncucyteRawDataLiveDead-varyGlucose_B10_1_01d16h00m,high,553,1277,211,553,753170,SUM-159-fuse I00,0.5 mM
I00 fuse,0.5,40,SUM-159_I00-IncucyteRawDataLiveDead-varyGlucose_B10_2_01d16h00m,high,550,1373,222,550,801553,SUM-159-fuse I00,0.5 mM
I00 fuse,0.5,40,SUM-159_I00-IncucyteRawDataLiveDead-varyGlucose_B10_3_01d16h00m,high,513,1271,214,513,697461,SUM-159-fuse I00,0.5 mM
I00 fuse,0.5,40,SUM-159_I00-IncucyteRawDataLiveDead-varyGlucose_B10_4_01d16h00m,high,571,1280,218,571,780366,SUM-159-fuse I00,0.5 mM
I00 fuse,0.5,40,SUM-159_I00-IncucyteRawDataLiveDead-varyGlucose_B5_1_01d16h00m,low,385,1763,201,385,752201,SUM-159-fuse I00,0.5 mM
I00 fuse,0.5,40,SUM-159_I00-IncucyteRawDataLiveDead-varyGlucose_B5_2_01d16h00m,low,486,1830,209,486,958373,SUM-159-fuse I00,0.5 mM
I00 fuse,0.5,40,SUM-159_I00-IncucyteRawDataLiveDead-varyGlucose_B5_3_01d16h00m,low,496,1751.5,207,496,948481,SUM-159-fuse I00,0.5 mM
I00 fuse,0.5,40,SUM-159_I00-IncucyteRawDataLiveDead-varyGlucose_B5_4_01d16h00m,low,354,1742.5,205,354,699922,SUM-159-fuse I00,0.5 mM
I00 fuse,0.5,40,SUM-159_I00-IncucyteRawDataLiveDead-varyGlucose_C10_1_01d16h00m,high,456,1347.5,216,456,665133,SUM-159-fuse I00,0.5 mM
I00 fuse,0.5,40,SUM-159_I00-IncucyteRawDataLiveDead-varyGlucose_C10_2_01d16h00m,high,477,1352,215,477,677722,SUM-159-fuse I00,0.5 mM
I00 fuse,0.5,40,SUM-159_I00-IncucyteRawDataLiveDead-varyGlucose_C10_3_01d16h00m,high,569,1314,217,569,776596,SUM-159-fuse I00,0.5 mM
I00 fuse,0.5,40,SUM-159_I00-IncucyteRawDataLiveDead-varyGlucose_C10_4_01d16h00m,high,494,1332,219,494,703751,SUM-159-fuse I00,0.5 mM
I00 fuse,0.5,40,SUM-159_I00-IncucyteRawDataLiveDead-varyGlucose_C5_1_01d16h00m,low,409,1874,208,409,827592,SUM-159-fuse I00,0.5 mM
I00 fuse,0.5,40,SUM-159_I00-IncucyteRawDataLiveDead-varyGlucose_C5_2_01d16h00m,low,333,1913,209,333,686197,SUM-159-fuse I00,0.5 mM
I00 fuse,0.5,40,SUM-159_I00-IncucyteRawDataLiveDead-varyGlucose_C5_3_01d16h00m,low,395,1816,207,395,775126,SUM-159-fuse I00,0.5 mM
I00 fuse,0.5,40,SUM-159_I00-IncucyteRawDataLiveDead-varyGlucose_C5_4_01d16h00m,low,386,1801.5,199,386,762673,SUM-159-fuse I00,0.5 mM
I00 fuse,0.5,40,SUM-159_I00-IncucyteRawDataLiveDead-varyGlucose_D10_1_01d16h00m,high,475,1267,210,475,646753,SUM-159-fuse I00,0.5 mM
I00 fuse,0.5,40,SUM-159_I00-IncucyteRawDataLiveDead-varyGlucose_D10_2_01d16h00m,high,482,1329.5,216,482,683203,SUM-159-fuse I00,0.5 mM
I00 fuse,0.5,40,SUM-159_I00-IncucyteRawDataLiveDead-varyGlucose_D10_3_01d16h00m,high,554,1377.5,222,554,786407,SUM-159-fuse I00,0.5 mM
I00 fuse,0.5,40,SUM-159_I00-IncucyteRawDataLiveDead-varyGlucose_D10_4_01d16h00m,high,615,1321,217,615,858826,SUM-159-fuse I00,0.5 mM
I00 fuse,0.5,40,SUM-159_I00-IncucyteRawDataLiveDead-varyGlucose_D5_1_01d16h00m,low,355,1890,209,355,725033,SUM-159-fuse I00,0.5 mM
I00 fuse,0.5,40,SUM-159_I00-IncucyteRawDataLiveDead-varyGlucose_D5_2_01d16h00m,low,421,1700,200,421,796936,SUM-159-fuse I00,0.5 mM
I00 fuse,0.5,40,SUM-159_I00-IncucyteRawDataLiveDead-varyGlucose_D5_3_01d16h00m,low,371,1803,203,371,762908,SUM-159-fuse I00,0.5 mM
I00 fuse,0.5,40,SUM-159_I00-IncucyteRawDataLiveDead-varyGlucose_D5_4_01d16h00m,low,477,1772,210,477,943420,SUM-159-fuse I00,0.5 mM
I00 fuse,0.5,40,SUM-159_I00-IncucyteRawDataLiveDead-varyGlucose_E10_1_01d16h00m,high,371,1447,214,371,559051,SUM-159-fuse I00,0.5 mM
I00 fuse,0.5,40,SUM-159_I00-IncucyteRawDataLiveDead-varyGlucose_E10_2_01d16h00m,high,459,1338,220,459,668009,SUM-159-fuse I00,0.5 mM
I00 fuse,0.5,40,SUM-159_I00-IncucyteRawDataLiveDead-varyGlucose_E10_3_01d16h00m,high,503,1378,216,503,731475,SUM-159-fuse I00,0.5 mM
I00 fuse,0.5,40,SUM-159_I00-IncucyteRawDataLiveDead-varyGlucose_E10_4_01d16h00m,high,549,1280,205,549,726081,SUM-159-fuse I00,0.5 mM
I00 fuse,0.5,40,SUM-159_I00-IncucyteRawDataLiveDead-varyGlucose_E5_1_01d16h00m,low,352,1846.5,204.5,352,698024,SUM-159-fuse I00,0.5 mM
I00 fuse,0.5,40,SUM-159_I00-IncucyteRawDataLiveDead-varyGlucose_E5_2_01d16h00m,low,393,1900,208,393,809041,SUM-159-fuse I00,0.5 mM
I00 fuse,0.5,40,SUM-159_I00-IncucyteRawDataLiveDead-varyGlucose_E5_3_01d16h00m,low,538,1668,207,538,990094,SUM-159-fuse I00,0.5 mM
I00 fuse,0.5,40,SUM-159_I00-IncucyteRawDataLiveDead-varyGlucose_E5_4_01d16h00m,low,506,1785,212,506,975331,SUM-159-fuse I00,0.5 mM
I00 fuse,0.5,48,SUM-159_I00-IncucyteRawDataLiveDead-varyGlucose_B10_1_02d00h00m,high,616,1200.5,205,616,781990,SUM-159-fuse I00,0.5 mM
I00 fuse,0.5,48,SUM-159_I00-IncucyteRawDataLiveDead-varyGlucose_B10_2_02d00h00m,high,591,1236,217,591,789057,SUM-159-fuse I00,0.5 mM
I00 fuse,0.5,48,SUM-159_I00-IncucyteRawDataLiveDead-varyGlucose_B10_3_02d00h00m,high,556,1223,211,556,727665,SUM-159-fuse I00,0.5 mM
I00 fuse,0.5,48,SUM-159_I00-IncucyteRawDataLiveDead-varyGlucose_B10_4_02d00h00m,high,610,1219.5,217,610,798353,SUM-159-fuse I00,0.5 mM
I00 fuse,0.5,48,SUM-159_I00-IncucyteRawDataLiveDead-varyGlucose_B5_1_02d00h00m,low,405,1759,213,405,794751,SUM-159-fuse I00,0.5 mM
I00 fuse,0.5,48,SUM-159_I00-IncucyteRawDataLiveDead-varyGlucose_B5_2_02d00h00m,low,506,1892.5,220,506,1024666,SUM-159-fuse I00,0.5 mM
I00 fuse,0.5,48,SUM-159_I00-IncucyteRawDataLiveDead-varyGlucose_B5_3_02d00h00m,low,539,1661,213,539,1013141,SUM-159-fuse I00,0.5 mM
I00 fuse,0.5,48,SUM-159_I00-IncucyteRawDataLiveDead-varyGlucose_B5_4_02d00h00m,low,386,1772.5,207,386,769359,SUM-159-fuse I00,0.5 mM
I00 fuse,0.5,48,SUM-159_I00-IncucyteRawDataLiveDead-varyGlucose_C10_1_02d00h00m,high,510,1269.5,216,510,710433,SUM-159-fuse I00,0.5 mM
I00 fuse,0.5,48,SUM-159_I00-IncucyteRawDataLiveDead-varyGlucose_C10_2_02d00h00m,high,536,1254.5,210,536,714342,SUM-159-fuse I00,0.5 mM
I00 fuse,0.5,48,SUM-159_I00-IncucyteRawDataLiveDead-varyGlucose_C10_3_02d00h00m,high,632,1166,207,632,795815,SUM-159-fuse I00,0.5 mM
I00 fuse,0.5,48,SUM-159_I00-IncucyteRawDataLiveDead-varyGlucose_C10_4_02d00h00m,high,559,1228,209,559,734087,SUM-159-fuse I00,0.5 mM
I00 fuse,0.5,48,SUM-159_I00-IncucyteRawDataLiveDead-varyGlucose_C5_1_02d00h00m,low,433,1762,211,433,877487,SUM-159-fuse I00,0.5 mM
I00 fuse,0.5,48,SUM-159_I00-IncucyteRawDataLiveDead-varyGlucose_C5_2_02d00h00m,low,361,1882,210,361,725252,SUM-159-fuse I00,0.5 mM
I00 fuse,0.5,48,SUM-159_I00-IncucyteRawDataLiveDead-varyGlucose_C5_3_02d00h00m,low,423,1794,215,423,850135,SUM-159-fuse I00,0.5 mM
I00 fuse,0.5,48,SUM-159_I00-IncucyteRawDataLiveDead-varyGlucose_C5_4_02d00h00m,low,427,1716,209,427,829469,SUM-159-fuse I00,0.5 mM
I00 fuse,0.5,48,SUM-159_I00-IncucyteRawDataLiveDead-varyGlucose_D10_1_02d00h00m,high,495,1263,210,495,656970,SUM-159-fuse I00,0.5 mM
I00 fuse,0.5,48,SUM-159_I00-IncucyteRawDataLiveDead-varyGlucose_D10_2_02d00h00m,high,571,1172,200,571,727487,SUM-159-fuse I00,0.5 mM
I00 fuse,0.5,48,SUM-159_I00-IncucyteRawDataLiveDead-varyGlucose_D10_3_02d00h00m,high,587,1270,219,587,784465,SUM-159-fuse I00,0.5 mM
I00 fuse,0.5,48,SUM-159_I00-IncucyteRawDataLiveDead-varyGlucose_D10_4_02d00h00m,high,671,1260,215,671,905818,SUM-159-fuse I00,0.5 mM
I00 fuse,0.5,48,SUM-159_I00-IncucyteRawDataLiveDead-varyGlucose_D5_1_02d00h00m,low,380,1801,216,380,762935,SUM-159-fuse I00,0.5 mM
I00 fuse,0.5,48,SUM-159_I00-IncucyteRawDataLiveDead-varyGlucose_D5_2_02d00h00m,low,448,1674.5,214,448,869166,SUM-159-fuse I00,0.5 mM
I00 fuse,0.5,48,SUM-159_I00-IncucyteRawDataLiveDead-varyGlucose_D5_3_02d00h00m,low,399,1802,213,399,810540,SUM-159-fuse I00,0.5 mM
I00 fuse,0.5,48,SUM-159_I00-IncucyteRawDataLiveDead-varyGlucose_D5_4_02d00h00m,low,507,1775,215,507,1033203,SUM-159-fuse I00,0.5 mM
I00 fuse,0.5,48,SUM-159_I00-IncucyteRawDataLiveDead-varyGlucose_E10_1_02d00h00m,high,417,1283,214,417,573693,SUM-159-fuse I00,0.5 mM
I00 fuse,0.5,48,SUM-159_I00-IncucyteRawDataLiveDead-varyGlucose_E10_2_02d00h00m,high,503,1246,213,503,688841,SUM-159-fuse I00,0.5 mM
I00 fuse,0.5,48,SUM-159_I00-IncucyteRawDataLiveDead-varyGlucose_E10_3_02d00h00m,high,534,1304,215.5,534,756400,SUM-159-fuse I00,0.5 mM
I00 fuse,0.5,48,SUM-159_I00-IncucyteRawDataLiveDead-varyGlucose_E10_4_02d00h00m,high,596,1164,207,596,738493,SUM-159-fuse I00,0.5 mM
I00 fuse,0.5,48,SUM-159_I00-IncucyteRawDataLiveDead-varyGlucose_E5_1_02d00h00m,low,395,1853,211,395,783413,SUM-159-fuse I00,0.5 mM
I00 fuse,0.5,48,SUM-159_I00-IncucyteRawDataLiveDead-varyGlucose_E5_2_02d00h00m,low,419,1843,216,419,864638,SUM-159-fuse I00,0.5 mM
I00 fuse,0.5,48,SUM-159_I00-IncucyteRawDataLiveDead-varyGlucose_E5_3_02d00h00m,low,575,1722,218,575,1090708,SUM-159-fuse I00,0.5 mM
I00 fuse,0.5,48,SUM-159_I00-IncucyteRawDataLiveDead-varyGlucose_E5_4_02d00h00m,low,534,1795.5,226,534,1051987,SUM-159-fuse I00,0.5 mM
I00 fuse,1,24,SUM-159_I00-IncucyteRawDataLiveDead-varyGlucose_B11_1_01d00h00m,high,327,1275,190,327,442086,SUM-159-fuse I00,1 mM
I00 fuse,1,24,SUM-159_I00-IncucyteRawDataLiveDead-varyGlucose_B11_2_01d00h00m,high,310,1325,191,310,436975,SUM-159-fuse I00,1 mM
I00 fuse,1,24,SUM-159_I00-IncucyteRawDataLiveDead-varyGlucose_B11_3_01d00h00m,high,429,1282,193,429,582448,SUM-159-fuse I00,1 mM
I00 fuse,1,24,SUM-159_I00-IncucyteRawDataLiveDead-varyGlucose_B11_4_01d00h00m,high,347,1362,187,347,493910,SUM-159-fuse I00,1 mM
I00 fuse,1,24,SUM-159_I00-IncucyteRawDataLiveDead-varyGlucose_B6_1_01d00h00m,low,293,1614,183,293,504352,SUM-159-fuse I00,1 mM
I00 fuse,1,24,SUM-159_I00-IncucyteRawDataLiveDead-varyGlucose_B6_2_01d00h00m,low,342,1560,181.5,342,583315,SUM-159-fuse I00,1 mM
I00 fuse,1,24,SUM-159_I00-IncucyteRawDataLiveDead-varyGlucose_B6_3_01d00h00m,low,321,1638,186,321,554532,SUM-159-fuse I00,1 mM
I00 fuse,1,24,SUM-159_I00-IncucyteRawDataLiveDead-varyGlucose_B6_4_01d00h00m,low,270,1619,177,270,471519,SUM-159-fuse I00,1 mM
I00 fuse,1,24,SUM-159_I00-IncucyteRawDataLiveDead-varyGlucose_C11_1_01d00h00m,high,288,1324.5,199.5,288,412740,SUM-159-fuse I00,1 mM
I00 fuse,1,24,SUM-159_I00-IncucyteRawDataLiveDead-varyGlucose_C11_2_01d00h00m,high,339,1205,192,339,459331,SUM-159-fuse I00,1 mM
I00 fuse,1,24,SUM-159_I00-IncucyteRawDataLiveDead-varyGlucose_C11_3_01d00h00m,high,324,1280.5,195.5,324,441330,SUM-159-fuse I00,1 mM
I00 fuse,1,24,SUM-159_I00-IncucyteRawDataLiveDead-varyGlucose_C11_4_01d00h00m,high,276,1509.5,209,276,422636,SUM-159-fuse I00,1 mM
I00 fuse,1,24,SUM-159_I00-IncucyteRawDataLiveDead-varyGlucose_C6_1_01d00h00m,low,310,1575,180.5,310,497550,SUM-159-fuse I00,1 mM
I00 fuse,1,24,SUM-159_I00-IncucyteRawDataLiveDead-varyGlucose_C6_2_01d00h00m,low,233,1635,181,233,411972,SUM-159-fuse I00,1 mM
I00 fuse,1,24,SUM-159_I00-IncucyteRawDataLiveDead-varyGlucose_C6_3_01d00h00m,low,318,1656.5,183,318,558188,SUM-159-fuse I00,1 mM
I00 fuse,1,24,SUM-159_I00-IncucyteRawDataLiveDead-varyGlucose_C6_4_01d00h00m,low,267,1713,184,267,483252,SUM-159-fuse I00,1 mM
I00 fuse,1,24,SUM-159_I00-IncucyteRawDataLiveDead-varyGlucose_D11_1_01d00h00m,high,281,1350,196,281,408775,SUM-159-fuse I00,1 mM
I00 fuse,1,24,SUM-159_I00-IncucyteRawDataLiveDead-varyGlucose_D11_2_01d00h00m,high,246,1404,196,246,372448,SUM-159-fuse I00,1 mM
I00 fuse,1,24,SUM-159_I00-IncucyteRawDataLiveDead-varyGlucose_D11_3_01d00h00m,high,353,1295,196,353,473914,SUM-159-fuse I00,1 mM
I00 fuse,1,24,SUM-159_I00-IncucyteRawDataLiveDead-varyGlucose_D11_4_01d00h00m,high,342,1281,198,342,473227,SUM-159-fuse I00,1 mM
I00 fuse,1,24,SUM-159_I00-IncucyteRawDataLiveDead-varyGlucose_D6_1_01d00h00m,low,307,1641,183,307,516158,SUM-159-fuse I00,1 mM
I00 fuse,1,24,SUM-159_I00-IncucyteRawDataLiveDead-varyGlucose_D6_2_01d00h00m,low,239,1628,180,239,418331,SUM-159-fuse I00,1 mM
I00 fuse,1,24,SUM-159_I00-IncucyteRawDataLiveDead-varyGlucose_D6_3_01d00h00m,low,354,1569.5,191,354,600067,SUM-159-fuse I00,1 mM
I00 fuse,1,24,SUM-159_I00-IncucyteRawDataLiveDead-varyGlucose_D6_4_01d00h00m,low,299,1576,179,299,491908,SUM-159-fuse I00,1 mM
I00 fuse,1,24,SUM-159_I00-IncucyteRawDataLiveDead-varyGlucose_E11_1_01d00h00m,high,372,1299.5,200,372,511997,SUM-159-fuse I00,1 mM
I00 fuse,1,24,SUM-159_I00-IncucyteRawDataLiveDead-varyGlucose_E11_2_01d00h00m,high,355,1314,193,355,493813,SUM-159-fuse I00,1 mM
I00 fuse,1,24,SUM-159_I00-IncucyteRawDataLiveDead-varyGlucose_E11_3_01d00h00m,high,406,1217.5,205,406,538979,SUM-159-fuse I00,1 mM
I00 fuse,1,24,SUM-159_I00-IncucyteRawDataLiveDead-varyGlucose_E11_4_01d00h00m,high,349,1421,199,349,515615,SUM-159-fuse I00,1 mM
I00 fuse,1,24,SUM-159_I00-IncucyteRawDataLiveDead-varyGlucose_E6_1_01d00h00m,low,266,1604.5,186,266,455683,SUM-159-fuse I00,1 mM
I00 fuse,1,24,SUM-159_I00-IncucyteRawDataLiveDead-varyGlucose_E6_2_01d00h00m,low,267,1632,180,267,455357,SUM-159-fuse I00,1 mM
I00 fuse,1,24,SUM-159_I00-IncucyteRawDataLiveDead-varyGlucose_E6_3_01d00h00m,low,328,1603.5,187.5,328,552946,SUM-159-fuse I00,1 mM
I00 fuse,1,24,SUM-159_I00-IncucyteRawDataLiveDead-varyGlucose_E6_4_01d00h00m,low,316,1566.5,179.5,316,508330,SUM-159-fuse I00,1 mM
I00 fuse,1,32,SUM-159_I00-IncucyteRawDataLiveDead-varyGlucose_B11_1_01d08h00m,high,479,1231,207,479,632358,SUM-159-fuse I00,1 mM
I00 fuse,1,32,SUM-159_I00-IncucyteRawDataLiveDead-varyGlucose_B11_2_01d08h00m,high,430,1346,209,430,600090,SUM-159-fuse I00,1 mM
I00 fuse,1,32,SUM-159_I00-IncucyteRawDataLiveDead-varyGlucose_B11_3_01d08h00m,high,644,1219.5,202,644,813403,SUM-159-fuse I00,1 mM
I00 fuse,1,32,SUM-159_I00-IncucyteRawDataLiveDead-varyGlucose_B11_4_01d08h00m,high,487,1389,212,487,707781,SUM-159-fuse I00,1 mM
I00 fuse,1,32,SUM-159_I00-IncucyteRawDataLiveDead-varyGlucose_B6_1_01d08h00m,low,360,1661.5,197,360,664904,SUM-159-fuse I00,1 mM
I00 fuse,1,32,SUM-159_I00-IncucyteRawDataLiveDead-varyGlucose_B6_2_01d08h00m,low,424,1663.5,195.5,424,777896,SUM-159-fuse I00,1 mM
I00 fuse,1,32,SUM-159_I00-IncucyteRawDataLiveDead-varyGlucose_B6_3_01d08h00m,low,421,1596,192,421,725740,SUM-159-fuse I00,1 mM
I00 fuse,1,32,SUM-159_I00-IncucyteRawDataLiveDead-varyGlucose_B6_4_01d08h00m,low,356,1641.5,191,356,640094,SUM-159-fuse I00,1 mM
I00 fuse,1,32,SUM-159_I00-IncucyteRawDataLiveDead-varyGlucose_C11_1_01d08h00m,high,437,1371,213,437,611136,SUM-159-fuse I00,1 mM
I00 fuse,1,32,SUM-159_I00-IncucyteRawDataLiveDead-varyGlucose_C11_2_01d08h00m,high,520,1181.5,203,520,652994,SUM-159-fuse I00,1 mM
I00 fuse,1,32,SUM-159_I00-IncucyteRawDataLiveDead-varyGlucose_C11_3_01d08h00m,high,505,1249,204,505,658872,SUM-159-fuse I00,1 mM
I00 fuse,1,32,SUM-159_I00-IncucyteRawDataLiveDead-varyGlucose_C11_4_01d08h00m,high,417,1292,203,417,569912,SUM-159-fuse I00,1 mM
I00 fuse,1,32,SUM-159_I00-IncucyteRawDataLiveDead-varyGlucose_C6_1_01d08h00m,low,399,1610,195,399,673825,SUM-159-fuse I00,1 mM
I00 fuse,1,32,SUM-159_I00-IncucyteRawDataLiveDead-varyGlucose_C6_2_01d08h00m,low,304,1576.5,194.5,304,561310,SUM-159-fuse I00,1 mM
I00 fuse,1,32,SUM-159_I00-IncucyteRawDataLiveDead-varyGlucose_C6_3_01d08h00m,low,418,1668.5,194.5,418,745713,SUM-159-fuse I00,1 mM
I00 fuse,1,32,SUM-159_I00-IncucyteRawDataLiveDead-varyGlucose_C6_4_01d08h00m,low,344,1769,194.5,344,646752,SUM-159-fuse I00,1 mM
I00 fuse,1,32,SUM-159_I00-IncucyteRawDataLiveDead-varyGlucose_D11_1_01d08h00m,high,424,1332,209,424,578343,SUM-159-fuse I00,1 mM
I00 fuse,1,32,SUM-159_I00-IncucyteRawDataLiveDead-varyGlucose_D11_2_01d08h00m,high,388,1387.5,211,388,549947,SUM-159-fuse I00,1 mM
I00 fuse,1,32,SUM-159_I00-IncucyteRawDataLiveDead-varyGlucose_D11_3_01d08h00m,high,521,1172,209,521,657984,SUM-159-fuse I00,1 mM
I00 fuse,1,32,SUM-159_I00-IncucyteRawDataLiveDead-varyGlucose_D11_4_01d08h00m,high,504,1236,208,504,656088,SUM-159-fuse I00,1 mM
I00 fuse,1,32,SUM-159_I00-IncucyteRawDataLiveDead-varyGlucose_D6_1_01d08h00m,low,399,1578,190,399,693291,SUM-159-fuse I00,1 mM
I00 fuse,1,32,SUM-159_I00-IncucyteRawDataLiveDead-varyGlucose_D6_2_01d08h00m,low,287,1723,195,287,545144,SUM-159-fuse I00,1 mM
I00 fuse,1,32,SUM-159_I00-IncucyteRawDataLiveDead-varyGlucose_D6_3_01d08h00m,low,448,1635,190.5,448,781118,SUM-159-fuse I00,1 mM
I00 fuse,1,32,SUM-159_I00-IncucyteRawDataLiveDead-varyGlucose_D6_4_01d08h00m,low,379,1634,189,379,667817,SUM-159-fuse I00,1 mM
I00 fuse,1,32,SUM-159_I00-IncucyteRawDataLiveDead-varyGlucose_E11_1_01d08h00m,high,554,1263,211,554,718771,SUM-159-fuse I00,1 mM
I00 fuse,1,32,SUM-159_I00-IncucyteRawDataLiveDead-varyGlucose_E11_2_01d08h00m,high,525,1279,214,525,696446,SUM-159-fuse I00,1 mM
I00 fuse,1,32,SUM-159_I00-IncucyteRawDataLiveDead-varyGlucose_E11_3_01d08h00m,high,586,1201.5,215,586,736820,SUM-159-fuse I00,1 mM
I00 fuse,1,32,SUM-159_I00-IncucyteRawDataLiveDead-varyGlucose_E11_4_01d08h00m,high,546,1280,208.5,546,730337,SUM-159-fuse I00,1 mM
I00 fuse,1,32,SUM-159_I00-IncucyteRawDataLiveDead-varyGlucose_E6_1_01d08h00m,low,333,1689,202,333,595059,SUM-159-fuse I00,1 mM
I00 fuse,1,32,SUM-159_I00-IncucyteRawDataLiveDead-varyGlucose_E6_2_01d08h00m,low,332,1683.5,196,332,606155,SUM-159-fuse I00,1 mM
I00 fuse,1,32,SUM-159_I00-IncucyteRawDataLiveDead-varyGlucose_E6_3_01d08h00m,low,453,1533,191,453,771362,SUM-159-fuse I00,1 mM
I00 fuse,1,32,SUM-159_I00-IncucyteRawDataLiveDead-varyGlucose_E6_4_01d08h00m,low,404,1638,191,404,704008,SUM-159-fuse I00,1 mM
I00 fuse,1,40,SUM-159_I00-IncucyteRawDataLiveDead-varyGlucose_B11_1_01d16h00m,high,610,1219.5,214.5,610,788669,SUM-159-fuse I00,1 mM
I00 fuse,1,40,SUM-159_I00-IncucyteRawDataLiveDead-varyGlucose_B11_2_01d16h00m,high,563,1224,213,563,739689,SUM-159-fuse I00,1 mM
I00 fuse,1,40,SUM-159_I00-IncucyteRawDataLiveDead-varyGlucose_B11_3_01d16h00m,high,834,1158.5,213,834,1027689,SUM-159-fuse I00,1 mM
I00 fuse,1,40,SUM-159_I00-IncucyteRawDataLiveDead-varyGlucose_B11_4_01d16h00m,high,633,1316,214,633,884571,SUM-159-fuse I00,1 mM
I00 fuse,1,40,SUM-159_I00-IncucyteRawDataLiveDead-varyGlucose_B6_1_01d16h00m,low,440,1752.5,193.5,440,846088,SUM-159-fuse I00,1 mM
I00 fuse,1,40,SUM-159_I00-IncucyteRawDataLiveDead-varyGlucose_B6_2_01d16h00m,low,520,1680.5,206,520,987830,SUM-159-fuse I00,1 mM
I00 fuse,1,40,SUM-159_I00-IncucyteRawDataLiveDead-varyGlucose_B6_3_01d16h00m,low,511,1675,215,511,947398,SUM-159-fuse I00,1 mM
I00 fuse,1,40,SUM-159_I00-IncucyteRawDataLiveDead-varyGlucose_B6_4_01d16h00m,low,431,1784,201,431,828300,SUM-159-fuse I00,1 mM
I00 fuse,1,40,SUM-159_I00-IncucyteRawDataLiveDead-varyGlucose_C11_1_01d16h00m,high,530,1264.5,214,530,717303,SUM-159-fuse I00,1 mM
I00 fuse,1,40,SUM-159_I00-IncucyteRawDataLiveDead-varyGlucose_C11_2_01d16h00m,high,670,1078,202,670,789836,SUM-159-fuse I00,1 mM
I00 fuse,1,40,SUM-159_I00-IncucyteRawDataLiveDead-varyGlucose_C11_3_01d16h00m,high,635,1186,211,635,831051,SUM-159-fuse I00,1 mM
I00 fuse,1,40,SUM-159_I00-IncucyteRawDataLiveDead-varyGlucose_C11_4_01d16h00m,high,529,1245,213,529,714082,SUM-159-fuse I00,1 mM
I00 fuse,1,40,SUM-159_I00-IncucyteRawDataLiveDead-varyGlucose_C6_1_01d16h00m,low,486,1738,207,486,888125,SUM-159-fuse I00,1 mM
I00 fuse,1,40,SUM-159_I00-IncucyteRawDataLiveDead-varyGlucose_C6_2_01d16h00m,low,354,1768,206.5,354,711550,SUM-159-fuse I00,1 mM
I00 fuse,1,40,SUM-159_I00-IncucyteRawDataLiveDead-varyGlucose_C6_3_01d16h00m,low,512,1756,215,512,993177,SUM-159-fuse I00,1 mM
I00 fuse,1,40,SUM-159_I00-IncucyteRawDataLiveDead-varyGlucose_C6_4_01d16h00m,low,429,1806,207,429,843063,SUM-159-fuse I00,1 mM
I00 fuse,1,40,SUM-159_I00-IncucyteRawDataLiveDead-varyGlucose_D11_1_01d16h00m,high,552,1245,209,552,727617,SUM-159-fuse I00,1 mM
I00 fuse,1,40,SUM-159_I00-IncucyteRawDataLiveDead-varyGlucose_D11_2_01d16h00m,high,486,1356,214,486,681407,SUM-159-fuse I00,1 mM
I00 fuse,1,40,SUM-159_I00-IncucyteRawDataLiveDead-varyGlucose_D11_3_01d16h00m,high,671,1130,211,671,813521,SUM-159-fuse I00,1 mM
I00 fuse,1,40,SUM-159_I00-IncucyteRawDataLiveDead-varyGlucose_D11_4_01d16h00m,high,646,1165.5,210.5,646,812004,SUM-159-fuse I00,1 mM
I00 fuse,1,40,SUM-159_I00-IncucyteRawDataLiveDead-varyGlucose_D6_1_01d16h00m,low,496,1680.5,201.5,496,905514,SUM-159-fuse I00,1 mM
I00 fuse,1,40,SUM-159_I00-IncucyteRawDataLiveDead-varyGlucose_D6_2_01d16h00m,low,366,1751.5,200.5,366,690061,SUM-159-fuse I00,1 mM
I00 fuse,1,40,SUM-159_I00-IncucyteRawDataLiveDead-varyGlucose_D6_3_01d16h00m,low,544,1634,208,544,1022629,SUM-159-fuse I00,1 mM
I00 fuse,1,40,SUM-159_I00-IncucyteRawDataLiveDead-varyGlucose_D6_4_01d16h00m,low,464,1751.5,201.5,464,878150,SUM-159-fuse I00,1 mM
I00 fuse,1,40,SUM-159_I00-IncucyteRawDataLiveDead-varyGlucose_E11_1_01d16h00m,high,679,1186,209,679,846035,SUM-159-fuse I00,1 mM
I00 fuse,1,40,SUM-159_I00-IncucyteRawDataLiveDead-varyGlucose_E11_2_01d16h00m,high,656,1209,211,656,852838,SUM-159-fuse I00,1 mM
I00 fuse,1,40,SUM-159_I00-IncucyteRawDataLiveDead-varyGlucose_E11_3_01d16h00m,high,731,1130,216,731,885140,SUM-159-fuse I00,1 mM
I00 fuse,1,40,SUM-159_I00-IncucyteRawDataLiveDead-varyGlucose_E11_4_01d16h00m,high,672,1305.5,219,672,892522,SUM-159-fuse I00,1 mM
I00 fuse,1,40,SUM-159_I00-IncucyteRawDataLiveDead-varyGlucose_E6_1_01d16h00m,low,408,1690.5,205,408,765736,SUM-159-fuse I00,1 mM
I00 fuse,1,40,SUM-159_I00-IncucyteRawDataLiveDead-varyGlucose_E6_2_01d16h00m,low,415,1793,199,415,807383,SUM-159-fuse I00,1 mM
I00 fuse,1,40,SUM-159_I00-IncucyteRawDataLiveDead-varyGlucose_E6_3_01d16h00m,low,552,1682,206,552,1000143,SUM-159-fuse I00,1 mM
I00 fuse,1,40,SUM-159_I00-IncucyteRawDataLiveDead-varyGlucose_E6_4_01d16h00m,low,506,1662,199.5,506,906703,SUM-159-fuse I00,1 mM
I00 fuse,1,48,SUM-159_I00-IncucyteRawDataLiveDead-varyGlucose_B11_1_02d00h00m,high,709,1098,211,709,838383,SUM-159-fuse I00,1 mM
I00 fuse,1,48,SUM-159_I00-IncucyteRawDataLiveDead-varyGlucose_B11_2_02d00h00m,high,662,1104.5,210.5,662,788069,SUM-159-fuse I00,1 mM
I00 fuse,1,48,SUM-159_I00-IncucyteRawDataLiveDead-varyGlucose_B11_3_02d00h00m,high,940,1135,217,940,1108002,SUM-159-fuse I00,1 mM
I00 fuse,1,48,SUM-159_I00-IncucyteRawDataLiveDead-varyGlucose_B11_4_02d00h00m,high,750,1189.5,215,750,933900,SUM-159-fuse I00,1 mM
I00 fuse,1,48,SUM-159_I00-IncucyteRawDataLiveDead-varyGlucose_B6_1_02d00h00m,low,511,1752,216,511,1005028,SUM-159-fuse I00,1 mM
I00 fuse,1,48,SUM-159_I00-IncucyteRawDataLiveDead-varyGlucose_B6_2_02d00h00m,low,574,1715,219.5,574,1115708,SUM-159-fuse I00,1 mM
I00 fuse,1,48,SUM-159_I00-IncucyteRawDataLiveDead-varyGlucose_B6_3_02d00h00m,low,561,1787,228,561,1104178,SUM-159-fuse I00,1 mM
I00 fuse,1,48,SUM-159_I00-IncucyteRawDataLiveDead-varyGlucose_B6_4_02d00h00m,low,486,1798,219,486,977744,SUM-159-fuse I00,1 mM
I00 fuse,1,48,SUM-159_I00-IncucyteRawDataLiveDead-varyGlucose_C11_1_02d00h00m,high,653,1164,207,653,802624,SUM-159-fuse I00,1 mM
I00 fuse,1,48,SUM-159_I00-IncucyteRawDataLiveDead-varyGlucose_C11_2_02d00h00m,high,789,1045,200,789,887912,SUM-159-fuse I00,1 mM
I00 fuse,1,48,SUM-159_I00-IncucyteRawDataLiveDead-varyGlucose_C11_3_02d00h00m,high,744,1117.5,211,744,899139,SUM-159-fuse I00,1 mM
I00 fuse,1,48,SUM-159_I00-IncucyteRawDataLiveDead-varyGlucose_C11_4_02d00h00m,high,610,1211.5,219,610,792460,SUM-159-fuse I00,1 mM
I00 fuse,1,48,SUM-159_I00-IncucyteRawDataLiveDead-varyGlucose_C6_1_02d00h00m,low,559,1717,218,559,1044341,SUM-159-fuse I00,1 mM
I00 fuse,1,48,SUM-159_I00-IncucyteRawDataLiveDead-varyGlucose_C6_2_02d00h00m,low,402,1821.5,219.5,402,829909,SUM-159-fuse I00,1 mM
I00 fuse,1,48,SUM-159_I00-IncucyteRawDataLiveDead-varyGlucose_C6_3_02d00h00m,low,574,1871.5,222.5,574,1161894,SUM-159-fuse I00,1 mM
I00 fuse,1,48,SUM-159_I00-IncucyteRawDataLiveDead-varyGlucose_C6_4_02d00h00m,low,481,1990,227,481,1014309,SUM-159-fuse I00,1 mM
I00 fuse,1,48,SUM-159_I00-IncucyteRawDataLiveDead-varyGlucose_D11_1_02d00h00m,high,676,1127,210,676,831184,SUM-159-fuse I00,1 mM
I00 fuse,1,48,SUM-159_I00-IncucyteRawDataLiveDead-varyGlucose_D11_2_02d00h00m,high,580,1282.5,216.5,580,775099,SUM-159-fuse I00,1 mM
I00 fuse,1,48,SUM-159_I00-IncucyteRawDataLiveDead-varyGlucose_D11_3_02d00h00m,high,785,1115,210,785,929397,SUM-159-fuse I00,1 mM
I00 fuse,1,48,SUM-159_I00-IncucyteRawDataLiveDead-varyGlucose_D11_4_02d00h00m,high,772,1080.5,204,772,903438,SUM-159-fuse I00,1 mM
I00 fuse,1,48,SUM-159_I00-IncucyteRawDataLiveDead-varyGlucose_D6_1_02d00h00m,low,561,1736,214,561,1058905,SUM-159-fuse I00,1 mM
I00 fuse,1,48,SUM-159_I00-IncucyteRawDataLiveDead-varyGlucose_D6_2_02d00h00m,low,419,1864,220,419,847760,SUM-159-fuse I00,1 mM
I00 fuse,1,48,SUM-159_I00-IncucyteRawDataLiveDead-varyGlucose_D6_3_02d00h00m,low,615,1665,220,615,1173584,SUM-159-fuse I00,1 mM
I00 fuse,1,48,SUM-159_I00-IncucyteRawDataLiveDead-varyGlucose_D6_4_02d00h00m,low,519,1777,214,519,998404,SUM-159-fuse I00,1 mM
I00 fuse,1,48,SUM-159_I00-IncucyteRawDataLiveDead-varyGlucose_E11_1_02d00h00m,high,799,1082,211,799,936769,SUM-159-fuse I00,1 mM
I00 fuse,1,48,SUM-159_I00-IncucyteRawDataLiveDead-varyGlucose_E11_2_02d00h00m,high,798,1121.5,207,798,951227,SUM-159-fuse I00,1 mM
I00 fuse,1,48,SUM-159_I00-IncucyteRawDataLiveDead-varyGlucose_E11_3_02d00h00m,high,880,995.5,206,880,957165,SUM-159-fuse I00,1 mM
I00 fuse,1,48,SUM-159_I00-IncucyteRawDataLiveDead-varyGlucose_E11_4_02d00h00m,high,774,1178,219,774,956413,SUM-159-fuse I00,1 mM
I00 fuse,1,48,SUM-159_I00-IncucyteRawDataLiveDead-varyGlucose_E6_1_02d00h00m,low,463,1766,223,463,912669,SUM-159-fuse I00,1 mM
I00 fuse,1,48,SUM-159_I00-IncucyteRawDataLiveDead-varyGlucose_E6_2_02d00h00m,low,467,1827,213,467,956777,SUM-159-fuse I00,1 mM
I00 fuse,1,48,SUM-159_I00-IncucyteRawDataLiveDead-varyGlucose_E6_3_02d00h00m,low,632,1740.5,223.5,632,1172775,SUM-159-fuse I00,1 mM
I00 fuse,1,48,SUM-159_I00-IncucyteRawDataLiveDead-varyGlucose_E6_4_02d00h00m,low,549,1811,219,549,1056198,SUM-159-fuse I00,1 mM
M00b chem,0.1,24,SUM-159_M00b-IncucyteRawDataLiveDead-varyGlucose_B3_1_01d00h00m,low,107,902,129,107,108418,SUM-159-chem M00b,0.1 mM
M00b chem,0.1,24,SUM-159_M00b-IncucyteRawDataLiveDead-varyGlucose_B3_2_01d00h00m,low,151,933,129,151,151809,SUM-159-chem M00b,0.1 mM
M00b chem,0.1,24,SUM-159_M00b-IncucyteRawDataLiveDead-varyGlucose_B3_3_01d00h00m,low,27,983,152,27,26144,SUM-159-chem M00b,0.1 mM
M00b chem,0.1,24,SUM-159_M00b-IncucyteRawDataLiveDead-varyGlucose_B3_4_01d00h00m,low,83,971,138,83,85237,SUM-159-chem M00b,0.1 mM
M00b chem,0.1,24,SUM-159_M00b-IncucyteRawDataLiveDead-varyGlucose_B8_1_01d00h00m,high,138,1459.5,190,138,222686,SUM-159-chem M00b,0.1 mM
M00b chem,0.1,24,SUM-159_M00b-IncucyteRawDataLiveDead-varyGlucose_B8_2_01d00h00m,high,112,1402,182.5,112,186503,SUM-159-chem M00b,0.1 mM
M00b chem,0.1,24,SUM-159_M00b-IncucyteRawDataLiveDead-varyGlucose_B8_3_01d00h00m,high,86,1499,209,86,154527,SUM-159-chem M00b,0.1 mM
M00b chem,0.1,24,SUM-159_M00b-IncucyteRawDataLiveDead-varyGlucose_B8_4_01d00h00m,high,110,1597,189,110,188081,SUM-159-chem M00b,0.1 mM
M00b chem,0.1,24,SUM-159_M00b-IncucyteRawDataLiveDead-varyGlucose_C3_1_01d00h00m,low,149,1013,125,149,157438,SUM-159-chem M00b,0.1 mM
M00b chem,0.1,24,SUM-159_M00b-IncucyteRawDataLiveDead-varyGlucose_C3_2_01d00h00m,low,70,909.5,146,70,70379,SUM-159-chem M00b,0.1 mM
M00b chem,0.1,24,SUM-159_M00b-IncucyteRawDataLiveDead-varyGlucose_C3_3_01d00h00m,low,114,991,131.5,114,115701,SUM-159-chem M00b,0.1 mM
M00b chem,0.1,24,SUM-159_M00b-IncucyteRawDataLiveDead-varyGlucose_C3_4_01d00h00m,low,59,1045,163,59,63476,SUM-159-chem M00b,0.1 mM
M00b chem,0.1,24,SUM-159_M00b-IncucyteRawDataLiveDead-varyGlucose_C8_1_01d00h00m,high,136,1439,180.5,136,222831,SUM-159-chem M00b,0.1 mM
M00b chem,0.1,24,SUM-159_M00b-IncucyteRawDataLiveDead-varyGlucose_C8_2_01d00h00m,high,134,1510.5,186.5,134,222083,SUM-159-chem M00b,0.1 mM
M00b chem,0.1,24,SUM-159_M00b-IncucyteRawDataLiveDead-varyGlucose_C8_3_01d00h00m,high,138,1502.5,185.5,138,231256,SUM-159-chem M00b,0.1 mM
M00b chem,0.1,24,SUM-159_M00b-IncucyteRawDataLiveDead-varyGlucose_C8_4_01d00h00m,high,153,1506,189,153,251165,SUM-159-chem M00b,0.1 mM
M00b chem,0.1,24,SUM-159_M00b-IncucyteRawDataLiveDead-varyGlucose_D3_1_01d00h00m,low,42,1111,188.5,42,47245,SUM-159-chem M00b,0.1 mM
M00b chem,0.1,24,SUM-159_M00b-IncucyteRawDataLiveDead-varyGlucose_D3_2_01d00h00m,low,60,886,153,60,62618,SUM-159-chem M00b,0.1 mM
M00b chem,0.1,24,SUM-159_M00b-IncucyteRawDataLiveDead-varyGlucose_D3_3_01d00h00m,low,50,1007,185.5,50,56520,SUM-159-chem M00b,0.1 mM
M00b chem,0.1,24,SUM-159_M00b-IncucyteRawDataLiveDead-varyGlucose_D3_4_01d00h00m,low,32,975,175.5,32,32556,SUM-159-chem M00b,0.1 mM
M00b chem,0.1,24,SUM-159_M00b-IncucyteRawDataLiveDead-varyGlucose_D8_1_01d00h00m,high,130,1440.5,180,130,206054,SUM-159-chem M00b,0.1 mM
M00b chem,0.1,24,SUM-159_M00b-IncucyteRawDataLiveDead-varyGlucose_D8_2_01d00h00m,high,146,1565,183.5,146,241233,SUM-159-chem M00b,0.1 mM
M00b chem,0.1,24,SUM-159_M00b-IncucyteRawDataLiveDead-varyGlucose_D8_3_01d00h00m,high,163,1449,186,163,261909,SUM-159-chem M00b,0.1 mM
M00b chem,0.1,24,SUM-159_M00b-IncucyteRawDataLiveDead-varyGlucose_D8_4_01d00h00m,high,146,1571.5,193,146,245791,SUM-159-chem M00b,0.1 mM
M00b chem,0.1,24,SUM-159_M00b-IncucyteRawDataLiveDead-varyGlucose_E3_1_01d00h00m,low,48,1107,194.5,48,56106,SUM-159-chem M00b,0.1 mM
M00b chem,0.1,24,SUM-159_M00b-IncucyteRawDataLiveDead-varyGlucose_E3_2_01d00h00m,low,42,1021.5,174,42,44419,SUM-159-chem M00b,0.1 mM
M00b chem,0.1,24,SUM-159_M00b-IncucyteRawDataLiveDead-varyGlucose_E3_3_01d00h00m,low,65,1047,167,65,72807,SUM-159-chem M00b,0.1 mM
M00b chem,0.1,24,SUM-159_M00b-IncucyteRawDataLiveDead-varyGlucose_E3_4_01d00h00m,low,43,1108,190,43,53046,SUM-159-chem M00b,0.1 mM
M00b chem,0.1,24,SUM-159_M00b-IncucyteRawDataLiveDead-varyGlucose_E8_1_01d00h00m,high,114,1578.5,188,114,198868,SUM-159-chem M00b,0.1 mM
M00b chem,0.1,24,SUM-159_M00b-IncucyteRawDataLiveDead-varyGlucose_E8_2_01d00h00m,high,128,1522.5,185,128,207003,SUM-159-chem M00b,0.1 mM
M00b chem,0.1,24,SUM-159_M00b-IncucyteRawDataLiveDead-varyGlucose_E8_3_01d00h00m,high,132,1594,197.5,132,235186,SUM-159-chem M00b,0.1 mM
M00b chem,0.1,24,SUM-159_M00b-IncucyteRawDataLiveDead-varyGlucose_E8_4_01d00h00m,high,157,1528,185,157,265319,SUM-159-chem M00b,0.1 mM
M00b chem,0.1,32,SUM-159_M00b-IncucyteRawDataLiveDead-varyGlucose_B3_1_01d08h00m,low,121,982,135,121,129195,SUM-159-chem M00b,0.1 mM
M00b chem,0.1,32,SUM-159_M00b-IncucyteRawDataLiveDead-varyGlucose_B3_2_01d08h00m,low,159,994,135,159,168754,SUM-159-chem M00b,0.1 mM
M00b chem,0.1,32,SUM-159_M00b-IncucyteRawDataLiveDead-varyGlucose_B3_3_01d08h00m,low,31,1085,174,31,34200,SUM-159-chem M00b,0.1 mM
M00b chem,0.1,32,SUM-159_M00b-IncucyteRawDataLiveDead-varyGlucose_B3_4_01d08h00m,low,87,1073,148,87,101649,SUM-159-chem M00b,0.1 mM
M00b chem,0.1,32,SUM-159_M00b-IncucyteRawDataLiveDead-varyGlucose_B8_1_01d08h00m,high,137,1651,206,137,247204,SUM-159-chem M00b,0.1 mM
M00b chem,0.1,32,SUM-159_M00b-IncucyteRawDataLiveDead-varyGlucose_B8_2_01d08h00m,high,100,1707.5,199.5,100,191415,SUM-159-chem M00b,0.1 mM
M00b chem,0.1,32,SUM-159_M00b-IncucyteRawDataLiveDead-varyGlucose_B8_3_01d08h00m,high,80,1581,215.5,80,165656,SUM-159-chem M00b,0.1 mM
M00b chem,0.1,32,SUM-159_M00b-IncucyteRawDataLiveDead-varyGlucose_B8_4_01d08h00m,high,97,1809,204,97,187981,SUM-159-chem M00b,0.1 mM
M00b chem,0.1,32,SUM-159_M00b-IncucyteRawDataLiveDead-varyGlucose_C3_1_01d08h00m,low,164,1010,141.5,164,190056,SUM-159-chem M00b,0.1 mM
M00b chem,0.1,32,SUM-159_M00b-IncucyteRawDataLiveDead-varyGlucose_C3_2_01d08h00m,low,74,1006.5,159.5,74,79575,SUM-159-chem M00b,0.1 mM
M00b chem,0.1,32,SUM-159_M00b-IncucyteRawDataLiveDead-varyGlucose_C3_3_01d08h00m,low,120,1114.5,147,120,135364,SUM-159-chem M00b,0.1 mM
M00b chem,0.1,32,SUM-159_M00b-IncucyteRawDataLiveDead-varyGlucose_C3_4_01d08h00m,low,73,961,162,73,76917,SUM-159-chem M00b,0.1 mM
M00b chem,0.1,32,SUM-159_M00b-IncucyteRawDataLiveDead-varyGlucose_C8_1_01d08h00m,high,131,1454,197,131,228504,SUM-159-chem M00b,0.1 mM
M00b chem,0.1,32,SUM-159_M00b-IncucyteRawDataLiveDead-varyGlucose_C8_2_01d08h00m,high,132,1579.5,199,132,238430,SUM-159-chem M00b,0.1 mM
M00b chem,0.1,32,SUM-159_M00b-IncucyteRawDataLiveDead-varyGlucose_C8_3_01d08h00m,high,144,1590.5,193,144,247082,SUM-159-chem M00b,0.1 mM
M00b chem,0.1,32,SUM-159_M00b-IncucyteRawDataLiveDead-varyGlucose_C8_4_01d08h00m,high,143,1562,189,143,242585,SUM-159-chem M00b,0.1 mM
M00b chem,0.1,32,SUM-159_M00b-IncucyteRawDataLiveDead-varyGlucose_D3_1_01d08h00m,low,46,1088.5,214,46,54446,SUM-159-chem M00b,0.1 mM
M00b chem,0.1,32,SUM-159_M00b-IncucyteRawDataLiveDead-varyGlucose_D3_2_01d08h00m,low,63,1057,161,63,75230,SUM-159-chem M00b,0.1 mM
M00b chem,0.1,32,SUM-159_M00b-IncucyteRawDataLiveDead-varyGlucose_D3_3_01d08h00m,low,56,1225,206,56,72487,SUM-159-chem M00b,0.1 mM
M00b chem,0.1,32,SUM-159_M00b-IncucyteRawDataLiveDead-varyGlucose_D3_4_01d08h00m,low,42,1257,210,42,52263,SUM-159-chem M00b,0.1 mM
M00b chem,0.1,32,SUM-159_M00b-IncucyteRawDataLiveDead-varyGlucose_D8_1_01d08h00m,high,127,1569,192,127,220004,SUM-159-chem M00b,0.1 mM
M00b chem,0.1,32,SUM-159_M00b-IncucyteRawDataLiveDead-varyGlucose_D8_2_01d08h00m,high,145,1457,190,145,244221,SUM-159-chem M00b,0.1 mM
M00b chem,0.1,32,SUM-159_M00b-IncucyteRawDataLiveDead-varyGlucose_D8_3_01d08h00m,high,157,1614,202,157,273883,SUM-159-chem M00b,0.1 mM
M00b chem,0.1,32,SUM-159_M00b-IncucyteRawDataLiveDead-varyGlucose_D8_4_01d08h00m,high,142,1426.5,203.5,142,244015,SUM-159-chem M00b,0.1 mM
M00b chem,0.1,32,SUM-159_M00b-IncucyteRawDataLiveDead-varyGlucose_E3_1_01d08h00m,low,51,1236,205,51,61972,SUM-159-chem M00b,0.1 mM
M00b chem,0.1,32,SUM-159_M00b-IncucyteRawDataLiveDead-varyGlucose_E3_2_01d08h00m,low,45,1078,199,45,48345,SUM-159-chem M00b,0.1 mM
M00b chem,0.1,32,SUM-159_M00b-IncucyteRawDataLiveDead-varyGlucose_E3_3_01d08h00m,low,63,1078,182,63,78797,SUM-159-chem M00b,0.1 mM
M00b chem,0.1,32,SUM-159_M00b-IncucyteRawDataLiveDead-varyGlucose_E3_4_01d08h00m,low,51,1162,195,51,62193,SUM-159-chem M00b,0.1 mM
M00b chem,0.1,32,SUM-159_M00b-IncucyteRawDataLiveDead-varyGlucose_E8_1_01d08h00m,high,105,1682,202,105,209375,SUM-159-chem M00b,0.1 mM
M00b chem,0.1,32,SUM-159_M00b-IncucyteRawDataLiveDead-varyGlucose_E8_2_01d08h00m,high,123,1661,202,123,217917,SUM-159-chem M00b,0.1 mM
M00b chem,0.1,32,SUM-159_M00b-IncucyteRawDataLiveDead-varyGlucose_E8_3_01d08h00m,high,120,1718.5,205,120,227877,SUM-159-chem M00b,0.1 mM
M00b chem,0.1,32,SUM-159_M00b-IncucyteRawDataLiveDead-varyGlucose_E8_4_01d08h00m,high,145,1721,192,145,268911,SUM-159-chem M00b,0.1 mM
M00b chem,0.1,40,SUM-159_M00b-IncucyteRawDataLiveDead-varyGlucose_B3_1_01d16h00m,low,120,983,147,120,129328,SUM-159-chem M00b,0.1 mM
M00b chem,0.1,40,SUM-159_M00b-IncucyteRawDataLiveDead-varyGlucose_B3_2_01d16h00m,low,163,1047,139,163,177514,SUM-159-chem M00b,0.1 mM
M00b chem,0.1,40,SUM-159_M00b-IncucyteRawDataLiveDead-varyGlucose_B3_3_01d16h00m,low,27,1069,195,27,31238,SUM-159-chem M00b,0.1 mM
M00b chem,0.1,40,SUM-159_M00b-IncucyteRawDataLiveDead-varyGlucose_B3_4_01d16h00m,low,87,1211,163,87,111995,SUM-159-chem M00b,0.1 mM
M00b chem,0.1,40,SUM-159_M00b-IncucyteRawDataLiveDead-varyGlucose_B8_1_01d16h00m,high,136,1506,216.5,136,241730,SUM-159-chem M00b,0.1 mM
M00b chem,0.1,40,SUM-159_M00b-IncucyteRawDataLiveDead-varyGlucose_B8_2_01d16h00m,high,100,1861,216,100,200916,SUM-159-chem M00b,0.1 mM
M00b chem,0.1,40,SUM-159_M00b-IncucyteRawDataLiveDead-varyGlucose_B8_3_01d16h00m,high,77,1792,229,77,163166,SUM-159-chem M00b,0.1 mM
M00b chem,0.1,40,SUM-159_M00b-IncucyteRawDataLiveDead-varyGlucose_B8_4_01d16h00m,high,100,1767.5,211,100,183894,SUM-159-chem M00b,0.1 mM
M00b chem,0.1,40,SUM-159_M00b-IncucyteRawDataLiveDead-varyGlucose_C3_1_01d16h00m,low,169,1062,146,169,191415,SUM-159-chem M00b,0.1 mM
M00b chem,0.1,40,SUM-159_M00b-IncucyteRawDataLiveDead-varyGlucose_C3_2_01d16h00m,low,73,1047,181,73,84440,SUM-159-chem M00b,0.1 mM
M00b chem,0.1,40,SUM-159_M00b-IncucyteRawDataLiveDead-varyGlucose_C3_3_01d16h00m,low,123,1055,150,123,142837,SUM-159-chem M00b,0.1 mM
M00b chem,0.1,40,SUM-159_M00b-IncucyteRawDataLiveDead-varyGlucose_C3_4_01d16h00m,low,74,1041,174.5,74,82248,SUM-159-chem M00b,0.1 mM
M00b chem,0.1,40,SUM-159_M00b-IncucyteRawDataLiveDead-varyGlucose_C8_1_01d16h00m,high,122,1515.5,213,122,224021,SUM-159-chem M00b,0.1 mM
M00b chem,0.1,40,SUM-159_M00b-IncucyteRawDataLiveDead-varyGlucose_C8_2_01d16h00m,high,128,1646,204,128,232047,SUM-159-chem M00b,0.1 mM
M00b chem,0.1,40,SUM-159_M00b-IncucyteRawDataLiveDead-varyGlucose_C8_3_01d16h00m,high,138,1481,200.5,138,247918,SUM-159-chem M00b,0.1 mM
M00b chem,0.1,40,SUM-159_M00b-IncucyteRawDataLiveDead-varyGlucose_C8_4_01d16h00m,high,143,1456,204,143,247210,SUM-159-chem M00b,0.1 mM
M00b chem,0.1,40,SUM-159_M00b-IncucyteRawDataLiveDead-varyGlucose_D3_1_01d16h00m,low,51,1136,226,51,63157,SUM-159-chem M00b,0.1 mM
M00b chem,0.1,40,SUM-159_M00b-IncucyteRawDataLiveDead-varyGlucose_D3_2_01d16h00m,low,66,1044.5,177.5,66,80594,SUM-159-chem M00b,0.1 mM
M00b chem,0.1,40,SUM-159_M00b-IncucyteRawDataLiveDead-varyGlucose_D3_3_01d16h00m,low,55,1159,221,55,71565,SUM-159-chem M00b,0.1 mM
M00b chem,0.1,40,SUM-159_M00b-IncucyteRawDataLiveDead-varyGlucose_D3_4_01d16h00m,low,41,1358,234,41,54699,SUM-159-chem M00b,0.1 mM
M00b chem,0.1,40,SUM-159_M00b-IncucyteRawDataLiveDead-varyGlucose_D8_1_01d16h00m,high,134,1594.5,202.5,134,243746,SUM-159-chem M00b,0.1 mM
M00b chem,0.1,40,SUM-159_M00b-IncucyteRawDataLiveDead-varyGlucose_D8_2_01d16h00m,high,136,1495.5,209,136,233121,SUM-159-chem M00b,0.1 mM
M00b chem,0.1,40,SUM-159_M00b-IncucyteRawDataLiveDead-varyGlucose_D8_3_01d16h00m,high,161,1539,214,161,281945,SUM-159-chem M00b,0.1 mM
M00b chem,0.1,40,SUM-159_M00b-IncucyteRawDataLiveDead-varyGlucose_D8_4_01d16h00m,high,138,1492.5,209,138,246225,SUM-159-chem M00b,0.1 mM
M00b chem,0.1,40,SUM-159_M00b-IncucyteRawDataLiveDead-varyGlucose_E3_1_01d16h00m,low,49,1186,220,49,64232,SUM-159-chem M00b,0.1 mM
M00b chem,0.1,40,SUM-159_M00b-IncucyteRawDataLiveDead-varyGlucose_E3_2_01d16h00m,low,40,1098,238,40,49531,SUM-159-chem M00b,0.1 mM
M00b chem,0.1,40,SUM-159_M00b-IncucyteRawDataLiveDead-varyGlucose_E3_3_01d16h00m,low,71,1095,193,71,83942,SUM-159-chem M00b,0.1 mM
M00b chem,0.1,40,SUM-159_M00b-IncucyteRawDataLiveDead-varyGlucose_E3_4_01d16h00m,low,53,1119,211,53,64765,SUM-159-chem M00b,0.1 mM
M00b chem,0.1,40,SUM-159_M00b-IncucyteRawDataLiveDead-varyGlucose_E8_1_01d16h00m,high,114,1703.5,213,114,229188,SUM-159-chem M00b,0.1 mM
M00b chem,0.1,40,SUM-159_M00b-IncucyteRawDataLiveDead-varyGlucose_E8_2_01d16h00m,high,126,1536,209,126,226400,SUM-159-chem M00b,0.1 mM
M00b chem,0.1,40,SUM-159_M00b-IncucyteRawDataLiveDead-varyGlucose_E8_3_01d16h00m,high,127,1601,215,127,244893,SUM-159-chem M00b,0.1 mM
M00b chem,0.1,40,SUM-159_M00b-IncucyteRawDataLiveDead-varyGlucose_E8_4_01d16h00m,high,127,1705,212,127,246795,SUM-159-chem M00b,0.1 mM
M00b chem,0.1,48,SUM-159_M00b-IncucyteRawDataLiveDead-varyGlucose_B3_1_02d00h00m,low,123,1060,153,123,144076,SUM-159-chem M00b,0.1 mM
M00b chem,0.1,48,SUM-159_M00b-IncucyteRawDataLiveDead-varyGlucose_B3_2_02d00h00m,low,168,1039.5,148,168,191797,SUM-159-chem M00b,0.1 mM
M00b chem,0.1,48,SUM-159_M00b-IncucyteRawDataLiveDead-varyGlucose_B3_3_02d00h00m,low,27,1293,212,27,35297,SUM-159-chem M00b,0.1 mM
M00b chem,0.1,48,SUM-159_M00b-IncucyteRawDataLiveDead-varyGlucose_B3_4_02d00h00m,low,91,1265,165,91,114355,SUM-159-chem M00b,0.1 mM
M00b chem,0.1,48,SUM-159_M00b-IncucyteRawDataLiveDead-varyGlucose_B8_1_02d00h00m,high,136,1589,211.5,136,248710,SUM-159-chem M00b,0.1 mM
M00b chem,0.1,48,SUM-159_M00b-IncucyteRawDataLiveDead-varyGlucose_B8_2_02d00h00m,high,97,1779,215,97,200232,SUM-159-chem M00b,0.1 mM
M00b chem,0.1,48,SUM-159_M00b-IncucyteRawDataLiveDead-varyGlucose_B8_3_02d00h00m,high,66,2195,259,66,162936,SUM-159-chem M00b,0.1 mM
M00b chem,0.1,48,SUM-159_M00b-IncucyteRawDataLiveDead-varyGlucose_B8_4_02d00h00m,high,98,1720,230.5,98,186708,SUM-159-chem M00b,0.1 mM
M00b chem,0.1,48,SUM-159_M00b-IncucyteRawDataLiveDead-varyGlucose_C3_1_02d00h00m,low,164,1045.5,154,164,190950,SUM-159-chem M00b,0.1 mM
M00b chem,0.1,48,SUM-159_M00b-IncucyteRawDataLiveDead-varyGlucose_C3_2_02d00h00m,low,78,1011.5,176.5,78,90203,SUM-159-chem M00b,0.1 mM
M00b chem,0.1,48,SUM-159_M00b-IncucyteRawDataLiveDead-varyGlucose_C3_3_02d00h00m,low,123,1158,164,123,152159,SUM-159-chem M00b,0.1 mM
M00b chem,0.1,48,SUM-159_M00b-IncucyteRawDataLiveDead-varyGlucose_C3_4_02d00h00m,low,71,1023,179,71,79983,SUM-159-chem M00b,0.1 mM
M00b chem,0.1,48,SUM-159_M00b-IncucyteRawDataLiveDead-varyGlucose_C8_1_02d00h00m,high,129,1421,217,129,216829,SUM-159-chem M00b,0.1 mM
M00b chem,0.1,48,SUM-159_M00b-IncucyteRawDataLiveDead-varyGlucose_C8_2_02d00h00m,high,132,1351.5,223,132,229620,SUM-159-chem M00b,0.1 mM
M00b chem,0.1,48,SUM-159_M00b-IncucyteRawDataLiveDead-varyGlucose_C8_3_02d00h00m,high,143,1450,203,143,242220,SUM-159-chem M00b,0.1 mM
M00b chem,0.1,48,SUM-159_M00b-IncucyteRawDataLiveDead-varyGlucose_C8_4_02d00h00m,high,138,1379.5,207.5,138,216685,SUM-159-chem M00b,0.1 mM
M00b chem,0.1,48,SUM-159_M00b-IncucyteRawDataLiveDead-varyGlucose_D3_1_02d00h00m,low,46,1242,240,46,60587,SUM-159-chem M00b,0.1 mM
M00b chem,0.1,48,SUM-159_M00b-IncucyteRawDataLiveDead-varyGlucose_D3_2_02d00h00m,low,69,973,185,69,79004,SUM-159-chem M00b,0.1 mM
M00b chem,0.1,48,SUM-159_M00b-IncucyteRawDataLiveDead-varyGlucose_D3_3_02d00h00m,low,55,1160,224,55,70739,SUM-159-chem M00b,0.1 mM
M00b chem,0.1,48,SUM-159_M00b-IncucyteRawDataLiveDead-varyGlucose_D3_4_02d00h00m,low,45,1260,252,45,58237,SUM-159-chem M00b,0.1 mM
M00b chem,0.1,48,SUM-159_M00b-IncucyteRawDataLiveDead-varyGlucose_D8_1_02d00h00m,high,131,1638,215,131,240383,SUM-159-chem M00b,0.1 mM
M00b chem,0.1,48,SUM-159_M00b-IncucyteRawDataLiveDead-varyGlucose_D8_2_02d00h00m,high,142,1375,217,142,234884,SUM-159-chem M00b,0.1 mM
M00b chem,0.1,48,SUM-159_M00b-IncucyteRawDataLiveDead-varyGlucose_D8_3_02d00h00m,high,163,1469,216,163,272295,SUM-159-chem M00b,0.1 mM
M00b chem,0.1,48,SUM-159_M00b-IncucyteRawDataLiveDead-varyGlucose_D8_4_02d00h00m,high,139,1581,212,139,251475,SUM-159-chem M00b,0.1 mM
M00b chem,0.1,48,SUM-159_M00b-IncucyteRawDataLiveDead-varyGlucose_E3_1_02d00h00m,low,51,1124,236,51,64482,SUM-159-chem M00b,0.1 mM
M00b chem,0.1,48,SUM-159_M00b-IncucyteRawDataLiveDead-varyGlucose_E3_2_02d00h00m,low,40,1039,224,40,46618,SUM-159-chem M00b,0.1 mM
M00b chem,0.1,48,SUM-159_M00b-IncucyteRawDataLiveDead-varyGlucose_E3_3_02d00h00m,low,68,1080.5,196.5,68,88462,SUM-159-chem M00b,0.1 mM
M00b chem,0.1,48,SUM-159_M00b-IncucyteRawDataLiveDead-varyGlucose_E3_4_02d00h00m,low,53,1086,218,53,65060,SUM-159-chem M00b,0.1 mM
M00b chem,0.1,48,SUM-159_M00b-IncucyteRawDataLiveDead-varyGlucose_E8_1_02d00h00m,high,116,1755.5,223,116,238411,SUM-159-chem M00b,0.1 mM
M00b chem,0.1,48,SUM-159_M00b-IncucyteRawDataLiveDead-varyGlucose_E8_2_02d00h00m,high,131,1364,202,131,226651,SUM-159-chem M00b,0.1 mM
M00b chem,0.1,48,SUM-159_M00b-IncucyteRawDataLiveDead-varyGlucose_E8_3_02d00h00m,high,134,1443.5,212,134,241244,SUM-159-chem M00b,0.1 mM
M00b chem,0.1,48,SUM-159_M00b-IncucyteRawDataLiveDead-varyGlucose_E8_4_02d00h00m,high,134,1696,217.5,134,258578,SUM-159-chem M00b,0.1 mM
M00b chem,0.5,24,SUM-159_M00b-IncucyteRawDataLiveDead-varyGlucose_B10_1_01d00h00m,high,169,1587,192,169,291874,SUM-159-chem M00b,0.5 mM
M00b chem,0.5,24,SUM-159_M00b-IncucyteRawDataLiveDead-varyGlucose_B10_2_01d00h00m,high,172,1578,200.5,172,305789,SUM-159-chem M00b,0.5 mM
M00b chem,0.5,24,SUM-159_M00b-IncucyteRawDataLiveDead-varyGlucose_B10_3_01d00h00m,high,95,1603,191,95,160439,SUM-159-chem M00b,0.5 mM
M00b chem,0.5,24,SUM-159_M00b-IncucyteRawDataLiveDead-varyGlucose_B10_4_01d00h00m,high,112,1681,185,112,200462,SUM-159-chem M00b,0.5 mM
M00b chem,0.5,24,SUM-159_M00b-IncucyteRawDataLiveDead-varyGlucose_B5_1_01d00h00m,low,97,1117,157,97,117637,SUM-159-chem M00b,0.5 mM
M00b chem,0.5,24,SUM-159_M00b-IncucyteRawDataLiveDead-varyGlucose_B5_2_01d00h00m,low,154,1016.5,138,154,162567,SUM-159-chem M00b,0.5 mM
M00b chem,0.5,24,SUM-159_M00b-IncucyteRawDataLiveDead-varyGlucose_B5_3_01d00h00m,low,62,1127.5,162,62,73116,SUM-159-chem M00b,0.5 mM
M00b chem,0.5,24,SUM-159_M00b-IncucyteRawDataLiveDead-varyGlucose_B5_4_01d00h00m,low,104,1156,154.5,104,122734,SUM-159-chem M00b,0.5 mM
M00b chem,0.5,24,SUM-159_M00b-IncucyteRawDataLiveDead-varyGlucose_C10_1_01d00h00m,high,165,1555,192,165,288301,SUM-159-chem M00b,0.5 mM
M00b chem,0.5,24,SUM-159_M00b-IncucyteRawDataLiveDead-varyGlucose_C10_2_01d00h00m,high,157,1640,202,157,313674,SUM-159-chem M00b,0.5 mM
M00b chem,0.5,24,SUM-159_M00b-IncucyteRawDataLiveDead-varyGlucose_C10_3_01d00h00m,high,157,1549,195,157,274684,SUM-159-chem M00b,0.5 mM
M00b chem,0.5,24,SUM-159_M00b-IncucyteRawDataLiveDead-varyGlucose_C10_4_01d00h00m,high,163,1551,186,163,295030,SUM-159-chem M00b,0.5 mM
M00b chem,0.5,24,SUM-159_M00b-IncucyteRawDataLiveDead-varyGlucose_C5_1_01d00h00m,low,191,1026,137,191,204994,SUM-159-chem M00b,0.5 mM
M00b chem,0.5,24,SUM-159_M00b-IncucyteRawDataLiveDead-varyGlucose_C5_2_01d00h00m,low,134,1092,144,134,152825,SUM-159-chem M00b,0.5 mM
M00b chem,0.5,24,SUM-159_M00b-IncucyteRawDataLiveDead-varyGlucose_C5_3_01d00h00m,low,126,1068,152.5,126,139311,SUM-159-chem M00b,0.5 mM
M00b chem,0.5,24,SUM-159_M00b-IncucyteRawDataLiveDead-varyGlucose_C5_4_01d00h00m,low,89,1129,162,89,107952,SUM-159-chem M00b,0.5 mM
M00b chem,0.5,24,SUM-159_M00b-IncucyteRawDataLiveDead-varyGlucose_D10_1_01d00h00m,high,148,1654,195,148,272892,SUM-159-chem M00b,0.5 mM
M00b chem,0.5,24,SUM-159_M00b-IncucyteRawDataLiveDead-varyGlucose_D10_2_01d00h00m,high,168,1365.5,177,168,271058,SUM-159-chem M00b,0.5 mM
M00b chem,0.5,24,SUM-159_M00b-IncucyteRawDataLiveDead-varyGlucose_D10_3_01d00h00m,high,162,1580,185.5,162,280672,SUM-159-chem M00b,0.5 mM
M00b chem,0.5,24,SUM-159_M00b-IncucyteRawDataLiveDead-varyGlucose_D10_4_01d00h00m,high,174,1600,192.5,174,300195,SUM-159-chem M00b,0.5 mM
M00b chem,0.5,24,SUM-159_M00b-IncucyteRawDataLiveDead-varyGlucose_D5_1_01d00h00m,low,91,1120,159,91,108290,SUM-159-chem M00b,0.5 mM
M00b chem,0.5,24,SUM-159_M00b-IncucyteRawDataLiveDead-varyGlucose_D5_2_01d00h00m,low,153,1153,148,153,183321,SUM-159-chem M00b,0.5 mM
M00b chem,0.5,24,SUM-159_M00b-IncucyteRawDataLiveDead-varyGlucose_D5_3_01d00h00m,low,80,1200.5,170.5,80,103380,SUM-159-chem M00b,0.5 mM
M00b chem,0.5,24,SUM-159_M00b-IncucyteRawDataLiveDead-varyGlucose_D5_4_01d00h00m,low,151,1152,156,151,182994,SUM-159-chem M00b,0.5 mM
M00b chem,0.5,24,SUM-159_M00b-IncucyteRawDataLiveDead-varyGlucose_E10_1_01d00h00m,high,116,1672.5,183,116,218612,SUM-159-chem M00b,0.5 mM
M00b chem,0.5,24,SUM-159_M00b-IncucyteRawDataLiveDead-varyGlucose_E10_2_01d00h00m,high,124,1631.5,205.5,124,242454,SUM-159-chem M00b,0.5 mM
M00b chem,0.5,24,SUM-159_M00b-IncucyteRawDataLiveDead-varyGlucose_E10_3_01d00h00m,high,147,1570,197,147,266920,SUM-159-chem M00b,0.5 mM
M00b chem,0.5,24,SUM-159_M00b-IncucyteRawDataLiveDead-varyGlucose_E10_4_01d00h00m,high,144,1511,188,144,242556,SUM-159-chem M00b,0.5 mM
M00b chem,0.5,24,SUM-159_M00b-IncucyteRawDataLiveDead-varyGlucose_E5_1_01d00h00m,low,125,1091,152,125,146376,SUM-159-chem M00b,0.5 mM
M00b chem,0.5,24,SUM-159_M00b-IncucyteRawDataLiveDead-varyGlucose_E5_2_01d00h00m,low,82,1142,165,82,98889,SUM-159-chem M00b,0.5 mM
M00b chem,0.5,24,SUM-159_M00b-IncucyteRawDataLiveDead-varyGlucose_E5_3_01d00h00m,low,96,1123.5,158.5,96,114079,SUM-159-chem M00b,0.5 mM
M00b chem,0.5,24,SUM-159_M00b-IncucyteRawDataLiveDead-varyGlucose_E5_4_01d00h00m,low,126,1133.5,150,126,152247,SUM-159-chem M00b,0.5 mM
M00b chem,0.5,32,SUM-159_M00b-IncucyteRawDataLiveDead-varyGlucose_B10_1_01d08h00m,high,193,1465,204,193,333712,SUM-159-chem M00b,0.5 mM
M00b chem,0.5,32,SUM-159_M00b-IncucyteRawDataLiveDead-varyGlucose_B10_2_01d08h00m,high,186,1542,208.5,186,343002,SUM-159-chem M00b,0.5 mM
M00b chem,0.5,32,SUM-159_M00b-IncucyteRawDataLiveDead-varyGlucose_B10_3_01d08h00m,high,109,1745,195,109,202487,SUM-159-chem M00b,0.5 mM
M00b chem,0.5,32,SUM-159_M00b-IncucyteRawDataLiveDead-varyGlucose_B10_4_01d08h00m,high,123,1671,201,123,236438,SUM-159-chem M00b,0.5 mM
M00b chem,0.5,32,SUM-159_M00b-IncucyteRawDataLiveDead-varyGlucose_B5_1_01d08h00m,low,124,1094.5,149.5,124,157827,SUM-159-chem M00b,0.5 mM
M00b chem,0.5,32,SUM-159_M00b-IncucyteRawDataLiveDead-varyGlucose_B5_2_01d08h00m,low,196,1026.5,147,196,218503,SUM-159-chem M00b,0.5 mM
M00b chem,0.5,32,SUM-159_M00b-IncucyteRawDataLiveDead-varyGlucose_B5_3_01d08h00m,low,84,1178,165,84,102650,SUM-159-chem M00b,0.5 mM
M00b chem,0.5,32,SUM-159_M00b-IncucyteRawDataLiveDead-varyGlucose_B5_4_01d08h00m,low,140,1205,160,140,172759,SUM-159-chem M00b,0.5 mM
M00b chem,0.5,32,SUM-159_M00b-IncucyteRawDataLiveDead-varyGlucose_C10_1_01d08h00m,high,177,1615,203,177,344416,SUM-159-chem M00b,0.5 mM
M00b chem,0.5,32,SUM-159_M00b-IncucyteRawDataLiveDead-varyGlucose_C10_2_01d08h00m,high,174,1674.5,200.5,174,343470,SUM-159-chem M00b,0.5 mM
M00b chem,0.5,32,SUM-159_M00b-IncucyteRawDataLiveDead-varyGlucose_C10_3_01d08h00m,high,159,1637,207,159,300061,SUM-159-chem M00b,0.5 mM
M00b chem,0.5,32,SUM-159_M00b-IncucyteRawDataLiveDead-varyGlucose_C10_4_01d08h00m,high,166,1606,197.5,166,309157,SUM-159-chem M00b,0.5 mM
M00b chem,0.5,32,SUM-159_M00b-IncucyteRawDataLiveDead-varyGlucose_C5_1_01d08h00m,low,245,1110,151,245,290932,SUM-159-chem M00b,0.5 mM
M00b chem,0.5,32,SUM-159_M00b-IncucyteRawDataLiveDead-varyGlucose_C5_2_01d08h00m,low,176,1161.5,153,176,218723,SUM-159-chem M00b,0.5 mM
M00b chem,0.5,32,SUM-159_M00b-IncucyteRawDataLiveDead-varyGlucose_C5_3_01d08h00m,low,162,1134,152.5,162,198734,SUM-159-chem M00b,0.5 mM
M00b chem,0.5,32,SUM-159_M00b-IncucyteRawDataLiveDead-varyGlucose_C5_4_01d08h00m,low,106,1159.5,154,106,140990,SUM-159-chem M00b,0.5 mM
M00b chem,0.5,32,SUM-159_M00b-IncucyteRawDataLiveDead-varyGlucose_D10_1_01d08h00m,high,153,1902,226,153,333656,SUM-159-chem M00b,0.5 mM
M00b chem,0.5,32,SUM-159_M00b-IncucyteRawDataLiveDead-varyGlucose_D10_2_01d08h00m,high,185,1493,190,185,328642,SUM-159-chem M00b,0.5 mM
M00b chem,0.5,32,SUM-159_M00b-IncucyteRawDataLiveDead-varyGlucose_D10_3_01d08h00m,high,182,1590,197,182,339078,SUM-159-chem M00b,0.5 mM
M00b chem,0.5,32,SUM-159_M00b-IncucyteRawDataLiveDead-varyGlucose_D10_4_01d08h00m,high,184,1694.5,199.5,184,348584,SUM-159-chem M00b,0.5 mM
M00b chem,0.5,32,SUM-159_M00b-IncucyteRawDataLiveDead-varyGlucose_D5_1_01d08h00m,low,118,1186.5,156.5,118,145992,SUM-159-chem M00b,0.5 mM
M00b chem,0.5,32,SUM-159_M00b-IncucyteRawDataLiveDead-varyGlucose_D5_2_01d08h00m,low,199,1123,151,199,241730,SUM-159-chem M00b,0.5 mM
M00b chem,0.5,32,SUM-159_M00b-IncucyteRawDataLiveDead-varyGlucose_D5_3_01d08h00m,low,111,1239,171,111,145901,SUM-159-chem M00b,0.5 mM
M00b chem,0.5,32,SUM-159_M00b-IncucyteRawDataLiveDead-varyGlucose_D5_4_01d08h00m,low,199,1173,150,199,250231,SUM-159-chem M00b,0.5 mM
M00b chem,0.5,32,SUM-159_M00b-IncucyteRawDataLiveDead-varyGlucose_E10_1_01d08h00m,high,129,1988,210,129,268830,SUM-159-chem M00b,0.5 mM
M00b chem,0.5,32,SUM-159_M00b-IncucyteRawDataLiveDead-varyGlucose_E10_2_01d08h00m,high,147,1455,190,147,270526,SUM-159-chem M00b,0.5 mM
M00b chem,0.5,32,SUM-159_M00b-IncucyteRawDataLiveDead-varyGlucose_E10_3_01d08h00m,high,157,1526,202,157,285589,SUM-159-chem M00b,0.5 mM
M00b chem,0.5,32,SUM-159_M00b-IncucyteRawDataLiveDead-varyGlucose_E10_4_01d08h00m,high,154,1582.5,212.5,154,283378,SUM-159-chem M00b,0.5 mM
M00b chem,0.5,32,SUM-159_M00b-IncucyteRawDataLiveDead-varyGlucose_E5_1_01d08h00m,low,157,1166,153,157,197673,SUM-159-chem M00b,0.5 mM
M00b chem,0.5,32,SUM-159_M00b-IncucyteRawDataLiveDead-varyGlucose_E5_2_01d08h00m,low,111,1183,164,111,140396,SUM-159-chem M00b,0.5 mM
M00b chem,0.5,32,SUM-159_M00b-IncucyteRawDataLiveDead-varyGlucose_E5_3_01d08h00m,low,103,1238,159,103,134596,SUM-159-chem M00b,0.5 mM
M00b chem,0.5,32,SUM-159_M00b-IncucyteRawDataLiveDead-varyGlucose_E5_4_01d08h00m,low,159,1146,153,159,202538,SUM-159-chem M00b,0.5 mM
M00b chem,0.5,40,SUM-159_M00b-IncucyteRawDataLiveDead-varyGlucose_B10_1_01d16h00m,high,215,1529,205,215,390185,SUM-159-chem M00b,0.5 mM
M00b chem,0.5,40,SUM-159_M00b-IncucyteRawDataLiveDead-varyGlucose_B10_2_01d16h00m,high,195,1498,205,195,358209,SUM-159-chem M00b,0.5 mM
M00b chem,0.5,40,SUM-159_M00b-IncucyteRawDataLiveDead-varyGlucose_B10_3_01d16h00m,high,102,1835,205.5,102,204571,SUM-159-chem M00b,0.5 mM
M00b chem,0.5,40,SUM-159_M00b-IncucyteRawDataLiveDead-varyGlucose_B10_4_01d16h00m,high,118,1759,217,118,242024,SUM-159-chem M00b,0.5 mM
M00b chem,0.5,40,SUM-159_M00b-IncucyteRawDataLiveDead-varyGlucose_B5_1_01d16h00m,low,154,1107,164.5,154,196505,SUM-159-chem M00b,0.5 mM
M00b chem,0.5,40,SUM-159_M00b-IncucyteRawDataLiveDead-varyGlucose_B5_2_01d16h00m,low,238,1144,151,238,293435,SUM-159-chem M00b,0.5 mM
M00b chem,0.5,40,SUM-159_M00b-IncucyteRawDataLiveDead-varyGlucose_B5_3_01d16h00m,low,82,1326,191,82,118424,SUM-159-chem M00b,0.5 mM
M00b chem,0.5,40,SUM-159_M00b-IncucyteRawDataLiveDead-varyGlucose_B5_4_01d16h00m,low,174,1169.5,166,174,225113,SUM-159-chem M00b,0.5 mM
M00b chem,0.5,40,SUM-159_M00b-IncucyteRawDataLiveDead-varyGlucose_C10_1_01d16h00m,high,183,1558,214,183,344623,SUM-159-chem M00b,0.5 mM
M00b chem,0.5,40,SUM-159_M00b-IncucyteRawDataLiveDead-varyGlucose_C10_2_01d16h00m,high,186,1752,213.5,186,361911,SUM-159-chem M00b,0.5 mM
M00b chem,0.5,40,SUM-159_M00b-IncucyteRawDataLiveDead-varyGlucose_C10_3_01d16h00m,high,170,1415,203.5,170,295942,SUM-159-chem M00b,0.5 mM
M00b chem,0.5,40,SUM-159_M00b-IncucyteRawDataLiveDead-varyGlucose_C10_4_01d16h00m,high,178,1701.5,207,178,345996,SUM-159-chem M00b,0.5 mM
M00b chem,0.5,40,SUM-159_M00b-IncucyteRawDataLiveDead-varyGlucose_C5_1_01d16h00m,low,294,1101,151.5,294,351654,SUM-159-chem M00b,0.5 mM
M00b chem,0.5,40,SUM-159_M00b-IncucyteRawDataLiveDead-varyGlucose_C5_2_01d16h00m,low,219,1087,148,219,252964,SUM-159-chem M00b,0.5 mM
M00b chem,0.5,40,SUM-159_M00b-IncucyteRawDataLiveDead-varyGlucose_C5_3_01d16h00m,low,187,1117,155,187,236686,SUM-159-chem M00b,0.5 mM
M00b chem,0.5,40,SUM-159_M00b-IncucyteRawDataLiveDead-varyGlucose_C5_4_01d16h00m,low,136,1209.5,163.5,136,185283,SUM-159-chem M00b,0.5 mM
M00b chem,0.5,40,SUM-159_M00b-IncucyteRawDataLiveDead-varyGlucose_D10_1_01d16h00m,high,156,1764.5,227,156,331768,SUM-159-chem M00b,0.5 mM
M00b chem,0.5,40,SUM-159_M00b-IncucyteRawDataLiveDead-varyGlucose_D10_2_01d16h00m,high,179,1756,225,179,362598,SUM-159-chem M00b,0.5 mM
M00b chem,0.5,40,SUM-159_M00b-IncucyteRawDataLiveDead-varyGlucose_D10_3_01d16h00m,high,189,1509,198,189,361799,SUM-159-chem M00b,0.5 mM
M00b chem,0.5,40,SUM-159_M00b-IncucyteRawDataLiveDead-varyGlucose_D10_4_01d16h00m,high,195,1649,216,195,396471,SUM-159-chem M00b,0.5 mM
M00b chem,0.5,40,SUM-159_M00b-IncucyteRawDataLiveDead-varyGlucose_D5_1_01d16h00m,low,135,1333,170,135,188256,SUM-159-chem M00b,0.5 mM
M00b chem,0.5,40,SUM-159_M00b-IncucyteRawDataLiveDead-varyGlucose_D5_2_01d16h00m,low,235,1164,152,235,299747,SUM-159-chem M00b,0.5 mM
M00b chem,0.5,40,SUM-159_M00b-IncucyteRawDataLiveDead-varyGlucose_D5_3_01d16h00m,low,133,1198,170,133,177333,SUM-159-chem M00b,0.5 mM
M00b chem,0.5,40,SUM-159_M00b-IncucyteRawDataLiveDead-varyGlucose_D5_4_01d16h00m,low,221,1235,157,221,287780,SUM-159-chem M00b,0.5 mM
M00b chem,0.5,40,SUM-159_M00b-IncucyteRawDataLiveDead-varyGlucose_E10_1_01d16h00m,high,142,1607.5,205.5,142,290265,SUM-159-chem M00b,0.5 mM
M00b chem,0.5,40,SUM-159_M00b-IncucyteRawDataLiveDead-varyGlucose_E10_2_01d16h00m,high,151,1598,212,151,286357,SUM-159-chem M00b,0.5 mM
M00b chem,0.5,40,SUM-159_M00b-IncucyteRawDataLiveDead-varyGlucose_E10_3_01d16h00m,high,171,1427,214,171,299789,SUM-159-chem M00b,0.5 mM
M00b chem,0.5,40,SUM-159_M00b-IncucyteRawDataLiveDead-varyGlucose_E10_4_01d16h00m,high,166,1588,196,166,308338,SUM-159-chem M00b,0.5 mM
M00b chem,0.5,40,SUM-159_M00b-IncucyteRawDataLiveDead-varyGlucose_E5_1_01d16h00m,low,196,1270.5,160,196,268605,SUM-159-chem M00b,0.5 mM
M00b chem,0.5,40,SUM-159_M00b-IncucyteRawDataLiveDead-varyGlucose_E5_2_01d16h00m,low,137,1223,163,137,177638,SUM-159-chem M00b,0.5 mM
M00b chem,0.5,40,SUM-159_M00b-IncucyteRawDataLiveDead-varyGlucose_E5_3_01d16h00m,low,142,1120.5,153.5,142,176529,SUM-159-chem M00b,0.5 mM
M00b chem,0.5,40,SUM-159_M00b-IncucyteRawDataLiveDead-varyGlucose_E5_4_01d16h00m,low,202,1233,167.5,202,269649,SUM-159-chem M00b,0.5 mM
M00b chem,0.5,48,SUM-159_M00b-IncucyteRawDataLiveDead-varyGlucose_B10_1_02d00h00m,high,212,1360.5,205,212,377730,SUM-159-chem M00b,0.5 mM
M00b chem,0.5,48,SUM-159_M00b-IncucyteRawDataLiveDead-varyGlucose_B10_2_02d00h00m,high,186,1516,218.5,186,335858,SUM-159-chem M00b,0.5 mM
M00b chem,0.5,48,SUM-159_M00b-IncucyteRawDataLiveDead-varyGlucose_B10_3_02d00h00m,high,110,1669.5,220.5,110,203056,SUM-159-chem M00b,0.5 mM
M00b chem,0.5,48,SUM-159_M00b-IncucyteRawDataLiveDead-varyGlucose_B10_4_02d00h00m,high,119,1851,225,119,254140,SUM-159-chem M00b,0.5 mM
M00b chem,0.5,48,SUM-159_M00b-IncucyteRawDataLiveDead-varyGlucose_B5_1_02d00h00m,low,188,1108.5,154,188,242922,SUM-159-chem M00b,0.5 mM
M00b chem,0.5,48,SUM-159_M00b-IncucyteRawDataLiveDead-varyGlucose_B5_2_02d00h00m,low,282,939,148,282,320023,SUM-159-chem M00b,0.5 mM
M00b chem,0.5,48,SUM-159_M00b-IncucyteRawDataLiveDead-varyGlucose_B5_3_02d00h00m,low,100,1297.5,192,100,147342,SUM-159-chem M00b,0.5 mM
M00b chem,0.5,48,SUM-159_M00b-IncucyteRawDataLiveDead-varyGlucose_B5_4_02d00h00m,low,208,1146,159,208,264627,SUM-159-chem M00b,0.5 mM
M00b chem,0.5,48,SUM-159_M00b-IncucyteRawDataLiveDead-varyGlucose_C10_1_02d00h00m,high,188,1424.5,217.5,188,344159,SUM-159-chem M00b,0.5 mM
M00b chem,0.5,48,SUM-159_M00b-IncucyteRawDataLiveDead-varyGlucose_C10_2_02d00h00m,high,198,1441,205.5,198,355750,SUM-159-chem M00b,0.5 mM
M00b chem,0.5,48,SUM-159_M00b-IncucyteRawDataLiveDead-varyGlucose_C10_3_02d00h00m,high,173,1417,205,173,302148,SUM-159-chem M00b,0.5 mM
M00b chem,0.5,48,SUM-159_M00b-IncucyteRawDataLiveDead-varyGlucose_C10_4_02d00h00m,high,183,1558,209,183,331220,SUM-159-chem M00b,0.5 mM
M00b chem,0.5,48,SUM-159_M00b-IncucyteRawDataLiveDead-varyGlucose_C5_1_02d00h00m,low,344,1044,153,344,389487,SUM-159-chem M00b,0.5 mM
M00b chem,0.5,48,SUM-159_M00b-IncucyteRawDataLiveDead-varyGlucose_C5_2_02d00h00m,low,245,1052,151,245,290594,SUM-159-chem M00b,0.5 mM
M00b chem,0.5,48,SUM-159_M00b-IncucyteRawDataLiveDead-varyGlucose_C5_3_02d00h00m,low,223,1145,159,223,284480,SUM-159-chem M00b,0.5 mM
M00b chem,0.5,48,SUM-159_M00b-IncucyteRawDataLiveDead-varyGlucose_C5_4_02d00h00m,low,161,1087,163,161,216698,SUM-159-chem M00b,0.5 mM
M00b chem,0.5,48,SUM-159_M00b-IncucyteRawDataLiveDead-varyGlucose_D10_1_02d00h00m,high,163,1678,207,163,338809,SUM-159-chem M00b,0.5 mM
M00b chem,0.5,48,SUM-159_M00b-IncucyteRawDataLiveDead-varyGlucose_D10_2_02d00h00m,high,186,1550,212,186,354656,SUM-159-chem M00b,0.5 mM
M00b chem,0.5,48,SUM-159_M00b-IncucyteRawDataLiveDead-varyGlucose_D10_3_02d00h00m,high,187,1419,208,187,338168,SUM-159-chem M00b,0.5 mM
M00b chem,0.5,48,SUM-159_M00b-IncucyteRawDataLiveDead-varyGlucose_D10_4_02d00h00m,high,206,1503,207.5,206,370690,SUM-159-chem M00b,0.5 mM
M00b chem,0.5,48,SUM-159_M00b-IncucyteRawDataLiveDead-varyGlucose_D5_1_02d00h00m,low,163,1258,174,163,227082,SUM-159-chem M00b,0.5 mM
M00b chem,0.5,48,SUM-159_M00b-IncucyteRawDataLiveDead-varyGlucose_D5_2_02d00h00m,low,269,1030,155,269,315102,SUM-159-chem M00b,0.5 mM
M00b chem,0.5,48,SUM-159_M00b-IncucyteRawDataLiveDead-varyGlucose_D5_3_02d00h00m,low,147,1245,173,147,196577,SUM-159-chem M00b,0.5 mM
M00b chem,0.5,48,SUM-159_M00b-IncucyteRawDataLiveDead-varyGlucose_D5_4_02d00h00m,low,251,1162,159,251,325262,SUM-159-chem M00b,0.5 mM
M00b chem,0.5,48,SUM-159_M00b-IncucyteRawDataLiveDead-varyGlucose_E10_1_02d00h00m,high,135,1646,228,135,263972,SUM-159-chem M00b,0.5 mM
M00b chem,0.5,48,SUM-159_M00b-IncucyteRawDataLiveDead-varyGlucose_E10_2_02d00h00m,high,155,1685,225,155,305471,SUM-159-chem M00b,0.5 mM
M00b chem,0.5,48,SUM-159_M00b-IncucyteRawDataLiveDead-varyGlucose_E10_3_02d00h00m,high,157,1504,224,157,285992,SUM-159-chem M00b,0.5 mM
M00b chem,0.5,48,SUM-159_M00b-IncucyteRawDataLiveDead-varyGlucose_E10_4_02d00h00m,high,169,1512,209,169,304020,SUM-159-chem M00b,0.5 mM
M00b chem,0.5,48,SUM-159_M00b-IncucyteRawDataLiveDead-varyGlucose_E5_1_02d00h00m,low,219,1101,155,219,277213,SUM-159-chem M00b,0.5 mM
M00b chem,0.5,48,SUM-159_M00b-IncucyteRawDataLiveDead-varyGlucose_E5_2_02d00h00m,low,163,1050,155,163,202166,SUM-159-chem M00b,0.5 mM
M00b chem,0.5,48,SUM-159_M00b-IncucyteRawDataLiveDead-varyGlucose_E5_3_02d00h00m,low,159,1169,165,159,203797,SUM-159-chem M00b,0.5 mM
M00b chem,0.5,48,SUM-159_M00b-IncucyteRawDataLiveDead-varyGlucose_E5_4_02d00h00m,low,215,1238,170,215,291721,SUM-159-chem M00b,0.5 mM
M00b chem,1,24,SUM-159_M00b-IncucyteRawDataLiveDead-varyGlucose_B11_1_01d00h00m,high,205,1414,193,205,328671,SUM-159-chem M00b,1 mM
M00b chem,1,24,SUM-159_M00b-IncucyteRawDataLiveDead-varyGlucose_B11_2_01d00h00m,high,196,1381,171,196,307539,SUM-159-chem M00b,1 mM
M00b chem,1,24,SUM-159_M00b-IncucyteRawDataLiveDead-varyGlucose_B11_3_01d00h00m,high,123,1697,202,123,215712,SUM-159-chem M00b,1 mM
M00b chem,1,24,SUM-159_M00b-IncucyteRawDataLiveDead-varyGlucose_B11_4_01d00h00m,high,205,1352,180,205,318339,SUM-159-chem M00b,1 mM
M00b chem,1,24,SUM-159_M00b-IncucyteRawDataLiveDead-varyGlucose_B6_1_01d00h00m,low,144,1086.5,150,144,164467,SUM-159-chem M00b,1 mM
M00b chem,1,24,SUM-159_M00b-IncucyteRawDataLiveDead-varyGlucose_B6_2_01d00h00m,low,148,1108,140,148,173670,SUM-159-chem M00b,1 mM
M00b chem,1,24,SUM-159_M00b-IncucyteRawDataLiveDead-varyGlucose_B6_3_01d00h00m,low,64,1100,178,64,78807,SUM-159-chem M00b,1 mM
M00b chem,1,24,SUM-159_M00b-IncucyteRawDataLiveDead-varyGlucose_B6_4_01d00h00m,low,75,1060,145,75,86714,SUM-159-chem M00b,1 mM
M00b chem,1,24,SUM-159_M00b-IncucyteRawDataLiveDead-varyGlucose_C11_1_01d00h00m,high,168,1482,205.5,168,275469,SUM-159-chem M00b,1 mM
M00b chem,1,24,SUM-159_M00b-IncucyteRawDataLiveDead-varyGlucose_C11_2_01d00h00m,high,174,1456,190.5,174,294199,SUM-159-chem M00b,1 mM
M00b chem,1,24,SUM-159_M00b-IncucyteRawDataLiveDead-varyGlucose_C11_3_01d00h00m,high,169,1522,200,169,289285,SUM-159-chem M00b,1 mM
M00b chem,1,24,SUM-159_M00b-IncucyteRawDataLiveDead-varyGlucose_C11_4_01d00h00m,high,229,1404,181,229,355056,SUM-159-chem M00b,1 mM
M00b chem,1,24,SUM-159_M00b-IncucyteRawDataLiveDead-varyGlucose_C6_1_01d00h00m,low,88,963,161,88,95770,SUM-159-chem M00b,1 mM
M00b chem,1,24,SUM-159_M00b-IncucyteRawDataLiveDead-varyGlucose_C6_2_01d00h00m,low,180,1092,149,180,204775,SUM-159-chem M00b,1 mM
M00b chem,1,24,SUM-159_M00b-IncucyteRawDataLiveDead-varyGlucose_C6_3_01d00h00m,low,67,1209,174,67,81543,SUM-159-chem M00b,1 mM
M00b chem,1,24,SUM-159_M00b-IncucyteRawDataLiveDead-varyGlucose_C6_4_01d00h00m,low,110,1107,139.5,110,127978,SUM-159-chem M00b,1 mM
M00b chem,1,24,SUM-159_M00b-IncucyteRawDataLiveDead-varyGlucose_D11_1_01d00h00m,high,132,1597,187.5,132,224500,SUM-159-chem M00b,1 mM
M00b chem,1,24,SUM-159_M00b-IncucyteRawDataLiveDead-varyGlucose_D11_2_01d00h00m,high,153,1627,189,153,275515,SUM-159-chem M00b,1 mM
M00b chem,1,24,SUM-159_M00b-IncucyteRawDataLiveDead-varyGlucose_D11_3_01d00h00m,high,152,1533,188,152,268100,SUM-159-chem M00b,1 mM
M00b chem,1,24,SUM-159_M00b-IncucyteRawDataLiveDead-varyGlucose_D11_4_01d00h00m,high,209,1569,186,209,361775,SUM-159-chem M00b,1 mM
M00b chem,1,24,SUM-159_M00b-IncucyteRawDataLiveDead-varyGlucose_D6_1_01d00h00m,low,61,1134,178,61,76870,SUM-159-chem M00b,1 mM
M00b chem,1,24,SUM-159_M00b-IncucyteRawDataLiveDead-varyGlucose_D6_2_01d00h00m,low,206,1056.5,140,206,228457,SUM-159-chem M00b,1 mM
M00b chem,1,24,SUM-159_M00b-IncucyteRawDataLiveDead-varyGlucose_D6_3_01d00h00m,low,67,1090,181,67,79769,SUM-159-chem M00b,1 mM
M00b chem,1,24,SUM-159_M00b-IncucyteRawDataLiveDead-varyGlucose_D6_4_01d00h00m,low,157,1095,148,157,182385,SUM-159-chem M00b,1 mM
M00b chem,1,24,SUM-159_M00b-IncucyteRawDataLiveDead-varyGlucose_E11_1_01d00h00m,high,143,1803,210,143,283035,SUM-159-chem M00b,1 mM
M00b chem,1,24,SUM-159_M00b-IncucyteRawDataLiveDead-varyGlucose_E11_2_01d00h00m,high,170,1518.5,192.5,170,289506,SUM-159-chem M00b,1 mM
M00b chem,1,24,SUM-159_M00b-IncucyteRawDataLiveDead-varyGlucose_E11_3_01d00h00m,high,134,1547.5,189.5,134,237997,SUM-159-chem M00b,1 mM
M00b chem,1,24,SUM-159_M00b-IncucyteRawDataLiveDead-varyGlucose_E11_4_01d00h00m,high,186,1455,185,186,299881,SUM-159-chem M00b,1 mM
M00b chem,1,24,SUM-159_M00b-IncucyteRawDataLiveDead-varyGlucose_E6_1_01d00h00m,low,78,1224.5,178.5,78,100286,SUM-159-chem M00b,1 mM
M00b chem,1,24,SUM-159_M00b-IncucyteRawDataLiveDead-varyGlucose_E6_2_01d00h00m,low,148,1128,145,148,168483,SUM-159-chem M00b,1 mM
M00b chem,1,24,SUM-159_M00b-IncucyteRawDataLiveDead-varyGlucose_E6_3_01d00h00m,low,119,1146,161,119,138482,SUM-159-chem M00b,1 mM
M00b chem,1,24,SUM-159_M00b-IncucyteRawDataLiveDead-varyGlucose_E6_4_01d00h00m,low,186,1100.5,143,186,221482,SUM-159-chem M00b,1 mM
M00b chem,1,32,SUM-159_M00b-IncucyteRawDataLiveDead-varyGlucose_B11_1_01d08h00m,high,226,1435.5,203.5,226,394297,SUM-159-chem M00b,1 mM
M00b chem,1,32,SUM-159_M00b-IncucyteRawDataLiveDead-varyGlucose_B11_2_01d08h00m,high,241,1393,181,241,385731,SUM-159-chem M00b,1 mM
M00b chem,1,32,SUM-159_M00b-IncucyteRawDataLiveDead-varyGlucose_B11_3_01d08h00m,high,142,1585,194,142,252139,SUM-159-chem M00b,1 mM
M00b chem,1,32,SUM-159_M00b-IncucyteRawDataLiveDead-varyGlucose_B11_4_01d08h00m,high,243,1419,184,243,399701,SUM-159-chem M00b,1 mM
M00b chem,1,32,SUM-159_M00b-IncucyteRawDataLiveDead-varyGlucose_B6_1_01d08h00m,low,193,1082,155,193,223481,SUM-159-chem M00b,1 mM
M00b chem,1,32,SUM-159_M00b-IncucyteRawDataLiveDead-varyGlucose_B6_2_01d08h00m,low,186,1089,145,186,219440,SUM-159-chem M00b,1 mM
M00b chem,1,32,SUM-159_M00b-IncucyteRawDataLiveDead-varyGlucose_B6_3_01d08h00m,low,75,1250,191,75,108517,SUM-159-chem M00b,1 mM
M00b chem,1,32,SUM-159_M00b-IncucyteRawDataLiveDead-varyGlucose_B6_4_01d08h00m,low,103,1179,169,103,133029,SUM-159-chem M00b,1 mM
M00b chem,1,32,SUM-159_M00b-IncucyteRawDataLiveDead-varyGlucose_C11_1_01d08h00m,high,203,1540,205,203,339485,SUM-159-chem M00b,1 mM
M00b chem,1,32,SUM-159_M00b-IncucyteRawDataLiveDead-varyGlucose_C11_2_01d08h00m,high,204,1489.5,178,204,335938,SUM-159-chem M00b,1 mM
M00b chem,1,32,SUM-159_M00b-IncucyteRawDataLiveDead-varyGlucose_C11_3_01d08h00m,high,177,1534,194,177,322054,SUM-159-chem M00b,1 mM
M00b chem,1,32,SUM-159_M00b-IncucyteRawDataLiveDead-varyGlucose_C11_4_01d08h00m,high,269,1332,187,269,416408,SUM-159-chem M00b,1 mM
M00b chem,1,32,SUM-159_M00b-IncucyteRawDataLiveDead-varyGlucose_C6_1_01d08h00m,low,112,1139,160,112,130875,SUM-159-chem M00b,1 mM
M00b chem,1,32,SUM-159_M00b-IncucyteRawDataLiveDead-varyGlucose_C6_2_01d08h00m,low,251,1076,148,251,285692,SUM-159-chem M00b,1 mM
M00b chem,1,32,SUM-159_M00b-IncucyteRawDataLiveDead-varyGlucose_C6_3_01d08h00m,low,102,1117,168,102,115860,SUM-159-chem M00b,1 mM
M00b chem,1,32,SUM-159_M00b-IncucyteRawDataLiveDead-varyGlucose_C6_4_01d08h00m,low,153,1135,153,153,176884,SUM-159-chem M00b,1 mM
M00b chem,1,32,SUM-159_M00b-IncucyteRawDataLiveDead-varyGlucose_D11_1_01d08h00m,high,153,1468,199,153,258920,SUM-159-chem M00b,1 mM
M00b chem,1,32,SUM-159_M00b-IncucyteRawDataLiveDead-varyGlucose_D11_2_01d08h00m,high,173,1578,194,173,299062,SUM-159-chem M00b,1 mM
M00b chem,1,32,SUM-159_M00b-IncucyteRawDataLiveDead-varyGlucose_D11_3_01d08h00m,high,160,1754.5,214,160,324084,SUM-159-chem M00b,1 mM
M00b chem,1,32,SUM-159_M00b-IncucyteRawDataLiveDead-varyGlucose_D11_4_01d08h00m,high,228,1716,193,228,428082,SUM-159-chem M00b,1 mM
M00b chem,1,32,SUM-159_M00b-IncucyteRawDataLiveDead-varyGlucose_D6_1_01d08h00m,low,82,1203,170,82,113179,SUM-159-chem M00b,1 mM
M00b chem,1,32,SUM-159_M00b-IncucyteRawDataLiveDead-varyGlucose_D6_2_01d08h00m,low,255,1092,143,255,286401,SUM-159-chem M00b,1 mM
M00b chem,1,32,SUM-159_M00b-IncucyteRawDataLiveDead-varyGlucose_D6_3_01d08h00m,low,90,1266.5,176,90,119894,SUM-159-chem M00b,1 mM
M00b chem,1,32,SUM-159_M00b-IncucyteRawDataLiveDead-varyGlucose_D6_4_01d08h00m,low,215,1018,146,215,238901,SUM-159-chem M00b,1 mM
M00b chem,1,32,SUM-159_M00b-IncucyteRawDataLiveDead-varyGlucose_E11_1_01d08h00m,high,165,1561,216,165,328318,SUM-159-chem M00b,1 mM
M00b chem,1,32,SUM-159_M00b-IncucyteRawDataLiveDead-varyGlucose_E11_2_01d08h00m,high,190,1419.5,190.5,190,320846,SUM-159-chem M00b,1 mM
M00b chem,1,32,SUM-159_M00b-IncucyteRawDataLiveDead-varyGlucose_E11_3_01d08h00m,high,148,1449,208.5,148,263774,SUM-159-chem M00b,1 mM
M00b chem,1,32,SUM-159_M00b-IncucyteRawDataLiveDead-varyGlucose_E11_4_01d08h00m,high,207,1358,192,207,343924,SUM-159-chem M00b,1 mM
M00b chem,1,32,SUM-159_M00b-IncucyteRawDataLiveDead-varyGlucose_E6_1_01d08h00m,low,99,1189,176,99,122464,SUM-159-chem M00b,1 mM
M00b chem,1,32,SUM-159_M00b-IncucyteRawDataLiveDead-varyGlucose_E6_2_01d08h00m,low,194,1046.5,146,194,218467,SUM-159-chem M00b,1 mM
M00b chem,1,32,SUM-159_M00b-IncucyteRawDataLiveDead-varyGlucose_E6_3_01d08h00m,low,153,1165,158,153,190078,SUM-159-chem M00b,1 mM
M00b chem,1,32,SUM-159_M00b-IncucyteRawDataLiveDead-varyGlucose_E6_4_01d08h00m,low,283,1056,149,283,317496,SUM-159-chem M00b,1 mM
M00b chem,1,40,SUM-159_M00b-IncucyteRawDataLiveDead-varyGlucose_B11_1_01d16h00m,high,271,1458,203,271,462685,SUM-159-chem M00b,1 mM
M00b chem,1,40,SUM-159_M00b-IncucyteRawDataLiveDead-varyGlucose_B11_2_01d16h00m,high,265,1346,191,265,430289,SUM-159-chem M00b,1 mM
M00b chem,1,40,SUM-159_M00b-IncucyteRawDataLiveDead-varyGlucose_B11_3_01d16h00m,high,155,1740,209,155,303539,SUM-159-chem M00b,1 mM
M00b chem,1,40,SUM-159_M00b-IncucyteRawDataLiveDead-varyGlucose_B11_4_01d16h00m,high,295,1346,182,295,491073,SUM-159-chem M00b,1 mM
M00b chem,1,40,SUM-159_M00b-IncucyteRawDataLiveDead-varyGlucose_B6_1_01d16h00m,low,224,1143.5,167.5,224,279521,SUM-159-chem M00b,1 mM
M00b chem,1,40,SUM-159_M00b-IncucyteRawDataLiveDead-varyGlucose_B6_2_01d16h00m,low,236,1142,157,236,295306,SUM-159-chem M00b,1 mM
M00b chem,1,40,SUM-159_M00b-IncucyteRawDataLiveDead-varyGlucose_B6_3_01d16h00m,low,91,1318,194,91,139278,SUM-159-chem M00b,1 mM
M00b chem,1,40,SUM-159_M00b-IncucyteRawDataLiveDead-varyGlucose_B6_4_01d16h00m,low,137,1202,172,137,177317,SUM-159-chem M00b,1 mM
M00b chem,1,40,SUM-159_M00b-IncucyteRawDataLiveDead-varyGlucose_C11_1_01d16h00m,high,218,1625,216,218,394913,SUM-159-chem M00b,1 mM
M00b chem,1,40,SUM-159_M00b-IncucyteRawDataLiveDead-varyGlucose_C11_2_01d16h00m,high,231,1544,189,231,429148,SUM-159-chem M00b,1 mM
M00b chem,1,40,SUM-159_M00b-IncucyteRawDataLiveDead-varyGlucose_C11_3_01d16h00m,high,220,1430,205,220,387120,SUM-159-chem M00b,1 mM
M00b chem,1,40,SUM-159_M00b-IncucyteRawDataLiveDead-varyGlucose_C11_4_01d16h00m,high,303,1397,192,303,508382,SUM-159-chem M00b,1 mM
M00b chem,1,40,SUM-159_M00b-IncucyteRawDataLiveDead-varyGlucose_C6_1_01d16h00m,low,134,1161,170,134,171336,SUM-159-chem M00b,1 mM
M00b chem,1,40,SUM-159_M00b-IncucyteRawDataLiveDead-varyGlucose_C6_2_01d16h00m,low,324,1024,151.5,324,358121,SUM-159-chem M00b,1 mM
M00b chem,1,40,SUM-159_M00b-IncucyteRawDataLiveDead-varyGlucose_C6_3_01d16h00m,low,126,1165.5,168,126,155722,SUM-159-chem M00b,1 mM
M00b chem,1,40,SUM-159_M00b-IncucyteRawDataLiveDead-varyGlucose_C6_4_01d16h00m,low,196,1066,152,196,240071,SUM-159-chem M00b,1 mM
M00b chem,1,40,SUM-159_M00b-IncucyteRawDataLiveDead-varyGlucose_D11_1_01d16h00m,high,167,1398,191,167,293215,SUM-159-chem M00b,1 mM
M00b chem,1,40,SUM-159_M00b-IncucyteRawDataLiveDead-varyGlucose_D11_2_01d16h00m,high,219,1351,184,219,365375,SUM-159-chem M00b,1 mM
M00b chem,1,40,SUM-159_M00b-IncucyteRawDataLiveDead-varyGlucose_D11_3_01d16h00m,high,204,1545,213,204,392554,SUM-159-chem M00b,1 mM
M00b chem,1,40,SUM-159_M00b-IncucyteRawDataLiveDead-varyGlucose_D11_4_01d16h00m,high,287,1648,202,287,553551,SUM-159-chem M00b,1 mM
M00b chem,1,40,SUM-159_M00b-IncucyteRawDataLiveDead-varyGlucose_D6_1_01d16h00m,low,99,1215,179,99,133920,SUM-159-chem M00b,1 mM
M00b chem,1,40,SUM-159_M00b-IncucyteRawDataLiveDead-varyGlucose_D6_2_01d16h00m,low,352,1068,152,352,402540,SUM-159-chem M00b,1 mM
M00b chem,1,40,SUM-159_M00b-IncucyteRawDataLiveDead-varyGlucose_D6_3_01d16h00m,low,113,1158,170,113,151476,SUM-159-chem M00b,1 mM
M00b chem,1,40,SUM-159_M00b-IncucyteRawDataLiveDead-varyGlucose_D6_4_01d16h00m,low,269,1038,151,269,308614,SUM-159-chem M00b,1 mM
M00b chem,1,40,SUM-159_M00b-IncucyteRawDataLiveDead-varyGlucose_E11_1_01d16h00m,high,209,1587,215,209,403044,SUM-159-chem M00b,1 mM
M00b chem,1,40,SUM-159_M00b-IncucyteRawDataLiveDead-varyGlucose_E11_2_01d16h00m,high,227,1409,185,227,377131,SUM-159-chem M00b,1 mM
M00b chem,1,40,SUM-159_M00b-IncucyteRawDataLiveDead-varyGlucose_E11_3_01d16h00m,high,177,1533,194,177,329510,SUM-159-chem M00b,1 mM
M00b chem,1,40,SUM-159_M00b-IncucyteRawDataLiveDead-varyGlucose_E11_4_01d16h00m,high,275,1393,188,275,446469,SUM-159-chem M00b,1 mM
M00b chem,1,40,SUM-159_M00b-IncucyteRawDataLiveDead-varyGlucose_E6_1_01d16h00m,low,138,1041.5,160,138,156046,SUM-159-chem M00b,1 mM
M00b chem,1,40,SUM-159_M00b-IncucyteRawDataLiveDead-varyGlucose_E6_2_01d16h00m,low,246,1095.5,151,246,284593,SUM-159-chem M00b,1 mM
M00b chem,1,40,SUM-159_M00b-IncucyteRawDataLiveDead-varyGlucose_E6_3_01d16h00m,low,195,1075,157,195,231267,SUM-159-chem M00b,1 mM
M00b chem,1,40,SUM-159_M00b-IncucyteRawDataLiveDead-varyGlucose_E6_4_01d16h00m,low,352,1034,153,352,402339,SUM-159-chem M00b,1 mM
M00b chem,1,48,SUM-159_M00b-IncucyteRawDataLiveDead-varyGlucose_B11_1_02d00h00m,high,289,1505,220,289,538182,SUM-159-chem M00b,1 mM
M00b chem,1,48,SUM-159_M00b-IncucyteRawDataLiveDead-varyGlucose_B11_2_02d00h00m,high,297,1317,190,297,482765,SUM-159-chem M00b,1 mM
M00b chem,1,48,SUM-159_M00b-IncucyteRawDataLiveDead-varyGlucose_B11_3_02d00h00m,high,154,1675,213.5,154,301311,SUM-159-chem M00b,1 mM
M00b chem,1,48,SUM-159_M00b-IncucyteRawDataLiveDead-varyGlucose_B11_4_02d00h00m,high,302,1471,196.5,302,532340,SUM-159-chem M00b,1 mM
M00b chem,1,48,SUM-159_M00b-IncucyteRawDataLiveDead-varyGlucose_B6_1_02d00h00m,low,310,1059.5,154,310,354794,SUM-159-chem M00b,1 mM
M00b chem,1,48,SUM-159_M00b-IncucyteRawDataLiveDead-varyGlucose_B6_2_02d00h00m,low,327,1073,151,327,389499,SUM-159-chem M00b,1 mM
M00b chem,1,48,SUM-159_M00b-IncucyteRawDataLiveDead-varyGlucose_B6_3_02d00h00m,low,124,1149.5,171.5,124,172898,SUM-159-chem M00b,1 mM
M00b chem,1,48,SUM-159_M00b-IncucyteRawDataLiveDead-varyGlucose_B6_4_02d00h00m,low,173,1225,173,173,225472,SUM-159-chem M00b,1 mM
M00b chem,1,48,SUM-159_M00b-IncucyteRawDataLiveDead-varyGlucose_C11_1_02d00h00m,high,263,1439,219,263,460323,SUM-159-chem M00b,1 mM
M00b chem,1,48,SUM-159_M00b-IncucyteRawDataLiveDead-varyGlucose_C11_2_02d00h00m,high,237,1483,190,237,442428,SUM-159-chem M00b,1 mM
M00b chem,1,48,SUM-159_M00b-IncucyteRawDataLiveDead-varyGlucose_C11_3_02d00h00m,high,220,1418.5,199.5,220,399736,SUM-159-chem M00b,1 mM
M00b chem,1,48,SUM-159_M00b-IncucyteRawDataLiveDead-varyGlucose_C11_4_02d00h00m,high,331,1357,198,331,548931,SUM-159-chem M00b,1 mM
M00b chem,1,48,SUM-159_M00b-IncucyteRawDataLiveDead-varyGlucose_C6_1_02d00h00m,low,186,1088.5,161,186,226705,SUM-159-chem M00b,1 mM
M00b chem,1,48,SUM-159_M00b-IncucyteRawDataLiveDead-varyGlucose_C6_2_02d00h00m,low,442,956,146.5,442,465833,SUM-159-chem M00b,1 mM
M00b chem,1,48,SUM-159_M00b-IncucyteRawDataLiveDead-varyGlucose_C6_3_02d00h00m,low,174,1036.5,160,174,194245,SUM-159-chem M00b,1 mM
M00b chem,1,48,SUM-159_M00b-IncucyteRawDataLiveDead-varyGlucose_C6_4_02d00h00m,low,255,968,148,255,276382,SUM-159-chem M00b,1 mM
M00b chem,1,48,SUM-159_M00b-IncucyteRawDataLiveDead-varyGlucose_D11_1_02d00h00m,high,174,1482.5,213,174,319861,SUM-159-chem M00b,1 mM
M00b chem,1,48,SUM-159_M00b-IncucyteRawDataLiveDead-varyGlucose_D11_2_02d00h00m,high,230,1509,198,230,391509,SUM-159-chem M00b,1 mM
M00b chem,1,48,SUM-159_M00b-IncucyteRawDataLiveDead-varyGlucose_D11_3_02d00h00m,high,217,1514,206,217,420830,SUM-159-chem M00b,1 mM
M00b chem,1,48,SUM-159_M00b-IncucyteRawDataLiveDead-varyGlucose_D11_4_02d00h00m,high,331,1493,199,331,619658,SUM-159-chem M00b,1 mM
M00b chem,1,48,SUM-159_M00b-IncucyteRawDataLiveDead-varyGlucose_D6_1_02d00h00m,low,140,1114,169.5,140,176697,SUM-159-chem M00b,1 mM
M00b chem,1,48,SUM-159_M00b-IncucyteRawDataLiveDead-varyGlucose_D6_2_02d00h00m,low,480,951.5,145,480,501397,SUM-159-chem M00b,1 mM
M00b chem,1,48,SUM-159_M00b-IncucyteRawDataLiveDead-varyGlucose_D6_3_02d00h00m,low,152,1118.5,166,152,190688,SUM-159-chem M00b,1 mM
M00b chem,1,48,SUM-159_M00b-IncucyteRawDataLiveDead-varyGlucose_D6_4_02d00h00m,low,355,968,148,355,379380,SUM-159-chem M00b,1 mM
M00b chem,1,48,SUM-159_M00b-IncucyteRawDataLiveDead-varyGlucose_E11_1_02d00h00m,high,225,1694,220,225,452558,SUM-159-chem M00b,1 mM
M00b chem,1,48,SUM-159_M00b-IncucyteRawDataLiveDead-varyGlucose_E11_2_02d00h00m,high,246,1500,197.5,246,432183,SUM-159-chem M00b,1 mM
M00b chem,1,48,SUM-159_M00b-IncucyteRawDataLiveDead-varyGlucose_E11_3_02d00h00m,high,190,1607.5,213,190,384130,SUM-159-chem M00b,1 mM
M00b chem,1,48,SUM-159_M00b-IncucyteRawDataLiveDead-varyGlucose_E11_4_02d00h00m,high,285,1475,200,285,527112,SUM-159-chem M00b,1 mM
M00b chem,1,48,SUM-159_M00b-IncucyteRawDataLiveDead-varyGlucose_E6_1_02d00h00m,low,180,1012.5,152.5,180,203710,SUM-159-chem M00b,1 mM
M00b chem,1,48,SUM-159_M00b-IncucyteRawDataLiveDead-varyGlucose_E6_2_02d00h00m,low,335,1043,148,335,389676,SUM-159-chem M00b,1 mM
M00b chem,1,48,SUM-159_M00b-IncucyteRawDataLiveDead-varyGlucose_E6_3_02d00h00m,low,264,995.5,151.5,264,289600,SUM-159-chem M00b,1 mM
M00b chem,1,48,SUM-159_M00b-IncucyteRawDataLiveDead-varyGlucose_E6_4_02d00h00m,low,491,933,150,491,514595,SUM-159-chem M00b,1 mM
J00 mixture,0.1,24,SUM159_J00_Competition_F4_1_01d00h00m,high,144,1642,204.5,311,505605,Mixture GFP-defined,0.1 mM
J00 mixture,0.1,24,SUM159_J00_Competition_F4_1_01d00h00m,low,167,1406,161,311,505605,Mixture GFP-defined,0.1 mM
J00 mixture,0.1,24,SUM159_J00_Competition_F4_2_01d00h00m,high,159,1672,207,293,474730,Mixture GFP-defined,0.1 mM
J00 mixture,0.1,24,SUM159_J00_Competition_F4_2_01d00h00m,low,134,1353,152,293,474730,Mixture GFP-defined,0.1 mM
J00 mixture,0.1,24,SUM159_J00_Competition_F4_3_01d00h00m,low,141,1442,157,241,396040,Mixture GFP-defined,0.1 mM
J00 mixture,0.1,24,SUM159_J00_Competition_F4_3_01d00h00m,high,100,1750,205,241,396040,Mixture GFP-defined,0.1 mM
J00 mixture,0.1,24,SUM159_J00_Competition_F4_4_01d00h00m,low,146,1406,158,274,456287,Mixture GFP-defined,0.1 mM
J00 mixture,0.1,24,SUM159_J00_Competition_F4_4_01d00h00m,high,128,1681.5,218.5,274,456287,Mixture GFP-defined,0.1 mM
J00 mixture,0.1,24,SUM159_J00_Competition_F5_1_01d00h00m,high,130,1684.5,208,296,479617,Mixture GFP-defined,0.1 mM
J00 mixture,0.1,24,SUM159_J00_Competition_F5_1_01d00h00m,low,166,1450.5,162,296,479617,Mixture GFP-defined,0.1 mM
J00 mixture,0.1,24,SUM159_J00_Competition_F5_2_01d00h00m,low,131,1432,163,246,401128,Mixture GFP-defined,0.1 mM
J00 mixture,0.1,24,SUM159_J00_Competition_F5_2_01d00h00m,high,115,1527,207,246,401128,Mixture GFP-defined,0.1 mM
J00 mixture,0.1,24,SUM159_J00_Competition_F5_3_01d00h00m,high,106,1722.5,202,239,413405,Mixture GFP-defined,0.1 mM
J00 mixture,0.1,24,SUM159_J00_Competition_F5_3_01d00h00m,low,133,1473,156,239,413405,Mixture GFP-defined,0.1 mM
J00 mixture,0.1,24,SUM159_J00_Competition_F5_4_01d00h00m,high,98,1782.5,210.5,220,373750,Mixture GFP-defined,0.1 mM
J00 mixture,0.1,24,SUM159_J00_Competition_F5_4_01d00h00m,low,122,1436,153,220,373750,Mixture GFP-defined,0.1 mM
J00 mixture,0.1,24,SUM159_J00_Competition_G4_1_01d00h00m,low,134,1435,163,265,466523,Mixture GFP-defined,0.1 mM
J00 mixture,0.1,24,SUM159_J00_Competition_G4_1_01d00h00m,high,131,1850,212,265,466523,Mixture GFP-defined,0.1 mM
J00 mixture,0.1,24,SUM159_J00_Competition_G4_2_01d00h00m,high,131,1648,198,264,446213,Mixture GFP-defined,0.1 mM
J00 mixture,0.1,24,SUM159_J00_Competition_G4_2_01d00h00m,low,133,1441,160,264,446213,Mixture GFP-defined,0.1 mM
J00 mixture,0.1,24,SUM159_J00_Competition_G4_3_01d00h00m,low,178,1453,159,289,499869,Mixture GFP-defined,0.1 mM
J00 mixture,0.1,24,SUM159_J00_Competition_G4_3_01d00h00m,high,111,1912,215,289,499869,Mixture GFP-defined,0.1 mM
J00 mixture,0.1,24,SUM159_J00_Competition_G4_4_01d00h00m,low,126,1492.5,160.5,250,425681,Mixture GFP-defined,0.1 mM
J00 mixture,0.1,24,SUM159_J00_Competition_G4_4_01d00h00m,high,124,1773,199.5,250,425681,Mixture GFP-defined,0.1 mM
J00 mixture,0.1,24,SUM159_J00_Competition_G5_1_01d00h00m,low,131,1451,164,241,414050,Mixture GFP-defined,0.1 mM
J00 mixture,0.1,24,SUM159_J00_Competition_G5_1_01d00h00m,high,110,1774.5,217,241,414050,Mixture GFP-defined,0.1 mM
J00 mixture,0.1,24,SUM159_J00_Competition_G5_2_01d00h00m,high,135,1639,202,317,508815,Mixture GFP-defined,0.1 mM
J00 mixture,0.1,24,SUM159_J00_Competition_G5_2_01d00h00m,low,182,1465.5,158,317,508815,Mixture GFP-defined,0.1 mM
J00 mixture,0.1,24,SUM159_J00_Competition_G5_3_01d00h00m,high,145,1748,216,283,465987,Mixture GFP-defined,0.1 mM
J00 mixture,0.1,24,SUM159_J00_Competition_G5_3_01d00h00m,low,138,1390.5,155,283,465987,Mixture GFP-defined,0.1 mM
J00 mixture,0.1,24,SUM159_J00_Competition_G5_4_01d00h00m,low,120,1344,163,220,360428,Mixture GFP-defined,0.1 mM
J00 mixture,0.1,24,SUM159_J00_Competition_G5_4_01d00h00m,high,100,1661.5,203.5,220,360428,Mixture GFP-defined,0.1 mM
J00 mixture,0.1,32,SUM159_J00_Competition_F4_1_01d08h00m,low,170,1465,173,334,560822,Mixture GFP-defined,0.1 mM
J00 mixture,0.1,32,SUM159_J00_Competition_F4_1_01d08h00m,high,164,1651.5,216.5,334,560822,Mixture GFP-defined,0.1 mM
J00 mixture,0.1,32,SUM159_J00_Competition_F4_2_01d08h00m,high,185,1570,212,321,530583,Mixture GFP-defined,0.1 mM
J00 mixture,0.1,32,SUM159_J00_Competition_F4_2_01d08h00m,low,136,1495,174.5,321,530583,Mixture GFP-defined,0.1 mM
J00 mixture,0.1,32,SUM159_J00_Competition_F4_3_01d08h00m,low,147,1419,165,261,436900,Mixture GFP-defined,0.1 mM
J00 mixture,0.1,32,SUM159_J00_Competition_F4_3_01d08h00m,high,114,1693,221,261,436900,Mixture GFP-defined,0.1 mM
J00 mixture,0.1,32,SUM159_J00_Competition_F4_4_01d08h00m,low,147,1448,162,287,495441,Mixture GFP-defined,0.1 mM
J00 mixture,0.1,32,SUM159_J00_Competition_F4_4_01d08h00m,high,140,1755.5,225.5,287,495441,Mixture GFP-defined,0.1 mM
J00 mixture,0.1,32,SUM159_J00_Competition_F5_1_01d08h00m,high,148,1603,212,310,522968,Mixture GFP-defined,0.1 mM
J00 mixture,0.1,32,SUM159_J00_Competition_F5_1_01d08h00m,low,162,1540,167,310,522968,Mixture GFP-defined,0.1 mM
J00 mixture,0.1,32,SUM159_J00_Competition_F5_2_01d08h00m,low,134,1529.5,162.5,271,457637,Mixture GFP-defined,0.1 mM
J00 mixture,0.1,32,SUM159_J00_Competition_F5_2_01d08h00m,high,137,1574,213,271,457637,Mixture GFP-defined,0.1 mM
J00 mixture,0.1,32,SUM159_J00_Competition_F5_3_01d08h00m,high,119,1753,222,255,461341,Mixture GFP-defined,0.1 mM
J00 mixture,0.1,32,SUM159_J00_Competition_F5_3_01d08h00m,low,136,1561,162,255,461341,Mixture GFP-defined,0.1 mM
J00 mixture,0.1,32,SUM159_J00_Competition_F5_4_01d08h00m,high,106,1830.5,223.5,241,417311,Mixture GFP-defined,0.1 mM
J00 mixture,0.1,32,SUM159_J00_Competition_F5_4_01d08h00m,low,135,1562,163,241,417311,Mixture GFP-defined,0.1 mM
J00 mixture,0.1,32,SUM159_J00_Competition_G4_1_01d08h00m,low,132,1511,174,288,497677,Mixture GFP-defined,0.1 mM
J00 mixture,0.1,32,SUM159_J00_Competition_G4_1_01d08h00m,high,156,1677.5,217,288,497677,Mixture GFP-defined,0.1 mM
J00 mixture,0.1,32,SUM159_J00_Competition_G4_2_01d08h00m,high,150,1612,208.5,280,478452,Mixture GFP-defined,0.1 mM
J00 mixture,0.1,32,SUM159_J00_Competition_G4_2_01d08h00m,low,130,1521,164,280,478452,Mixture GFP-defined,0.1 mM
J00 mixture,0.1,32,SUM159_J00_Competition_G4_3_01d08h00m,high,120,1795.5,229.5,301,545586,Mixture GFP-defined,0.1 mM
J00 mixture,0.1,32,SUM159_J00_Competition_G4_3_01d08h00m,low,181,1570,169,301,545586,Mixture GFP-defined,0.1 mM
J00 mixture,0.1,32,SUM159_J00_Competition_G4_4_01d08h00m,low,125,1535,168,251,432718,Mixture GFP-defined,0.1 mM
J00 mixture,0.1,32,SUM159_J00_Competition_G4_4_01d08h00m,high,126,1686,220,251,432718,Mixture GFP-defined,0.1 mM
J00 mixture,0.1,32,SUM159_J00_Competition_G5_1_01d08h00m,low,131,1465,164,260,441125,Mixture GFP-defined,0.1 mM
J00 mixture,0.1,32,SUM159_J00_Competition_G5_1_01d08h00m,high,129,1748,218,260,441125,Mixture GFP-defined,0.1 mM
J00 mixture,0.1,32,SUM159_J00_Competition_G5_2_01d08h00m,low,192,1527,161.5,344,565862,Mixture GFP-defined,0.1 mM
J00 mixture,0.1,32,SUM159_J00_Competition_G5_2_01d08h00m,high,152,1640,210,344,565862,Mixture GFP-defined,0.1 mM
J00 mixture,0.1,32,SUM159_J00_Competition_G5_3_01d08h00m,high,171,1645,210,310,504342,Mixture GFP-defined,0.1 mM
J00 mixture,0.1,32,SUM159_J00_Competition_G5_3_01d08h00m,low,139,1435,166,310,504342,Mixture GFP-defined,0.1 mM
J00 mixture,0.1,32,SUM159_J00_Competition_G5_4_01d08h00m,high,112,1626,211,235,388280,Mixture GFP-defined,0.1 mM
J00 mixture,0.1,32,SUM159_J00_Competition_G5_4_01d08h00m,low,123,1463,163,235,388280,Mixture GFP-defined,0.1 mM
J00 mixture,0.1,40,SUM159_J00_Competition_F4_1_01d16h00m,high,170,1568,230,346,562637,Mixture GFP-defined,0.1 mM
J00 mixture,0.1,40,SUM159_J00_Competition_F4_1_01d16h00m,low,176,1441.5,174.5,346,562637,Mixture GFP-defined,0.1 mM
J00 mixture,0.1,40,SUM159_J00_Competition_F4_2_01d16h00m,high,213,1461,214,354,559386,Mixture GFP-defined,0.1 mM
J00 mixture,0.1,40,SUM159_J00_Competition_F4_2_01d16h00m,low,141,1449,171,354,559386,Mixture GFP-defined,0.1 mM
J00 mixture,0.1,40,SUM159_J00_Competition_F4_3_01d16h00m,low,154,1482.5,171.5,281,446261,Mixture GFP-defined,0.1 mM
J00 mixture,0.1,40,SUM159_J00_Competition_F4_3_01d16h00m,high,127,1540,203,281,446261,Mixture GFP-defined,0.1 mM
J00 mixture,0.1,40,SUM159_J00_Competition_F4_4_01d16h00m,low,144,1426.5,173,301,494600,Mixture GFP-defined,0.1 mM
J00 mixture,0.1,40,SUM159_J00_Competition_F4_4_01d16h00m,high,157,1616,222,301,494600,Mixture GFP-defined,0.1 mM
J00 mixture,0.1,40,SUM159_J00_Competition_F5_1_01d16h00m,low,169,1529,182,335,554420,Mixture GFP-defined,0.1 mM
J00 mixture,0.1,40,SUM159_J00_Competition_F5_1_01d16h00m,high,166,1507.5,212,335,554420,Mixture GFP-defined,0.1 mM
J00 mixture,0.1,40,SUM159_J00_Competition_F5_2_01d16h00m,low,144,1511,184,291,479257,Mixture GFP-defined,0.1 mM
J00 mixture,0.1,40,SUM159_J00_Competition_F5_2_01d16h00m,high,147,1401,209,291,479257,Mixture GFP-defined,0.1 mM
J00 mixture,0.1,40,SUM159_J00_Competition_F5_3_01d16h00m,high,135,1580,216,276,472394,Mixture GFP-defined,0.1 mM
J00 mixture,0.1,40,SUM159_J00_Competition_F5_3_01d16h00m,low,141,1514,167,276,472394,Mixture GFP-defined,0.1 mM
J00 mixture,0.1,40,SUM159_J00_Competition_F5_4_01d16h00m,high,109,1581,232,244,403079,Mixture GFP-defined,0.1 mM
J00 mixture,0.1,40,SUM159_J00_Competition_F5_4_01d16h00m,low,135,1515,169,244,403079,Mixture GFP-defined,0.1 mM
J00 mixture,0.1,40,SUM159_J00_Competition_G4_1_01d16h00m,high,165,1481,219,304,517078,Mixture GFP-defined,0.1 mM
J00 mixture,0.1,40,SUM159_J00_Competition_G4_1_01d16h00m,low,139,1509,176,304,517078,Mixture GFP-defined,0.1 mM
J00 mixture,0.1,40,SUM159_J00_Competition_G4_2_01d16h00m,high,156,1512.5,217.5,289,477995,Mixture GFP-defined,0.1 mM
J00 mixture,0.1,40,SUM159_J00_Competition_G4_2_01d16h00m,low,133,1463,170,289,477995,Mixture GFP-defined,0.1 mM
J00 mixture,0.1,40,SUM159_J00_Competition_G4_3_01d16h00m,high,133,1572,232,314,558916,Mixture GFP-defined,0.1 mM
J00 mixture,0.1,40,SUM159_J00_Competition_G4_3_01d16h00m,low,181,1597,179,314,558916,Mixture GFP-defined,0.1 mM
J00 mixture,0.1,40,SUM159_J00_Competition_G4_4_01d16h00m,low,123,1545,174,268,450747,Mixture GFP-defined,0.1 mM
J00 mixture,0.1,40,SUM159_J00_Competition_G4_4_01d16h00m,high,145,1503,233,268,450747,Mixture GFP-defined,0.1 mM
J00 mixture,0.1,40,SUM159_J00_Competition_G5_1_01d16h00m,high,132,1547,222,266,431881,Mixture GFP-defined,0.1 mM
J00 mixture,0.1,40,SUM159_J00_Competition_G5_1_01d16h00m,low,134,1449,169,266,431881,Mixture GFP-defined,0.1 mM
J00 mixture,0.1,40,SUM159_J00_Competition_G5_2_01d16h00m,high,172,1556,210,364,592618,Mixture GFP-defined,0.1 mM
J00 mixture,0.1,40,SUM159_J00_Competition_G5_2_01d16h00m,low,192,1478,172.5,364,592618,Mixture GFP-defined,0.1 mM
J00 mixture,0.1,40,SUM159_J00_Competition_G5_3_01d16h00m,low,149,1494,174,321,539827,Mixture GFP-defined,0.1 mM
J00 mixture,0.1,40,SUM159_J00_Competition_G5_3_01d16h00m,high,172,1601,226.5,321,539827,Mixture GFP-defined,0.1 mM
J00 mixture,0.1,40,SUM159_J00_Competition_G5_4_01d16h00m,high,122,1598.5,207.5,245,395948,Mixture GFP-defined,0.1 mM
J00 mixture,0.1,40,SUM159_J00_Competition_G5_4_01d16h00m,low,123,1431,167,245,395948,Mixture GFP-defined,0.1 mM
J00 mixture,0.1,48,SUM159_J00_Competition_F4_1_02d00h00m,high,158,1420.5,222.5,338,525235,Mixture GFP-defined,0.1 mM
J00 mixture,0.1,48,SUM159_J00_Competition_F4_1_02d00h00m,low,180,1442.5,174,338,525235,Mixture GFP-defined,0.1 mM
J00 mixture,0.1,48,SUM159_J00_Competition_F4_2_02d00h00m,high,197,1467,215,341,514315,Mixture GFP-defined,0.1 mM
J00 mixture,0.1,48,SUM159_J00_Competition_F4_2_02d00h00m,low,144,1314,174,341,514315,Mixture GFP-defined,0.1 mM
J00 mixture,0.1,48,SUM159_J00_Competition_F4_3_02d00h00m,low,141,1437,167,266,426794,Mixture GFP-defined,0.1 mM
J00 mixture,0.1,48,SUM159_J00_Competition_F4_3_02d00h00m,high,125,1476,215,266,426794,Mixture GFP-defined,0.1 mM
J00 mixture,0.1,48,SUM159_J00_Competition_F4_4_02d00h00m,low,140,1437,171,292,468565,Mixture GFP-defined,0.1 mM
J00 mixture,0.1,48,SUM159_J00_Competition_F4_4_02d00h00m,high,152,1539,223.5,292,468565,Mixture GFP-defined,0.1 mM
J00 mixture,0.1,48,SUM159_J00_Competition_F5_1_02d00h00m,high,160,1527,220.5,322,544243,Mixture GFP-defined,0.1 mM
J00 mixture,0.1,48,SUM159_J00_Competition_F5_1_02d00h00m,low,162,1447,175.5,322,544243,Mixture GFP-defined,0.1 mM
J00 mixture,0.1,48,SUM159_J00_Competition_F5_2_02d00h00m,high,140,1413.5,218.5,273,443954,Mixture GFP-defined,0.1 mM
J00 mixture,0.1,48,SUM159_J00_Competition_F5_2_02d00h00m,low,133,1509,180,273,443954,Mixture GFP-defined,0.1 mM
J00 mixture,0.1,48,SUM159_J00_Competition_F5_3_02d00h00m,high,135,1368,211,271,438551,Mixture GFP-defined,0.1 mM
J00 mixture,0.1,48,SUM159_J00_Competition_F5_3_02d00h00m,low,136,1467.5,174,271,438551,Mixture GFP-defined,0.1 mM
J00 mixture,0.1,48,SUM159_J00_Competition_F5_4_02d00h00m,high,108,1740,226.5,232,404111,Mixture GFP-defined,0.1 mM
J00 mixture,0.1,48,SUM159_J00_Competition_F5_4_02d00h00m,low,124,1598.5,177.5,232,404111,Mixture GFP-defined,0.1 mM
J00 mixture,0.1,48,SUM159_J00_Competition_G4_1_02d00h00m,high,159,1392,215,291,494702,Mixture GFP-defined,0.1 mM
J00 mixture,0.1,48,SUM159_J00_Competition_G4_1_02d00h00m,low,132,1455.5,176.5,291,494702,Mixture GFP-defined,0.1 mM
J00 mixture,0.1,48,SUM159_J00_Competition_G4_2_02d00h00m,low,123,1360,177,258,431761,Mixture GFP-defined,0.1 mM
J00 mixture,0.1,48,SUM159_J00_Competition_G4_2_02d00h00m,high,135,1578,222,258,431761,Mixture GFP-defined,0.1 mM
J00 mixture,0.1,48,SUM159_J00_Competition_G4_3_02d00h00m,high,128,1539,217.5,305,535430,Mixture GFP-defined,0.1 mM
J00 mixture,0.1,48,SUM159_J00_Competition_G4_3_02d00h00m,low,177,1491,182,305,535430,Mixture GFP-defined,0.1 mM
J00 mixture,0.1,48,SUM159_J00_Competition_G4_4_02d00h00m,low,119,1509,179,249,428952,Mixture GFP-defined,0.1 mM
J00 mixture,0.1,48,SUM159_J00_Competition_G4_4_02d00h00m,high,130,1535,232.5,249,428952,Mixture GFP-defined,0.1 mM
J00 mixture,0.1,48,SUM159_J00_Competition_G5_1_02d00h00m,low,117,1394,171,255,398589,Mixture GFP-defined,0.1 mM
J00 mixture,0.1,48,SUM159_J00_Competition_G5_1_02d00h00m,high,138,1406,225,255,398589,Mixture GFP-defined,0.1 mM
J00 mixture,0.1,48,SUM159_J00_Competition_G5_2_02d00h00m,low,179,1475,172,363,545715,Mixture GFP-defined,0.1 mM
J00 mixture,0.1,48,SUM159_J00_Competition_G5_2_02d00h00m,high,184,1337.5,209.5,363,545715,Mixture GFP-defined,0.1 mM
J00 mixture,0.1,48,SUM159_J00_Competition_G5_3_02d00h00m,low,140,1392.5,175,309,499247,Mixture GFP-defined,0.1 mM
J00 mixture,0.1,48,SUM159_J00_Competition_G5_3_02d00h00m,high,169,1428,209,309,499247,Mixture GFP-defined,0.1 mM
J00 mixture,0.1,48,SUM159_J00_Competition_G5_4_02d00h00m,high,118,1353,212.5,238,353114,Mixture GFP-defined,0.1 mM
J00 mixture,0.1,48,SUM159_J00_Competition_G5_4_02d00h00m,low,120,1423.5,171.5,238,353114,Mixture GFP-defined,0.1 mM
J00 mixture,0.5,24,SUM159_J00_Competition_F8_1_01d00h00m,high,176,1475.5,208.5,362,584709,Mixture GFP-defined,0.5 mM
J00 mixture,0.5,24,SUM159_J00_Competition_F8_1_01d00h00m,low,186,1534,189,362,584709,Mixture GFP-defined,0.5 mM
J00 mixture,0.5,24,SUM159_J00_Competition_F8_2_01d00h00m,low,192,1610,190,359,592607,Mixture GFP-defined,0.5 mM
J00 mixture,0.5,24,SUM159_J00_Competition_F8_2_01d00h00m,high,167,1454,207,359,592607,Mixture GFP-defined,0.5 mM
J00 mixture,0.5,24,SUM159_J00_Competition_F8_3_01d00h00m,high,80,1831,217.5,181,322896,Mixture GFP-defined,0.5 mM
J00 mixture,0.5,24,SUM159_J00_Competition_F8_3_01d00h00m,low,101,1554,177,181,322896,Mixture GFP-defined,0.5 mM
J00 mixture,0.5,24,SUM159_J00_Competition_F8_4_01d00h00m,high,127,1673,216,253,425603,Mixture GFP-defined,0.5 mM
J00 mixture,0.5,24,SUM159_J00_Competition_F8_4_01d00h00m,low,126,1516.5,178.5,253,425603,Mixture GFP-defined,0.5 mM
J00 mixture,0.5,24,SUM159_J00_Competition_F9_1_01d00h00m,low,182,1464,171,383,592096,Mixture GFP-defined,0.5 mM
J00 mixture,0.5,24,SUM159_J00_Competition_F9_1_01d00h00m,high,201,1517,207,383,592096,Mixture GFP-defined,0.5 mM
J00 mixture,0.5,24,SUM159_J00_Competition_F9_2_01d00h00m,high,118,1514,208.5,274,464500,Mixture GFP-defined,0.5 mM
J00 mixture,0.5,24,SUM159_J00_Competition_F9_2_01d00h00m,low,156,1737,179.5,274,464500,Mixture GFP-defined,0.5 mM
J00 mixture,0.5,24,SUM159_J00_Competition_F9_3_01d00h00m,low,153,1555,187,279,465526,Mixture GFP-defined,0.5 mM
J00 mixture,0.5,24,SUM159_J00_Competition_F9_3_01d00h00m,high,126,1589,205.5,279,465526,Mixture GFP-defined,0.5 mM
J00 mixture,0.5,24,SUM159_J00_Competition_F9_4_01d00h00m,low,104,1732.5,182,213,401684,Mixture GFP-defined,0.5 mM
J00 mixture,0.5,24,SUM159_J00_Competition_F9_4_01d00h00m,high,109,1832,215,213,401684,Mixture GFP-defined,0.5 mM
J00 mixture,0.5,24,SUM159_J00_Competition_G8_1_01d00h00m,low,170,1592.5,174,294,496440,Mixture GFP-defined,0.5 mM
J00 mixture,0.5,24,SUM159_J00_Competition_G8_1_01d00h00m,high,124,1581,198,294,496440,Mixture GFP-defined,0.5 mM
J00 mixture,0.5,24,SUM159_J00_Competition_G8_2_01d00h00m,low,194,1620,193,393,643847,Mixture GFP-defined,0.5 mM
J00 mixture,0.5,24,SUM159_J00_Competition_G8_2_01d00h00m,high,199,1522,202,393,643847,Mixture GFP-defined,0.5 mM
J00 mixture,0.5,24,SUM159_J00_Competition_G8_3_01d00h00m,high,100,1454.5,204.5,266,450459,Mixture GFP-defined,0.5 mM
J00 mixture,0.5,24,SUM159_J00_Competition_G8_3_01d00h00m,low,166,1705.5,182.5,266,450459,Mixture GFP-defined,0.5 mM
J00 mixture,0.5,24,SUM159_J00_Competition_G8_4_01d00h00m,low,104,1661.5,173.5,247,420889,Mixture GFP-defined,0.5 mM
J00 mixture,0.5,24,SUM159_J00_Competition_G8_4_01d00h00m,high,143,1608,210,247,420889,Mixture GFP-defined,0.5 mM
J00 mixture,0.5,24,SUM159_J00_Competition_G9_1_01d00h00m,low,207,1565,190,384,631625,Mixture GFP-defined,0.5 mM
J00 mixture,0.5,24,SUM159_J00_Competition_G9_1_01d00h00m,high,177,1569,216,384,631625,Mixture GFP-defined,0.5 mM
J00 mixture,0.5,24,SUM159_J00_Competition_G9_2_01d00h00m,high,119,1653,217,249,441061,Mixture GFP-defined,0.5 mM
J00 mixture,0.5,24,SUM159_J00_Competition_G9_2_01d00h00m,low,130,1694,176,249,441061,Mixture GFP-defined,0.5 mM
J00 mixture,0.5,24,SUM159_J00_Competition_G9_3_01d00h00m,high,151,1636,213,307,512154,Mixture GFP-defined,0.5 mM
J00 mixture,0.5,24,SUM159_J00_Competition_G9_3_01d00h00m,low,156,1586,184,307,512154,Mixture GFP-defined,0.5 mM
J00 mixture,0.5,24,SUM159_J00_Competition_G9_4_01d00h00m,low,160,1685,179,274,460738,Mixture GFP-defined,0.5 mM
J00 mixture,0.5,24,SUM159_J00_Competition_G9_4_01d00h00m,high,114,1571.5,196.5,274,460738,Mixture GFP-defined,0.5 mM
J00 mixture,0.5,32,SUM159_J00_Competition_F8_1_01d08h00m,high,253,1523,216,477,757416,Mixture GFP-defined,0.5 mM
J00 mixture,0.5,32,SUM159_J00_Competition_F8_1_01d08h00m,low,224,1514.5,205,477,757416,Mixture GFP-defined,0.5 mM
J00 mixture,0.5,32,SUM159_J00_Competition_F8_2_01d08h00m,low,214,1752.5,205,447,775818,Mixture GFP-defined,0.5 mM
J00 mixture,0.5,32,SUM159_J00_Competition_F8_2_01d08h00m,high,233,1555,211,447,775818,Mixture GFP-defined,0.5 mM
J00 mixture,0.5,32,SUM159_J00_Competition_F8_3_01d08h00m,high,120,1680.5,221,238,441411,Mixture GFP-defined,0.5 mM
J00 mixture,0.5,32,SUM159_J00_Competition_F8_3_01d08h00m,low,118,1674.5,177.5,238,441411,Mixture GFP-defined,0.5 mM
J00 mixture,0.5,32,SUM159_J00_Competition_F8_4_01d08h00m,high,196,1552,219,342,562782,Mixture GFP-defined,0.5 mM
J00 mixture,0.5,32,SUM159_J00_Competition_F8_4_01d08h00m,low,146,1723,202.5,342,562782,Mixture GFP-defined,0.5 mM
J00 mixture,0.5,32,SUM159_J00_Competition_F9_1_01d08h00m,low,220,1380.5,178.5,508,769082,Mixture GFP-defined,0.5 mM
J00 mixture,0.5,32,SUM159_J00_Competition_F9_1_01d08h00m,high,288,1453,219,508,769082,Mixture GFP-defined,0.5 mM
J00 mixture,0.5,32,SUM159_J00_Competition_F9_2_01d08h00m,high,174,1424,209,367,609751,Mixture GFP-defined,0.5 mM
J00 mixture,0.5,32,SUM159_J00_Competition_F9_2_01d08h00m,low,193,1762,192,367,609751,Mixture GFP-defined,0.5 mM
J00 mixture,0.5,32,SUM159_J00_Competition_F9_3_01d08h00m,high,178,1608.5,220,361,617058,Mixture GFP-defined,0.5 mM
J00 mixture,0.5,32,SUM159_J00_Competition_F9_3_01d08h00m,low,183,1638,202,361,617058,Mixture GFP-defined,0.5 mM
J00 mixture,0.5,32,SUM159_J00_Competition_F9_4_01d08h00m,low,116,1829.5,213,276,525082,Mixture GFP-defined,0.5 mM
J00 mixture,0.5,32,SUM159_J00_Competition_F9_4_01d08h00m,high,160,1613.5,216.5,276,525082,Mixture GFP-defined,0.5 mM
J00 mixture,0.5,32,SUM159_J00_Competition_G8_1_01d08h00m,low,189,1621,189,367,622182,Mixture GFP-defined,0.5 mM
J00 mixture,0.5,32,SUM159_J00_Competition_G8_1_01d08h00m,high,178,1593.5,210,367,622182,Mixture GFP-defined,0.5 mM
J00 mixture,0.5,32,SUM159_J00_Competition_G8_2_01d08h00m,low,236,1518.5,197,515,818144,Mixture GFP-defined,0.5 mM
J00 mixture,0.5,32,SUM159_J00_Competition_G8_2_01d08h00m,high,279,1467,218,515,818144,Mixture GFP-defined,0.5 mM
J00 mixture,0.5,32,SUM159_J00_Competition_G8_3_01d08h00m,low,198,1860.5,200.5,338,592339,Mixture GFP-defined,0.5 mM
J00 mixture,0.5,32,SUM159_J00_Competition_G8_3_01d08h00m,high,140,1558,212,338,592339,Mixture GFP-defined,0.5 mM
J00 mixture,0.5,32,SUM159_J00_Competition_G8_4_01d08h00m,low,120,1831.5,193.5,301,530764,Mixture GFP-defined,0.5 mM
J00 mixture,0.5,32,SUM159_J00_Competition_G8_4_01d08h00m,high,181,1610,206,301,530764,Mixture GFP-defined,0.5 mM
J00 mixture,0.5,32,SUM159_J00_Competition_G9_1_01d08h00m,low,251,1616,205,519,838580,Mixture GFP-defined,0.5 mM
J00 mixture,0.5,32,SUM159_J00_Competition_G9_1_01d08h00m,high,268,1525,218.5,519,838580,Mixture GFP-defined,0.5 mM
J00 mixture,0.5,32,SUM159_J00_Competition_G9_2_01d08h00m,low,166,1741.5,187.5,341,586009,Mixture GFP-defined,0.5 mM
J00 mixture,0.5,32,SUM159_J00_Competition_G9_2_01d08h00m,high,175,1621,208,341,586009,Mixture GFP-defined,0.5 mM
J00 mixture,0.5,32,SUM159_J00_Competition_G9_3_01d08h00m,low,180,1714.5,197.5,399,673479,Mixture GFP-defined,0.5 mM
J00 mixture,0.5,32,SUM159_J00_Competition_G9_3_01d08h00m,high,219,1463,210,399,673479,Mixture GFP-defined,0.5 mM
J00 mixture,0.5,32,SUM159_J00_Competition_G9_4_01d08h00m,high,161,1537,213,348,580690,Mixture GFP-defined,0.5 mM
J00 mixture,0.5,32,SUM159_J00_Competition_G9_4_01d08h00m,low,187,1652,198,348,580690,Mixture GFP-defined,0.5 mM
J00 mixture,0.5,40,SUM159_J00_Competition_F8_1_01d16h00m,high,303,1474,230,546,880768,Mixture GFP-defined,0.5 mM
J00 mixture,0.5,40,SUM159_J00_Competition_F8_1_01d16h00m,low,243,1515,209,546,880768,Mixture GFP-defined,0.5 mM
J00 mixture,0.5,40,SUM159_J00_Competition_F8_2_01d16h00m,low,239,1723,217,513,878397,Mixture GFP-defined,0.5 mM
J00 mixture,0.5,40,SUM159_J00_Competition_F8_2_01d16h00m,high,274,1519.5,225,513,878397,Mixture GFP-defined,0.5 mM
J00 mixture,0.5,40,SUM159_J00_Competition_F8_3_01d16h00m,low,135,1781,194,274,512236,Mixture GFP-defined,0.5 mM
J00 mixture,0.5,40,SUM159_J00_Competition_F8_3_01d16h00m,high,139,1698,228,274,512236,Mixture GFP-defined,0.5 mM
J00 mixture,0.5,40,SUM159_J00_Competition_F8_4_01d16h00m,low,156,1646.5,210,385,657333,Mixture GFP-defined,0.5 mM
J00 mixture,0.5,40,SUM159_J00_Competition_F8_4_01d16h00m,high,229,1610,224,385,657333,Mixture GFP-defined,0.5 mM
J00 mixture,0.5,40,SUM159_J00_Competition_F9_1_01d16h00m,low,239,1452,194,576,868448,Mixture GFP-defined,0.5 mM
J00 mixture,0.5,40,SUM159_J00_Competition_F9_1_01d16h00m,high,337,1403,226,576,868448,Mixture GFP-defined,0.5 mM
J00 mixture,0.5,40,SUM159_J00_Competition_F9_2_01d16h00m,low,222,1596.5,202,422,684747,Mixture GFP-defined,0.5 mM
J00 mixture,0.5,40,SUM159_J00_Competition_F9_2_01d16h00m,high,200,1423,218.5,422,684747,Mixture GFP-defined,0.5 mM
J00 mixture,0.5,40,SUM159_J00_Competition_F9_3_01d16h00m,high,213,1466,221,419,690786,Mixture GFP-defined,0.5 mM
J00 mixture,0.5,40,SUM159_J00_Competition_F9_3_01d16h00m,low,206,1674.5,207,419,690786,Mixture GFP-defined,0.5 mM
J00 mixture,0.5,40,SUM159_J00_Competition_F9_4_01d16h00m,low,136,1781,206.5,334,627930,Mixture GFP-defined,0.5 mM
J00 mixture,0.5,40,SUM159_J00_Competition_F9_4_01d16h00m,high,198,1628,224.5,334,627930,Mixture GFP-defined,0.5 mM
J00 mixture,0.5,40,SUM159_J00_Competition_G8_1_01d16h00m,low,210,1605.5,196,405,691336,Mixture GFP-defined,0.5 mM
J00 mixture,0.5,40,SUM159_J00_Competition_G8_1_01d16h00m,high,195,1558,225,405,691336,Mixture GFP-defined,0.5 mM
J00 mixture,0.5,40,SUM159_J00_Competition_G8_2_01d16h00m,high,333,1416,218,591,924499,Mixture GFP-defined,0.5 mM
J00 mixture,0.5,40,SUM159_J00_Competition_G8_2_01d16h00m,low,258,1485,204,591,924499,Mixture GFP-defined,0.5 mM
J00 mixture,0.5,40,SUM159_J00_Competition_G8_3_01d16h00m,low,225,1627,206,379,655725,Mixture GFP-defined,0.5 mM
J00 mixture,0.5,40,SUM159_J00_Competition_G8_3_01d16h00m,high,154,1520.5,225.5,379,655725,Mixture GFP-defined,0.5 mM
J00 mixture,0.5,40,SUM159_J00_Competition_G8_4_01d16h00m,low,131,1811,206,363,607460,Mixture GFP-defined,0.5 mM
J00 mixture,0.5,40,SUM159_J00_Competition_G8_4_01d16h00m,high,232,1470.5,215,363,607460,Mixture GFP-defined,0.5 mM
J00 mixture,0.5,40,SUM159_J00_Competition_G9_1_01d16h00m,low,259,1672,218,575,925794,Mixture GFP-defined,0.5 mM
J00 mixture,0.5,40,SUM159_J00_Competition_G9_1_01d16h00m,high,316,1445.5,224,575,925794,Mixture GFP-defined,0.5 mM
J00 mixture,0.5,40,SUM159_J00_Competition_G9_2_01d16h00m,high,206,1552.5,221.5,396,680874,Mixture GFP-defined,0.5 mM
J00 mixture,0.5,40,SUM159_J00_Competition_G9_2_01d16h00m,low,190,1638,198,396,680874,Mixture GFP-defined,0.5 mM
J00 mixture,0.5,40,SUM159_J00_Competition_G9_3_01d16h00m,high,266,1475,223.5,464,774104,Mixture GFP-defined,0.5 mM
J00 mixture,0.5,40,SUM159_J00_Competition_G9_3_01d16h00m,low,198,1724,200,464,774104,Mixture GFP-defined,0.5 mM
J00 mixture,0.5,40,SUM159_J00_Competition_G9_4_01d16h00m,low,219,1531,193,410,671664,Mixture GFP-defined,0.5 mM
J00 mixture,0.5,40,SUM159_J00_Competition_G9_4_01d16h00m,high,191,1547,228,410,671664,Mixture GFP-defined,0.5 mM
J00 mixture,0.5,48,SUM159_J00_Competition_F8_1_02d00h00m,high,340,1381,224,605,914033,Mixture GFP-defined,0.5 mM
J00 mixture,0.5,48,SUM159_J00_Competition_F8_1_02d00h00m,low,265,1444,207,605,914033,Mixture GFP-defined,0.5 mM
J00 mixture,0.5,48,SUM159_J00_Competition_F8_2_02d00h00m,high,298,1450.5,224,555,925133,Mixture GFP-defined,0.5 mM
J00 mixture,0.5,48,SUM159_J00_Competition_F8_2_02d00h00m,low,257,1598,221,555,925133,Mixture GFP-defined,0.5 mM
J00 mixture,0.5,48,SUM159_J00_Competition_F8_3_02d00h00m,high,157,1426,212,301,510105,Mixture GFP-defined,0.5 mM
J00 mixture,0.5,48,SUM159_J00_Competition_F8_3_02d00h00m,low,144,1674.5,199.5,301,510105,Mixture GFP-defined,0.5 mM
J00 mixture,0.5,48,SUM159_J00_Competition_F8_4_02d00h00m,low,171,1530,204,440,677837,Mixture GFP-defined,0.5 mM
J00 mixture,0.5,48,SUM159_J00_Competition_F8_4_02d00h00m,high,269,1258,216,440,677837,Mixture GFP-defined,0.5 mM
J00 mixture,0.5,48,SUM159_J00_Competition_F9_1_02d00h00m,low,235,1384,197,629,896684,Mixture GFP-defined,0.5 mM
J00 mixture,0.5,48,SUM159_J00_Competition_F9_1_02d00h00m,high,394,1284,223.5,629,896684,Mixture GFP-defined,0.5 mM
J00 mixture,0.5,48,SUM159_J00_Competition_F9_2_02d00h00m,low,235,1523,211,450,702987,Mixture GFP-defined,0.5 mM
J00 mixture,0.5,48,SUM159_J00_Competition_F9_2_02d00h00m,high,215,1351,225,450,702987,Mixture GFP-defined,0.5 mM
J00 mixture,0.5,48,SUM159_J00_Competition_F9_3_02d00h00m,low,213,1530,200,442,709619,Mixture GFP-defined,0.5 mM
J00 mixture,0.5,48,SUM159_J00_Competition_F9_3_02d00h00m,high,229,1374,218,442,709619,Mixture GFP-defined,0.5 mM
J00 mixture,0.5,48,SUM159_J00_Competition_F9_4_02d00h00m,high,222,1507.5,220,357,644122,Mixture GFP-defined,0.5 mM
J00 mixture,0.5,48,SUM159_J00_Competition_F9_4_02d00h00m,low,135,1933,219,357,644122,Mixture GFP-defined,0.5 mM
J00 mixture,0.5,48,SUM159_J00_Competition_G8_1_02d00h00m,low,216,1599,205,445,715032,Mixture GFP-defined,0.5 mM
J00 mixture,0.5,48,SUM159_J00_Competition_G8_1_02d00h00m,high,229,1417,219,445,715032,Mixture GFP-defined,0.5 mM
J00 mixture,0.5,48,SUM159_J00_Competition_G8_2_02d00h00m,high,378,1343.5,222,630,938844,Mixture GFP-defined,0.5 mM
J00 mixture,0.5,48,SUM159_J00_Competition_G8_2_02d00h00m,low,252,1440,203,630,938844,Mixture GFP-defined,0.5 mM
J00 mixture,0.5,48,SUM159_J00_Competition_G8_3_02d00h00m,low,235,1578,205,418,650956,Mixture GFP-defined,0.5 mM
J00 mixture,0.5,48,SUM159_J00_Competition_G8_3_02d00h00m,high,183,1209,213,418,650956,Mixture GFP-defined,0.5 mM
J00 mixture,0.5,48,SUM159_J00_Competition_G8_4_02d00h00m,low,132,1686,219,391,634555,Mixture GFP-defined,0.5 mM
J00 mixture,0.5,48,SUM159_J00_Competition_G8_4_02d00h00m,high,259,1377,214,391,634555,Mixture GFP-defined,0.5 mM
J00 mixture,0.5,48,SUM159_J00_Competition_G9_1_02d00h00m,low,294,1505,219,646,970303,Mixture GFP-defined,0.5 mM
J00 mixture,0.5,48,SUM159_J00_Competition_G9_1_02d00h00m,high,352,1319,225,646,970303,Mixture GFP-defined,0.5 mM
J00 mixture,0.5,48,SUM159_J00_Competition_G9_2_02d00h00m,low,202,1513,193,450,680921,Mixture GFP-defined,0.5 mM
J00 mixture,0.5,48,SUM159_J00_Competition_G9_2_02d00h00m,high,248,1266,205.5,450,680921,Mixture GFP-defined,0.5 mM
J00 mixture,0.5,48,SUM159_J00_Competition_G9_3_02d00h00m,high,295,1387,219,497,771964,Mixture GFP-defined,0.5 mM
J00 mixture,0.5,48,SUM159_J00_Competition_G9_3_02d00h00m,low,202,1561.5,206,497,771964,Mixture GFP-defined,0.5 mM
J00 mixture,0.5,48,SUM159_J00_Competition_G9_4_02d00h00m,high,225,1354,211,445,704232,Mixture GFP-defined,0.5 mM
J00 mixture,0.5,48,SUM159_J00_Competition_G9_4_02d00h00m,low,220,1563,201,445,704232,Mixture GFP-defined,0.5 mM
J00 mixture,1,24,SUM159_J00_Competition_F10_1_01d00h00m,low,186,1498.5,183,344,530061,Mixture GFP-defined,1 mM
J00 mixture,1,24,SUM159_J00_Competition_F10_1_01d00h00m,high,158,1477.5,209.5,344,530061,Mixture GFP-defined,1 mM
J00 mixture,1,24,SUM159_J00_Competition_F10_2_01d00h00m,low,199,1549,190,378,609607,Mixture GFP-defined,1 mM
J00 mixture,1,24,SUM159_J00_Competition_F10_2_01d00h00m,high,179,1451,202,378,609607,Mixture GFP-defined,1 mM
J00 mixture,1,24,SUM159_J00_Competition_F10_3_01d00h00m,low,120,1417.5,170.5,189,305376,Mixture GFP-defined,1 mM
J00 mixture,1,24,SUM159_J00_Competition_F10_3_01d00h00m,high,69,1649,219,189,305376,Mixture GFP-defined,1 mM
J00 mixture,1,24,SUM159_J00_Competition_F10_4_01d00h00m,high,101,1550,194,239,400410,Mixture GFP-defined,1 mM
J00 mixture,1,24,SUM159_J00_Competition_F10_4_01d00h00m,low,138,1612.5,179,239,400410,Mixture GFP-defined,1 mM
J00 mixture,1,24,SUM159_J00_Competition_F11_1_01d00h00m,low,198,1529,179,348,547962,Mixture GFP-defined,1 mM
J00 mixture,1,24,SUM159_J00_Competition_F11_1_01d00h00m,high,150,1522,204.5,348,547962,Mixture GFP-defined,1 mM
J00 mixture,1,24,SUM159_J00_Competition_F11_2_01d00h00m,high,168,1451.5,204.5,349,559371,Mixture GFP-defined,1 mM
J00 mixture,1,24,SUM159_J00_Competition_F11_2_01d00h00m,low,181,1565,187,349,559371,Mixture GFP-defined,1 mM
J00 mixture,1,24,SUM159_J00_Competition_F11_3_01d00h00m,high,101,1530,221,207,344530,Mixture GFP-defined,1 mM
J00 mixture,1,24,SUM159_J00_Competition_F11_3_01d00h00m,low,106,1636.5,186,207,344530,Mixture GFP-defined,1 mM
J00 mixture,1,24,SUM159_J00_Competition_F11_4_01d00h00m,high,137,1598,215,270,444428,Mixture GFP-defined,1 mM
J00 mixture,1,24,SUM159_J00_Competition_F11_4_01d00h00m,low,133,1767,191,270,444428,Mixture GFP-defined,1 mM
J00 mixture,1,24,SUM159_J00_Competition_G10_1_01d00h00m,high,147,1409,207,325,522166,Mixture GFP-defined,1 mM
J00 mixture,1,24,SUM159_J00_Competition_G10_1_01d00h00m,low,178,1621.5,186.5,325,522166,Mixture GFP-defined,1 mM
J00 mixture,1,24,SUM159_J00_Competition_G10_2_01d00h00m,high,138,1263.5,188,300,443010,Mixture GFP-defined,1 mM
J00 mixture,1,24,SUM159_J00_Competition_G10_2_01d00h00m,low,162,1522.5,185,300,443010,Mixture GFP-defined,1 mM
J00 mixture,1,24,SUM159_J00_Competition_G10_3_01d00h00m,low,146,1761.5,179,263,437018,Mixture GFP-defined,1 mM
J00 mixture,1,24,SUM159_J00_Competition_G10_3_01d00h00m,high,117,1406,194,263,437018,Mixture GFP-defined,1 mM
J00 mixture,1,24,SUM159_J00_Competition_G10_4_01d00h00m,low,122,1437,171.5,205,322047,Mixture GFP-defined,1 mM
J00 mixture,1,24,SUM159_J00_Competition_G10_4_01d00h00m,high,83,1598,204,205,322047,Mixture GFP-defined,1 mM
J00 mixture,1,24,SUM159_J00_Competition_G11_1_01d00h00m,low,167,1511,187,316,476657,Mixture GFP-defined,1 mM
J00 mixture,1,24,SUM159_J00_Competition_G11_1_01d00h00m,high,149,1326,194,316,476657,Mixture GFP-defined,1 mM
J00 mixture,1,24,SUM159_J00_Competition_G11_2_01d00h00m,high,161,1564,215,354,558542,Mixture GFP-defined,1 mM
J00 mixture,1,24,SUM159_J00_Competition_G11_2_01d00h00m,low,193,1517,184,354,558542,Mixture GFP-defined,1 mM
J00 mixture,1,24,SUM159_J00_Competition_G11_3_01d00h00m,low,149,1544,188,252,412636,Mixture GFP-defined,1 mM
J00 mixture,1,24,SUM159_J00_Competition_G11_3_01d00h00m,high,103,1592,202,252,412636,Mixture GFP-defined,1 mM
J00 mixture,1,24,SUM159_J00_Competition_G11_4_01d00h00m,low,147,1619,184,281,468024,Mixture GFP-defined,1 mM
J00 mixture,1,24,SUM159_J00_Competition_G11_4_01d00h00m,high,134,1561.5,207,281,468024,Mixture GFP-defined,1 mM
J00 mixture,1,32,SUM159_J00_Competition_F10_1_01d08h00m,low,244,1430.5,193.5,501,744494,Mixture GFP-defined,1 mM
J00 mixture,1,32,SUM159_J00_Competition_F10_1_01d08h00m,high,257,1387,221,501,744494,Mixture GFP-defined,1 mM
J00 mixture,1,32,SUM159_J00_Competition_F10_2_01d08h00m,low,271,1499,196,535,816790,Mixture GFP-defined,1 mM
J00 mixture,1,32,SUM159_J00_Competition_F10_2_01d08h00m,high,264,1351,205,535,816790,Mixture GFP-defined,1 mM
J00 mixture,1,32,SUM159_J00_Competition_F10_3_01d08h00m,low,149,1446,184,239,377276,Mixture GFP-defined,1 mM
J00 mixture,1,32,SUM159_J00_Competition_F10_3_01d08h00m,high,90,1435,218,239,377276,Mixture GFP-defined,1 mM
J00 mixture,1,32,SUM159_J00_Competition_F10_4_01d08h00m,high,154,1532,217,340,559429,Mixture GFP-defined,1 mM
J00 mixture,1,32,SUM159_J00_Competition_F10_4_01d08h00m,low,186,1544,191.5,340,559429,Mixture GFP-defined,1 mM
J00 mixture,1,32,SUM159_J00_Competition_F11_1_01d08h00m,low,262,1461,186,487,759927,Mixture GFP-defined,1 mM
J00 mixture,1,32,SUM159_J00_Competition_F11_1_01d08h00m,high,225,1404,214,487,759927,Mixture GFP-defined,1 mM
J00 mixture,1,32,SUM159_J00_Competition_F11_2_01d08h00m,low,243,1492,185,499,744617,Mixture GFP-defined,1 mM
J00 mixture,1,32,SUM159_J00_Competition_F11_2_01d08h00m,high,256,1364,214,499,744617,Mixture GFP-defined,1 mM
J00 mixture,1,32,SUM159_J00_Competition_F11_3_01d08h00m,high,154,1464.5,212,300,470326,Mixture GFP-defined,1 mM
J00 mixture,1,32,SUM159_J00_Competition_F11_3_01d08h00m,low,146,1478.5,187.5,300,470326,Mixture GFP-defined,1 mM
J00 mixture,1,32,SUM159_J00_Competition_F11_4_01d08h00m,high,224,1330,209,382,596832,Mixture GFP-defined,1 mM
J00 mixture,1,32,SUM159_J00_Competition_F11_4_01d08h00m,low,158,1646,205.5,382,596832,Mixture GFP-defined,1 mM
J00 mixture,1,32,SUM159_J00_Competition_G10_1_01d08h00m,high,228,1492.5,216,475,739270,Mixture GFP-defined,1 mM
J00 mixture,1,32,SUM159_J00_Competition_G10_1_01d08h00m,low,247,1380,182,475,739270,Mixture GFP-defined,1 mM
J00 mixture,1,32,SUM159_J00_Competition_G10_2_01d08h00m,low,193,1557,187,406,602617,Mixture GFP-defined,1 mM
J00 mixture,1,32,SUM159_J00_Competition_G10_2_01d08h00m,high,213,1255,200,406,602617,Mixture GFP-defined,1 mM
J00 mixture,1,32,SUM159_J00_Competition_G10_3_01d08h00m,low,185,1624,192,360,606169,Mixture GFP-defined,1 mM
J00 mixture,1,32,SUM159_J00_Competition_G10_3_01d08h00m,high,175,1553,217,360,606169,Mixture GFP-defined,1 mM
J00 mixture,1,32,SUM159_J00_Competition_G10_4_01d08h00m,low,146,1662.5,190.5,264,430478,Mixture GFP-defined,1 mM
J00 mixture,1,32,SUM159_J00_Competition_G10_4_01d08h00m,high,118,1498.5,207.5,264,430478,Mixture GFP-defined,1 mM
J00 mixture,1,32,SUM159_J00_Competition_G11_1_01d08h00m,high,213,1427,213,442,666094,Mixture GFP-defined,1 mM
J00 mixture,1,32,SUM159_J00_Competition_G11_1_01d08h00m,low,229,1392,187,442,666094,Mixture GFP-defined,1 mM
J00 mixture,1,32,SUM159_J00_Competition_G11_2_01d08h00m,high,264,1350.5,202.5,505,750101,Mixture GFP-defined,1 mM
J00 mixture,1,32,SUM159_J00_Competition_G11_2_01d08h00m,low,241,1478,190,505,750101,Mixture GFP-defined,1 mM
J00 mixture,1,32,SUM159_J00_Competition_G11_3_01d08h00m,low,201,1538,186,359,568316,Mixture GFP-defined,1 mM
J00 mixture,1,32,SUM159_J00_Competition_G11_3_01d08h00m,high,158,1486.5,216,359,568316,Mixture GFP-defined,1 mM
J00 mixture,1,32,SUM159_J00_Competition_G11_4_01d08h00m,low,178,1530,192.5,398,611487,Mixture GFP-defined,1 mM
J00 mixture,1,32,SUM159_J00_Competition_G11_4_01d08h00m,high,220,1400.5,212.5,398,611487,Mixture GFP-defined,1 mM
J00 mixture,1,40,SUM159_J00_Competition_F10_1_01d16h00m,low,287,1573,209,616,953944,Mixture GFP-defined,1 mM
J00 mixture,1,40,SUM159_J00_Competition_F10_1_01d16h00m,high,329,1375,218,616,953944,Mixture GFP-defined,1 mM
J00 mixture,1,40,SUM159_J00_Competition_F10_2_01d16h00m,high,346,1387.5,210.5,666,1048576,Mixture GFP-defined,1 mM
J00 mixture,1,40,SUM159_J00_Competition_F10_2_01d16h00m,low,320,1588.5,205,666,1048576,Mixture GFP-defined,1 mM
J00 mixture,1,40,SUM159_J00_Competition_F10_3_01d16h00m,high,117,1477,208,306,505078,Mixture GFP-defined,1 mM
J00 mixture,1,40,SUM159_J00_Competition_F10_3_01d16h00m,low,189,1668,200,306,505078,Mixture GFP-defined,1 mM
J00 mixture,1,40,SUM159_J00_Competition_F10_4_01d16h00m,high,243,1371,204,431,722645,Mixture GFP-defined,1 mM
J00 mixture,1,40,SUM159_J00_Competition_F10_4_01d16h00m,low,188,1718.5,212,431,722645,Mixture GFP-defined,1 mM
J00 mixture,1,40,SUM159_J00_Competition_F11_1_01d16h00m,low,316,1584,201,616,976098,Mixture GFP-defined,1 mM
J00 mixture,1,40,SUM159_J00_Competition_F11_1_01d16h00m,high,300,1395,211,616,976098,Mixture GFP-defined,1 mM
J00 mixture,1,40,SUM159_J00_Competition_F11_2_01d16h00m,low,294,1524,210.5,618,953474,Mixture GFP-defined,1 mM
J00 mixture,1,40,SUM159_J00_Competition_F11_2_01d16h00m,high,324,1384,218.5,618,953474,Mixture GFP-defined,1 mM
J00 mixture,1,40,SUM159_J00_Competition_F11_3_01d16h00m,low,184,1648,202.5,392,627088,Mixture GFP-defined,1 mM
J00 mixture,1,40,SUM159_J00_Competition_F11_3_01d16h00m,high,208,1439,215,392,627088,Mixture GFP-defined,1 mM
J00 mixture,1,40,SUM159_J00_Competition_F11_4_01d16h00m,high,274,1398,219,475,744056,Mixture GFP-defined,1 mM
J00 mixture,1,40,SUM159_J00_Competition_F11_4_01d16h00m,low,201,1617,201,475,744056,Mixture GFP-defined,1 mM
J00 mixture,1,40,SUM159_J00_Competition_G10_1_01d16h00m,high,328,1326,203,598,910984,Mixture GFP-defined,1 mM
J00 mixture,1,40,SUM159_J00_Competition_G10_1_01d16h00m,low,270,1561,205,598,910984,Mixture GFP-defined,1 mM
J00 mixture,1,40,SUM159_J00_Competition_G10_2_01d16h00m,low,237,1611,201,517,779141,Mixture GFP-defined,1 mM
J00 mixture,1,40,SUM159_J00_Competition_G10_2_01d16h00m,high,280,1192,196.5,517,779141,Mixture GFP-defined,1 mM
J00 mixture,1,40,SUM159_J00_Competition_G10_3_01d16h00m,low,215,1683,205,470,741211,Mixture GFP-defined,1 mM
J00 mixture,1,40,SUM159_J00_Competition_G10_3_01d16h00m,high,255,1234,197,470,741211,Mixture GFP-defined,1 mM
J00 mixture,1,40,SUM159_J00_Competition_G10_4_01d16h00m,low,188,1672.5,195,346,577056,Mixture GFP-defined,1 mM
J00 mixture,1,40,SUM159_J00_Competition_G10_4_01d16h00m,high,158,1435.5,205,346,577056,Mixture GFP-defined,1 mM
J00 mixture,1,40,SUM159_J00_Competition_G11_1_01d16h00m,high,286,1244.5,199,548,819737,Mixture GFP-defined,1 mM
J00 mixture,1,40,SUM159_J00_Competition_G11_1_01d16h00m,low,262,1557.5,209,548,819737,Mixture GFP-defined,1 mM
J00 mixture,1,40,SUM159_J00_Competition_G11_2_01d16h00m,high,349,1307,207,654,975205,Mixture GFP-defined,1 mM
J00 mixture,1,40,SUM159_J00_Competition_G11_2_01d16h00m,low,305,1525,201,654,975205,Mixture GFP-defined,1 mM
J00 mixture,1,40,SUM159_J00_Competition_G11_3_01d16h00m,low,240,1631,198,453,721057,Mixture GFP-defined,1 mM
J00 mixture,1,40,SUM159_J00_Competition_G11_3_01d16h00m,high,213,1373,210,453,721057,Mixture GFP-defined,1 mM
J00 mixture,1,40,SUM159_J00_Competition_G11_4_01d16h00m,low,222,1637,202.5,502,809089,Mixture GFP-defined,1 mM
J00 mixture,1,40,SUM159_J00_Competition_G11_4_01d16h00m,high,280,1427,203.5,502,809089,Mixture GFP-defined,1 mM
J00 mixture,1,48,SUM159_J00_Competition_F10_1_02d00h00m,low,320,1533.5,216,735,1077199,Mixture GFP-defined,1 mM
J00 mixture,1,48,SUM159_J00_Competition_F10_1_02d00h00m,high,415,1269,216,735,1077199,Mixture GFP-defined,1 mM
J00 mixture,1,48,SUM159_J00_Competition_F10_2_02d00h00m,low,330,1592,226,763,1159350,Mixture GFP-defined,1 mM
J00 mixture,1,48,SUM159_J00_Competition_F10_2_02d00h00m,high,433,1302,218,763,1159350,Mixture GFP-defined,1 mM
J00 mixture,1,48,SUM159_J00_Competition_F10_3_02d00h00m,high,152,1376.5,213,369,582767,Mixture GFP-defined,1 mM
J00 mixture,1,48,SUM159_J00_Competition_F10_3_02d00h00m,low,217,1557,197,369,582767,Mixture GFP-defined,1 mM
J00 mixture,1,48,SUM159_J00_Competition_F10_4_02d00h00m,low,217,1622,219,511,831961,Mixture GFP-defined,1 mM
J00 mixture,1,48,SUM159_J00_Competition_F10_4_02d00h00m,high,294,1387,214.5,511,831961,Mixture GFP-defined,1 mM
J00 mixture,1,48,SUM159_J00_Competition_F11_1_02d00h00m,low,348,1559.5,217.5,717,1105907,Mixture GFP-defined,1 mM
J00 mixture,1,48,SUM159_J00_Competition_F11_1_02d00h00m,high,369,1295,218,717,1105907,Mixture GFP-defined,1 mM
J00 mixture,1,48,SUM159_J00_Competition_F11_2_02d00h00m,high,398,1240,209,720,1058690,Mixture GFP-defined,1 mM
J00 mixture,1,48,SUM159_J00_Competition_F11_2_02d00h00m,low,322,1472.5,214,720,1058690,Mixture GFP-defined,1 mM
J00 mixture,1,48,SUM159_J00_Competition_F11_3_02d00h00m,high,268,1343,220,467,736649,Mixture GFP-defined,1 mM
J00 mixture,1,48,SUM159_J00_Competition_F11_3_02d00h00m,low,199,1660,209,467,736649,Mixture GFP-defined,1 mM
J00 mixture,1,48,SUM159_J00_Competition_F11_4_02d00h00m,high,357,1265,208,572,871489,Mixture GFP-defined,1 mM
J00 mixture,1,48,SUM159_J00_Competition_F11_4_02d00h00m,low,215,1671,226,572,871489,Mixture GFP-defined,1 mM
J00 mixture,1,48,SUM159_J00_Competition_G10_1_02d00h00m,high,413,1268,205,703,1050764,Mixture GFP-defined,1 mM
J00 mixture,1,48,SUM159_J00_Competition_G10_1_02d00h00m,low,290,1536,217.5,703,1050764,Mixture GFP-defined,1 mM
J00 mixture,1,48,SUM159_J00_Competition_G10_2_02d00h00m,low,278,1611,211,615,923945,Mixture GFP-defined,1 mM
J00 mixture,1,48,SUM159_J00_Competition_G10_2_02d00h00m,high,337,1220,202,615,923945,Mixture GFP-defined,1 mM
J00 mixture,1,48,SUM159_J00_Competition_G10_3_02d00h00m,low,232,1717.5,213.5,548,874259,Mixture GFP-defined,1 mM
J00 mixture,1,48,SUM159_J00_Competition_G10_3_02d00h00m,high,316,1302,213,548,874259,Mixture GFP-defined,1 mM
J00 mixture,1,48,SUM159_J00_Competition_G10_4_02d00h00m,high,209,1259,207,408,680907,Mixture GFP-defined,1 mM
J00 mixture,1,48,SUM159_J00_Competition_G10_4_02d00h00m,low,199,1819,220,408,680907,Mixture GFP-defined,1 mM
J00 mixture,1,48,SUM159_J00_Competition_G11_1_02d00h00m,high,333,1319,212,619,958532,Mixture GFP-defined,1 mM
J00 mixture,1,48,SUM159_J00_Competition_G11_1_02d00h00m,low,286,1557.5,216,619,958532,Mixture GFP-defined,1 mM
J00 mixture,1,48,SUM159_J00_Competition_G11_2_02d00h00m,high,461,1205,204,785,1110983,Mixture GFP-defined,1 mM
J00 mixture,1,48,SUM159_J00_Competition_G11_2_02d00h00m,low,324,1472.5,209.5,785,1110983,Mixture GFP-defined,1 mM
J00 mixture,1,48,SUM159_J00_Competition_G11_3_02d00h00m,low,264,1633.5,213.5,520,845557,Mixture GFP-defined,1 mM
J00 mixture,1,48,SUM159_J00_Competition_G11_3_02d00h00m,high,256,1384,220.5,520,845557,Mixture GFP-defined,1 mM
J00 mixture,1,48,SUM159_J00_Competition_G11_4_02d00h00m,low,253,1641,226,589,925885,Mixture GFP-defined,1 mM
J00 mixture,1,48,SUM159_J00_Competition_G11_4_02d00h00m,high,336,1318.5,210,589,925885,Mixture GFP-defined,1 mM
