manuscript_figure_name,panel_id,current_figure_name,source_local_figure_name,intermediate_aliases,source_root,prior_manuscript_figure_name,prior_panel_id,polishing_final_image_path,polishing_final_sha256,integration_rebuild_image_path,integration_rebuild_sha256,final_image_path,final_image_sha256,wrapper_rebuild_image_path,wrapper_rebuild_sha256,hash_match_status,source_script_path,source_function_or_object,data_input_paths,configuration_paths,subpanel_audit_image_path,semantic_interpretation_path
Figure 1,a,F1,Figure 1,NA,manuscript_figures/20260722T141236_resegmentation_fix,Figure 1,a,manuscript_figures/20260722T141236_resegmentation_fix/final_images/figure_1.png,141a692d3fe11197b8780b4e85a31bbad2539cbbf98ced319a3ff9a385a8d262,agent-dev/manuscript_integration/20260729_v03_figure_set_integration/package_rebuilds/resegmentation_core/final_images/figure_1.png,141a692d3fe11197b8780b4e85a31bbad2539cbbf98ced319a3ff9a385a8d262,agent-dev/manuscript_integration/20260729_v03_figure_set_integration/final_images/F1.png,141a692d3fe11197b8780b4e85a31bbad2539cbbf98ced319a3ff9a385a8d262,agent-dev/manuscript_integration/20260729_v03_figure_set_integration/final_images/F1.png,141a692d3fe11197b8780b4e85a31bbad2539cbbf98ced319a3ff9a385a8d262,match,manuscript_figures/20260722T141236_resegmentation_fix/scripts/polish_figures.R;manuscript_figures/20260722T141236_resegmentation_fix/scripts/recycled_constructors.R,Low/high-ploidy segmentation and classifier validation montage,data/modelling/gpath_v1/red_a30_counts_20260722/datasets/all_lines/stan_data.Rds;data/image_processing_runs/full_segmentation_classification_nuclear/run_20260721_163410/summaries/cell_nuclear_area_summaries.Rds;data/image_processing_validation/segmentation_classifier_90frame/20260722,manuscript_figures/20260722T141236_resegmentation_fix/layout/layout_plan.csv,manuscript_figures/20260722T141236_resegmentation_fix/subpanels/figure_1_a.png,agent-dev/manuscript_integration/20260729_v03_figure_set_integration/semantic_interpretations/F1_a.md
Figure 1,b,F1,Figure 1,NA,manuscript_figures/20260722T141236_resegmentation_fix,Figure 1,b,manuscript_figures/20260722T141236_resegmentation_fix/final_images/figure_1.png,141a692d3fe11197b8780b4e85a31bbad2539cbbf98ced319a3ff9a385a8d262,agent-dev/manuscript_integration/20260729_v03_figure_set_integration/package_rebuilds/resegmentation_core/final_images/figure_1.png,141a692d3fe11197b8780b4e85a31bbad2539cbbf98ced319a3ff9a385a8d262,agent-dev/manuscript_integration/20260729_v03_figure_set_integration/final_images/F1.png,141a692d3fe11197b8780b4e85a31bbad2539cbbf98ced319a3ff9a385a8d262,agent-dev/manuscript_integration/20260729_v03_figure_set_integration/final_images/F1.png,141a692d3fe11197b8780b4e85a31bbad2539cbbf98ced319a3ff9a385a8d262,match,manuscript_figures/20260722T141236_resegmentation_fix/scripts/polish_figures.R;manuscript_figures/20260722T141236_resegmentation_fix/scripts/recycled_constructors.R,Median segmented cell area across starting glucose and ploidy,data/modelling/gpath_v1/red_a30_counts_20260722/datasets/all_lines/stan_data.Rds;data/image_processing_runs/full_segmentation_classification_nuclear/run_20260721_163410/summaries/cell_nuclear_area_summaries.Rds;data/image_processing_validation/segmentation_classifier_90frame/20260722,manuscript_figures/20260722T141236_resegmentation_fix/layout/layout_plan.csv,manuscript_figures/20260722T141236_resegmentation_fix/subpanels/figure_1_b.png,agent-dev/manuscript_integration/20260729_v03_figure_set_integration/semantic_interpretations/F1_b.md
Figure 1,c,F1,Figure 1,NA,manuscript_figures/20260722T141236_resegmentation_fix,Figure 1,c,manuscript_figures/20260722T141236_resegmentation_fix/final_images/figure_1.png,141a692d3fe11197b8780b4e85a31bbad2539cbbf98ced319a3ff9a385a8d262,agent-dev/manuscript_integration/20260729_v03_figure_set_integration/package_rebuilds/resegmentation_core/final_images/figure_1.png,141a692d3fe11197b8780b4e85a31bbad2539cbbf98ced319a3ff9a385a8d262,agent-dev/manuscript_integration/20260729_v03_figure_set_integration/final_images/F1.png,141a692d3fe11197b8780b4e85a31bbad2539cbbf98ced319a3ff9a385a8d262,agent-dev/manuscript_integration/20260729_v03_figure_set_integration/final_images/F1.png,141a692d3fe11197b8780b4e85a31bbad2539cbbf98ced319a3ff9a385a8d262,match,manuscript_figures/20260722T141236_resegmentation_fix/scripts/polish_figures.R;manuscript_figures/20260722T141236_resegmentation_fix/scripts/recycled_constructors.R,Cell-area versus nuclear-area high-to-low ploidy ratios,data/modelling/gpath_v1/red_a30_counts_20260722/datasets/all_lines/stan_data.Rds;data/image_processing_runs/full_segmentation_classification_nuclear/run_20260721_163410/summaries/cell_nuclear_area_summaries.Rds;data/image_processing_validation/segmentation_classifier_90frame/20260722,manuscript_figures/20260722T141236_resegmentation_fix/layout/layout_plan.csv,manuscript_figures/20260722T141236_resegmentation_fix/subpanels/figure_1_c.png,agent-dev/manuscript_integration/20260729_v03_figure_set_integration/semantic_interpretations/F1_c.md
Figure 1,d,F1,Figure 1,NA,manuscript_figures/20260722T141236_resegmentation_fix,Figure 1,d,manuscript_figures/20260722T141236_resegmentation_fix/final_images/figure_1.png,141a692d3fe11197b8780b4e85a31bbad2539cbbf98ced319a3ff9a385a8d262,agent-dev/manuscript_integration/20260729_v03_figure_set_integration/package_rebuilds/resegmentation_core/final_images/figure_1.png,141a692d3fe11197b8780b4e85a31bbad2539cbbf98ced319a3ff9a385a8d262,agent-dev/manuscript_integration/20260729_v03_figure_set_integration/final_images/F1.png,141a692d3fe11197b8780b4e85a31bbad2539cbbf98ced319a3ff9a385a8d262,agent-dev/manuscript_integration/20260729_v03_figure_set_integration/final_images/F1.png,141a692d3fe11197b8780b4e85a31bbad2539cbbf98ced319a3ff9a385a8d262,match,manuscript_figures/20260722T141236_resegmentation_fix/scripts/polish_figures.R;manuscript_figures/20260722T141236_resegmentation_fix/scripts/recycled_constructors.R,Cell and nuclear area ratios versus ploidy ratio,data/modelling/gpath_v1/red_a30_counts_20260722/datasets/all_lines/stan_data.Rds;data/image_processing_runs/full_segmentation_classification_nuclear/run_20260721_163410/summaries/cell_nuclear_area_summaries.Rds;data/image_processing_validation/segmentation_classifier_90frame/20260722,manuscript_figures/20260722T141236_resegmentation_fix/layout/layout_plan.csv,manuscript_figures/20260722T141236_resegmentation_fix/subpanels/figure_1_d.png,agent-dev/manuscript_integration/20260729_v03_figure_set_integration/semantic_interpretations/F1_d.md
Figure 1,e,F1,Figure 1,NA,manuscript_figures/20260722T141236_resegmentation_fix,Figure 1,e,manuscript_figures/20260722T141236_resegmentation_fix/final_images/figure_1.png,141a692d3fe11197b8780b4e85a31bbad2539cbbf98ced319a3ff9a385a8d262,agent-dev/manuscript_integration/20260729_v03_figure_set_integration/package_rebuilds/resegmentation_core/final_images/figure_1.png,141a692d3fe11197b8780b4e85a31bbad2539cbbf98ced319a3ff9a385a8d262,agent-dev/manuscript_integration/20260729_v03_figure_set_integration/final_images/F1.png,141a692d3fe11197b8780b4e85a31bbad2539cbbf98ced319a3ff9a385a8d262,agent-dev/manuscript_integration/20260729_v03_figure_set_integration/final_images/F1.png,141a692d3fe11197b8780b4e85a31bbad2539cbbf98ced319a3ff9a385a8d262,match,manuscript_figures/20260722T141236_resegmentation_fix/scripts/polish_figures.R;manuscript_figures/20260722T141236_resegmentation_fix/scripts/recycled_constructors.R,Live-cell trajectories for the four non-fusion lines,data/modelling/gpath_v1/red_a30_counts_20260722/datasets/all_lines/stan_data.Rds;data/image_processing_runs/full_segmentation_classification_nuclear/run_20260721_163410/summaries/cell_nuclear_area_summaries.Rds;data/image_processing_validation/segmentation_classifier_90frame/20260722,manuscript_figures/20260722T141236_resegmentation_fix/layout/layout_plan.csv,manuscript_figures/20260722T141236_resegmentation_fix/subpanels/figure_1_e.png,agent-dev/manuscript_integration/20260729_v03_figure_set_integration/semantic_interpretations/F1_e.md
Figure 1,f,F1,Figure 1,NA,manuscript_figures/20260722T141236_resegmentation_fix,Figure 1,f,manuscript_figures/20260722T141236_resegmentation_fix/final_images/figure_1.png,141a692d3fe11197b8780b4e85a31bbad2539cbbf98ced319a3ff9a385a8d262,agent-dev/manuscript_integration/20260729_v03_figure_set_integration/package_rebuilds/resegmentation_core/final_images/figure_1.png,141a692d3fe11197b8780b4e85a31bbad2539cbbf98ced319a3ff9a385a8d262,agent-dev/manuscript_integration/20260729_v03_figure_set_integration/final_images/F1.png,141a692d3fe11197b8780b4e85a31bbad2539cbbf98ced319a3ff9a385a8d262,agent-dev/manuscript_integration/20260729_v03_figure_set_integration/final_images/F1.png,141a692d3fe11197b8780b4e85a31bbad2539cbbf98ced319a3ff9a385a8d262,match,manuscript_figures/20260722T141236_resegmentation_fix/scripts/polish_figures.R;manuscript_figures/20260722T141236_resegmentation_fix/scripts/recycled_constructors.R,Extracellular-glucose trajectories for the four non-fusion lines,data/modelling/gpath_v1/red_a30_counts_20260722/datasets/all_lines/stan_data.Rds;data/image_processing_runs/full_segmentation_classification_nuclear/run_20260721_163410/summaries/cell_nuclear_area_summaries.Rds;data/image_processing_validation/segmentation_classifier_90frame/20260722,manuscript_figures/20260722T141236_resegmentation_fix/layout/layout_plan.csv,manuscript_figures/20260722T141236_resegmentation_fix/subpanels/figure_1_f.png,agent-dev/manuscript_integration/20260729_v03_figure_set_integration/semantic_interpretations/F1_f.md
Figure 2,a,F2,Figure 2,NA,manuscript_figures/20260722T141236_resegmentation_fix,Figure 2,a,manuscript_figures/20260722T141236_resegmentation_fix/final_images/figure_2.png,a719945ec28ea6ccb88c08c4a7ff97189226baa31995d349d5e988e2e8d7becb,agent-dev/manuscript_integration/20260729_v03_figure_set_integration/package_rebuilds/resegmentation_core/final_images/figure_2.png,a719945ec28ea6ccb88c08c4a7ff97189226baa31995d349d5e988e2e8d7becb,agent-dev/manuscript_integration/20260729_v03_figure_set_integration/final_images/F2.png,a719945ec28ea6ccb88c08c4a7ff97189226baa31995d349d5e988e2e8d7becb,agent-dev/manuscript_integration/20260729_v03_figure_set_integration/final_images/F2.png,a719945ec28ea6ccb88c08c4a7ff97189226baa31995d349d5e988e2e8d7becb,match,manuscript_figures/20260722T141236_resegmentation_fix/scripts/polish_figures.R;manuscript_figures/20260722T141236_resegmentation_fix/scripts/recycled_constructors.R,No-fusion direct-feature ploidy effects on a within-feature scale,data/modelling/gpath_v1/red_a30_counts_20260722/datasets/all_lines/stan_data.Rds;data/empirical_features/20260722/model_free_features.Rds,manuscript_figures/20260722T141236_resegmentation_fix/layout/layout_plan.csv,manuscript_figures/20260722T141236_resegmentation_fix/subpanels/figure_2_a.png,agent-dev/manuscript_integration/20260729_v03_figure_set_integration/semantic_interpretations/F2_a.md
Figure 2,b,F2,Figure 2,NA,manuscript_figures/20260722T141236_resegmentation_fix,Figure 2,b,manuscript_figures/20260722T141236_resegmentation_fix/final_images/figure_2.png,a719945ec28ea6ccb88c08c4a7ff97189226baa31995d349d5e988e2e8d7becb,agent-dev/manuscript_integration/20260729_v03_figure_set_integration/package_rebuilds/resegmentation_core/final_images/figure_2.png,a719945ec28ea6ccb88c08c4a7ff97189226baa31995d349d5e988e2e8d7becb,agent-dev/manuscript_integration/20260729_v03_figure_set_integration/final_images/F2.png,a719945ec28ea6ccb88c08c4a7ff97189226baa31995d349d5e988e2e8d7becb,agent-dev/manuscript_integration/20260729_v03_figure_set_integration/final_images/F2.png,a719945ec28ea6ccb88c08c4a7ff97189226baa31995d349d5e988e2e8d7becb,match,manuscript_figures/20260722T141236_resegmentation_fix/scripts/polish_figures.R;manuscript_figures/20260722T141236_resegmentation_fix/scripts/recycled_constructors.R,Representative trajectory with direct-feature construction annotations,data/modelling/gpath_v1/red_a30_counts_20260722/datasets/all_lines/stan_data.Rds;data/empirical_features/20260722/model_free_features.Rds,manuscript_figures/20260722T141236_resegmentation_fix/layout/layout_plan.csv,manuscript_figures/20260722T141236_resegmentation_fix/subpanels/figure_2_b.png,agent-dev/manuscript_integration/20260729_v03_figure_set_integration/semantic_interpretations/F2_b.md
Figure 2,c,F2,Figure 2,NA,manuscript_figures/20260722T141236_resegmentation_fix,Figure 2,c,manuscript_figures/20260722T141236_resegmentation_fix/final_images/figure_2.png,a719945ec28ea6ccb88c08c4a7ff97189226baa31995d349d5e988e2e8d7becb,agent-dev/manuscript_integration/20260729_v03_figure_set_integration/package_rebuilds/resegmentation_core/final_images/figure_2.png,a719945ec28ea6ccb88c08c4a7ff97189226baa31995d349d5e988e2e8d7becb,agent-dev/manuscript_integration/20260729_v03_figure_set_integration/final_images/F2.png,a719945ec28ea6ccb88c08c4a7ff97189226baa31995d349d5e988e2e8d7becb,agent-dev/manuscript_integration/20260729_v03_figure_set_integration/final_images/F2.png,a719945ec28ea6ccb88c08c4a7ff97189226baa31995d349d5e988e2e8d7becb,match,manuscript_figures/20260722T141236_resegmentation_fix/scripts/polish_figures.R;manuscript_figures/20260722T141236_resegmentation_fix/scripts/recycled_constructors.R,Representative-line direct-feature construction across glucose,data/modelling/gpath_v1/red_a30_counts_20260722/datasets/all_lines/stan_data.Rds;data/empirical_features/20260722/model_free_features.Rds,manuscript_figures/20260722T141236_resegmentation_fix/layout/layout_plan.csv,manuscript_figures/20260722T141236_resegmentation_fix/subpanels/figure_2_c.png,agent-dev/manuscript_integration/20260729_v03_figure_set_integration/semantic_interpretations/F2_c.md
Figure 3,a,F3,Figure 3,NA,manuscript_figures/20260722T141236_resegmentation_fix,Figure 3,a,manuscript_figures/20260722T141236_resegmentation_fix/final_images/figure_3.png,d1ebc090f854197bcba87128cd9770e052827d97a581c8e994fb54b9637af2bc,agent-dev/manuscript_integration/20260729_v03_figure_set_integration/package_rebuilds/mechanistic_diagnostics/final_images/figure_3.png,d1ebc090f854197bcba87128cd9770e052827d97a581c8e994fb54b9637af2bc,agent-dev/manuscript_integration/20260729_v03_figure_set_integration/final_images/F3.png,d1ebc090f854197bcba87128cd9770e052827d97a581c8e994fb54b9637af2bc,agent-dev/manuscript_integration/20260729_v03_figure_set_integration/final_images/F3.png,d1ebc090f854197bcba87128cd9770e052827d97a581c8e994fb54b9637af2bc,match,manuscript_figures/20260722T141236_resegmentation_fix/package_scripts/FG3_mechanistic_diagnostics/polish_figures.R,panel_f3a,data/modelling/gpath_v1/red_a30_counts_20260722/derived/optimization/assessment.Rds;data/modelling/gpath_v1/red_a30_counts_20260722/derived/posterior/qc.Rds;data/modelling/gpath_v1/red_a30_counts_20260722/derived/posterior/predictions/all_lines;data/modelling/gpath_v1/red_a30_counts_20260722/datasets/all_lines/stan_data.Rds,figures/user-approved-raster-figures/model_family_schematic_placeholder.png,NA,agent-dev/manuscript_integration/20260729_v03_figure_set_integration/semantic_interpretations/F3_a.md
Figure 3,b,F3,Figure 3,NA,manuscript_figures/20260722T141236_resegmentation_fix,Figure 3,b,manuscript_figures/20260722T141236_resegmentation_fix/final_images/figure_3.png,d1ebc090f854197bcba87128cd9770e052827d97a581c8e994fb54b9637af2bc,agent-dev/manuscript_integration/20260729_v03_figure_set_integration/package_rebuilds/mechanistic_diagnostics/final_images/figure_3.png,d1ebc090f854197bcba87128cd9770e052827d97a581c8e994fb54b9637af2bc,agent-dev/manuscript_integration/20260729_v03_figure_set_integration/final_images/F3.png,d1ebc090f854197bcba87128cd9770e052827d97a581c8e994fb54b9637af2bc,agent-dev/manuscript_integration/20260729_v03_figure_set_integration/final_images/F3.png,d1ebc090f854197bcba87128cd9770e052827d97a581c8e994fb54b9637af2bc,match,manuscript_figures/20260722T141236_resegmentation_fix/package_scripts/FG3_mechanistic_diagnostics/polish_figures.R,panel_f3b,data/modelling/gpath_v1/red_a30_counts_20260722/derived/optimization/assessment.Rds;data/modelling/gpath_v1/red_a30_counts_20260722/derived/posterior/qc.Rds;data/modelling/gpath_v1/red_a30_counts_20260722/derived/posterior/predictions/all_lines;data/modelling/gpath_v1/red_a30_counts_20260722/datasets/all_lines/stan_data.Rds,NA,NA,agent-dev/manuscript_integration/20260729_v03_figure_set_integration/semantic_interpretations/F3_b.md
Figure 3,c,F3,Figure 3,NA,manuscript_figures/20260722T141236_resegmentation_fix,Figure 3,c,manuscript_figures/20260722T141236_resegmentation_fix/final_images/figure_3.png,d1ebc090f854197bcba87128cd9770e052827d97a581c8e994fb54b9637af2bc,agent-dev/manuscript_integration/20260729_v03_figure_set_integration/package_rebuilds/mechanistic_diagnostics/final_images/figure_3.png,d1ebc090f854197bcba87128cd9770e052827d97a581c8e994fb54b9637af2bc,agent-dev/manuscript_integration/20260729_v03_figure_set_integration/final_images/F3.png,d1ebc090f854197bcba87128cd9770e052827d97a581c8e994fb54b9637af2bc,agent-dev/manuscript_integration/20260729_v03_figure_set_integration/final_images/F3.png,d1ebc090f854197bcba87128cd9770e052827d97a581c8e994fb54b9637af2bc,match,manuscript_figures/20260722T141236_resegmentation_fix/package_scripts/FG3_mechanistic_diagnostics/polish_figures.R,panel_f3c,data/modelling/gpath_v1/red_a30_counts_20260722/derived/optimization/assessment.Rds;data/modelling/gpath_v1/red_a30_counts_20260722/derived/posterior/qc.Rds;data/modelling/gpath_v1/red_a30_counts_20260722/derived/posterior/predictions/all_lines;data/modelling/gpath_v1/red_a30_counts_20260722/datasets/all_lines/stan_data.Rds,NA,NA,agent-dev/manuscript_integration/20260729_v03_figure_set_integration/semantic_interpretations/F3_c.md
Figure 4,a,F4,Figure 4,NA,manuscript_figures/20260722T141236_resegmentation_fix,Figure 4,a,manuscript_figures/20260722T141236_resegmentation_fix/final_images/figure_4.png,689f049463e57e64123fecf5c9e66b5dc30b1b45d3b381993c462b8af3492de6,agent-dev/manuscript_integration/20260729_v03_figure_set_integration/package_rebuilds/posterior_size_context/final_images/figure_4.png,689f049463e57e64123fecf5c9e66b5dc30b1b45d3b381993c462b8af3492de6,agent-dev/manuscript_integration/20260729_v03_figure_set_integration/final_images/F4.png,689f049463e57e64123fecf5c9e66b5dc30b1b45d3b381993c462b8af3492de6,agent-dev/manuscript_integration/20260729_v03_figure_set_integration/final_images/F4.png,689f049463e57e64123fecf5c9e66b5dc30b1b45d3b381993c462b8af3492de6,match,manuscript_figures/20260722T141236_resegmentation_fix/package_scripts/FG4_posterior_size_context/polish_figures.R,p4a,data/modelling/gpath_v1/red_a30_counts_20260722/derived/posterior;data/modelling/gpath_v1/red_a30_counts_20260722/datasets;data/image_processing_runs/full_segmentation_classification_nuclear/run_20260721_163410/summaries/cell_nuclear_area_summaries.Rds,NA,NA,agent-dev/manuscript_integration/20260729_v03_figure_set_integration/semantic_interpretations/F4_a.md
Figure 4,b,F4,Figure 4,NA,manuscript_figures/20260722T141236_resegmentation_fix,Figure 4,b,manuscript_figures/20260722T141236_resegmentation_fix/final_images/figure_4.png,689f049463e57e64123fecf5c9e66b5dc30b1b45d3b381993c462b8af3492de6,agent-dev/manuscript_integration/20260729_v03_figure_set_integration/package_rebuilds/posterior_size_context/final_images/figure_4.png,689f049463e57e64123fecf5c9e66b5dc30b1b45d3b381993c462b8af3492de6,agent-dev/manuscript_integration/20260729_v03_figure_set_integration/final_images/F4.png,689f049463e57e64123fecf5c9e66b5dc30b1b45d3b381993c462b8af3492de6,agent-dev/manuscript_integration/20260729_v03_figure_set_integration/final_images/F4.png,689f049463e57e64123fecf5c9e66b5dc30b1b45d3b381993c462b8af3492de6,match,manuscript_figures/20260722T141236_resegmentation_fix/package_scripts/FG4_posterior_size_context/polish_figures.R,p4b,data/modelling/gpath_v1/red_a30_counts_20260722/derived/posterior;data/modelling/gpath_v1/red_a30_counts_20260722/datasets;data/image_processing_runs/full_segmentation_classification_nuclear/run_20260721_163410/summaries/cell_nuclear_area_summaries.Rds,NA,NA,agent-dev/manuscript_integration/20260729_v03_figure_set_integration/semantic_interpretations/F4_b.md
Figure 4,c,F4,Figure 4,NA,manuscript_figures/20260722T141236_resegmentation_fix,Figure 4,c,manuscript_figures/20260722T141236_resegmentation_fix/final_images/figure_4.png,689f049463e57e64123fecf5c9e66b5dc30b1b45d3b381993c462b8af3492de6,agent-dev/manuscript_integration/20260729_v03_figure_set_integration/package_rebuilds/posterior_size_context/final_images/figure_4.png,689f049463e57e64123fecf5c9e66b5dc30b1b45d3b381993c462b8af3492de6,agent-dev/manuscript_integration/20260729_v03_figure_set_integration/final_images/F4.png,689f049463e57e64123fecf5c9e66b5dc30b1b45d3b381993c462b8af3492de6,agent-dev/manuscript_integration/20260729_v03_figure_set_integration/final_images/F4.png,689f049463e57e64123fecf5c9e66b5dc30b1b45d3b381993c462b8af3492de6,match,manuscript_figures/20260722T141236_resegmentation_fix/package_scripts/FG4_posterior_size_context/polish_figures.R,p4c,data/modelling/gpath_v1/red_a30_counts_20260722/derived/posterior;data/modelling/gpath_v1/red_a30_counts_20260722/datasets;data/image_processing_runs/full_segmentation_classification_nuclear/run_20260721_163410/summaries/cell_nuclear_area_summaries.Rds,NA,NA,agent-dev/manuscript_integration/20260729_v03_figure_set_integration/semantic_interpretations/F4_c.md
Figure 4,d,F4,Figure 4,NA,manuscript_figures/20260722T141236_resegmentation_fix,Figure 4,d,manuscript_figures/20260722T141236_resegmentation_fix/final_images/figure_4.png,689f049463e57e64123fecf5c9e66b5dc30b1b45d3b381993c462b8af3492de6,agent-dev/manuscript_integration/20260729_v03_figure_set_integration/package_rebuilds/posterior_size_context/final_images/figure_4.png,689f049463e57e64123fecf5c9e66b5dc30b1b45d3b381993c462b8af3492de6,agent-dev/manuscript_integration/20260729_v03_figure_set_integration/final_images/F4.png,689f049463e57e64123fecf5c9e66b5dc30b1b45d3b381993c462b8af3492de6,agent-dev/manuscript_integration/20260729_v03_figure_set_integration/final_images/F4.png,689f049463e57e64123fecf5c9e66b5dc30b1b45d3b381993c462b8af3492de6,match,manuscript_figures/20260722T141236_resegmentation_fix/package_scripts/FG4_posterior_size_context/polish_figures.R,p4d,data/modelling/gpath_v1/red_a30_counts_20260722/derived/posterior;data/modelling/gpath_v1/red_a30_counts_20260722/datasets;data/image_processing_runs/full_segmentation_classification_nuclear/run_20260721_163410/summaries/cell_nuclear_area_summaries.Rds,NA,NA,agent-dev/manuscript_integration/20260729_v03_figure_set_integration/semantic_interpretations/F4_d.md
Figure 4,e,F4,Figure 4,NA,manuscript_figures/20260722T141236_resegmentation_fix,Figure 4,e,manuscript_figures/20260722T141236_resegmentation_fix/final_images/figure_4.png,689f049463e57e64123fecf5c9e66b5dc30b1b45d3b381993c462b8af3492de6,agent-dev/manuscript_integration/20260729_v03_figure_set_integration/package_rebuilds/posterior_size_context/final_images/figure_4.png,689f049463e57e64123fecf5c9e66b5dc30b1b45d3b381993c462b8af3492de6,agent-dev/manuscript_integration/20260729_v03_figure_set_integration/final_images/F4.png,689f049463e57e64123fecf5c9e66b5dc30b1b45d3b381993c462b8af3492de6,agent-dev/manuscript_integration/20260729_v03_figure_set_integration/final_images/F4.png,689f049463e57e64123fecf5c9e66b5dc30b1b45d3b381993c462b8af3492de6,match,manuscript_figures/20260722T141236_resegmentation_fix/package_scripts/FG4_posterior_size_context/polish_figures.R,p4e,data/modelling/gpath_v1/red_a30_counts_20260722/derived/posterior;data/modelling/gpath_v1/red_a30_counts_20260722/datasets;data/image_processing_runs/full_segmentation_classification_nuclear/run_20260721_163410/summaries/cell_nuclear_area_summaries.Rds,NA,NA,agent-dev/manuscript_integration/20260729_v03_figure_set_integration/semantic_interpretations/F4_e.md
Figure 4,f,F4,Figure 4,NA,manuscript_figures/20260722T141236_resegmentation_fix,Figure 4,f,manuscript_figures/20260722T141236_resegmentation_fix/final_images/figure_4.png,689f049463e57e64123fecf5c9e66b5dc30b1b45d3b381993c462b8af3492de6,agent-dev/manuscript_integration/20260729_v03_figure_set_integration/package_rebuilds/posterior_size_context/final_images/figure_4.png,689f049463e57e64123fecf5c9e66b5dc30b1b45d3b381993c462b8af3492de6,agent-dev/manuscript_integration/20260729_v03_figure_set_integration/final_images/F4.png,689f049463e57e64123fecf5c9e66b5dc30b1b45d3b381993c462b8af3492de6,agent-dev/manuscript_integration/20260729_v03_figure_set_integration/final_images/F4.png,689f049463e57e64123fecf5c9e66b5dc30b1b45d3b381993c462b8af3492de6,match,manuscript_figures/20260722T141236_resegmentation_fix/package_scripts/FG4_posterior_size_context/polish_figures.R,p4f,data/modelling/gpath_v1/red_a30_counts_20260722/derived/posterior;data/modelling/gpath_v1/red_a30_counts_20260722/datasets;data/image_processing_runs/full_segmentation_classification_nuclear/run_20260721_163410/summaries/cell_nuclear_area_summaries.Rds,NA,NA,agent-dev/manuscript_integration/20260729_v03_figure_set_integration/semantic_interpretations/F4_f.md
Figure 5,a,F5,Figure 5,NA,manuscript_figures/20260728_posterior_strategy_figure_set/F5/polishing,Figure 5,a,manuscript_figures/20260728_posterior_strategy_figure_set/F5/polishing/final_images/figure_5.png,375fbd6339ffe8f55e6503f9a717410d907f3ec5f3c3adb2e3c60d2d0287326d,agent-dev/manuscript_integration/20260729_v03_figure_set_integration/package_rebuilds/posterior_strategy_F5/final_images/figure_5.png,375fbd6339ffe8f55e6503f9a717410d907f3ec5f3c3adb2e3c60d2d0287326d,agent-dev/manuscript_integration/20260729_v03_figure_set_integration/final_images/F5.png,375fbd6339ffe8f55e6503f9a717410d907f3ec5f3c3adb2e3c60d2d0287326d,agent-dev/manuscript_integration/20260729_v03_figure_set_integration/final_images/F5.png,375fbd6339ffe8f55e6503f9a717410d907f3ec5f3c3adb2e3c60d2d0287326d,match,manuscript_figures/20260728_posterior_strategy_figure_set/F5/polishing/scripts/polish_figures.R,"Percentage of day-6 posterior draws favoring high ploidy for every strategy at 0.5x, 1x, and 2x seeding, across four cell lines and five Pareto models; 0AA omitted.",data/modelling/gpath_v1/red_a30_counts_20260722/derived/posterior/strategy_simulations/runs/seed3density_7g_xxx_xcc_axax_20260727/manifest.tsv;data/modelling/gpath_v1/red_a30_counts_20260722/derived/posterior/strategy_simulations/runs/seed3density_7g_xxx_xcc_axax_20260727/validation.json,manuscript_figures/20260728_posterior_strategy_figure_set/F5/polishing/layout/layout_plan.csv,manuscript_figures/20260728_posterior_strategy_figure_set/F5/polishing/subpanels/figure_5a.png,agent-dev/manuscript_integration/20260729_v03_figure_set_integration/semantic_interpretations/F5_a.md
Figure 5,b,F5,Figure 5,NA,manuscript_figures/20260728_posterior_strategy_figure_set/F5/polishing,Figure 5,b,manuscript_figures/20260728_posterior_strategy_figure_set/F5/polishing/final_images/figure_5.png,375fbd6339ffe8f55e6503f9a717410d907f3ec5f3c3adb2e3c60d2d0287326d,agent-dev/manuscript_integration/20260729_v03_figure_set_integration/package_rebuilds/posterior_strategy_F5/final_images/figure_5.png,375fbd6339ffe8f55e6503f9a717410d907f3ec5f3c3adb2e3c60d2d0287326d,agent-dev/manuscript_integration/20260729_v03_figure_set_integration/final_images/F5.png,375fbd6339ffe8f55e6503f9a717410d907f3ec5f3c3adb2e3c60d2d0287326d,agent-dev/manuscript_integration/20260729_v03_figure_set_integration/final_images/F5.png,375fbd6339ffe8f55e6503f9a717410d907f3ec5f3c3adb2e3c60d2d0287326d,match,manuscript_figures/20260728_posterior_strategy_figure_set/F5/polishing/scripts/polish_figures.R,"Percentage of posterior draws favoring high ploidy at days 2, 4, and 6 for every strategy at 1x seeding, pooled across four cell lines and five Pareto models; 0AA omitted.",data/modelling/gpath_v1/red_a30_counts_20260722/derived/posterior/strategy_simulations/runs/seed3density_7g_xxx_xcc_axax_20260727/manifest.tsv;data/modelling/gpath_v1/red_a30_counts_20260722/derived/posterior/strategy_simulations/runs/seed3density_7g_xxx_xcc_axax_20260727/validation.json,manuscript_figures/20260728_posterior_strategy_figure_set/F5/polishing/layout/layout_plan.csv,manuscript_figures/20260728_posterior_strategy_figure_set/F5/polishing/subpanels/figure_5b.png,agent-dev/manuscript_integration/20260729_v03_figure_set_integration/semantic_interpretations/F5_b.md
Figure 5,c,F5,Figure 5,NA,manuscript_figures/20260728_posterior_strategy_figure_set/F5/polishing,Figure 5,c,manuscript_figures/20260728_posterior_strategy_figure_set/F5/polishing/final_images/figure_5.png,375fbd6339ffe8f55e6503f9a717410d907f3ec5f3c3adb2e3c60d2d0287326d,agent-dev/manuscript_integration/20260729_v03_figure_set_integration/package_rebuilds/posterior_strategy_F5/final_images/figure_5.png,375fbd6339ffe8f55e6503f9a717410d907f3ec5f3c3adb2e3c60d2d0287326d,agent-dev/manuscript_integration/20260729_v03_figure_set_integration/final_images/F5.png,375fbd6339ffe8f55e6503f9a717410d907f3ec5f3c3adb2e3c60d2d0287326d,agent-dev/manuscript_integration/20260729_v03_figure_set_integration/final_images/F5.png,375fbd6339ffe8f55e6503f9a717410d907f3ec5f3c3adb2e3c60d2d0287326d,match,manuscript_figures/20260728_posterior_strategy_figure_set/F5/polishing/scripts/polish_figures.R,"Day-6 counts of posterior draws supporting high-ploidy enrichment for every strategy at 1x seeding, shown separately for each of five Pareto models and pooled across four cell lines; 0AA omitted.",data/modelling/gpath_v1/red_a30_counts_20260722/derived/posterior/strategy_simulations/runs/seed3density_7g_xxx_xcc_axax_20260727/manifest.tsv;data/modelling/gpath_v1/red_a30_counts_20260722/derived/posterior/strategy_simulations/runs/seed3density_7g_xxx_xcc_axax_20260727/validation.json,manuscript_figures/20260728_posterior_strategy_figure_set/F5/polishing/layout/layout_plan.csv,manuscript_figures/20260728_posterior_strategy_figure_set/F5/polishing/subpanels/figure_5c.png,agent-dev/manuscript_integration/20260729_v03_figure_set_integration/semantic_interpretations/F5_c.md
Figure 5,d,F5,Figure 5,NA,manuscript_figures/20260728_posterior_strategy_figure_set/F5/polishing,Figure 5,d,manuscript_figures/20260728_posterior_strategy_figure_set/F5/polishing/final_images/figure_5.png,375fbd6339ffe8f55e6503f9a717410d907f3ec5f3c3adb2e3c60d2d0287326d,agent-dev/manuscript_integration/20260729_v03_figure_set_integration/package_rebuilds/posterior_strategy_F5/final_images/figure_5.png,375fbd6339ffe8f55e6503f9a717410d907f3ec5f3c3adb2e3c60d2d0287326d,agent-dev/manuscript_integration/20260729_v03_figure_set_integration/final_images/F5.png,375fbd6339ffe8f55e6503f9a717410d907f3ec5f3c3adb2e3c60d2d0287326d,agent-dev/manuscript_integration/20260729_v03_figure_set_integration/final_images/F5.png,375fbd6339ffe8f55e6503f9a717410d907f3ec5f3c3adb2e3c60d2d0287326d,match,manuscript_figures/20260728_posterior_strategy_figure_set/F5/polishing/scripts/polish_figures.R,"Day-6 counts of posterior draws supporting high-ploidy enrichment for every strategy at 1x seeding, shown separately for each of four cell lines and pooled across five Pareto models; 0AA omitted.",data/modelling/gpath_v1/red_a30_counts_20260722/derived/posterior/strategy_simulations/runs/seed3density_7g_xxx_xcc_axax_20260727/manifest.tsv;data/modelling/gpath_v1/red_a30_counts_20260722/derived/posterior/strategy_simulations/runs/seed3density_7g_xxx_xcc_axax_20260727/validation.json,manuscript_figures/20260728_posterior_strategy_figure_set/F5/polishing/layout/layout_plan.csv,manuscript_figures/20260728_posterior_strategy_figure_set/F5/polishing/subpanels/figure_5d.png,agent-dev/manuscript_integration/20260729_v03_figure_set_integration/semantic_interpretations/F5_d.md
Figure 5,e,F5,Figure 5,NA,manuscript_figures/20260728_posterior_strategy_figure_set/F5/polishing,NA,NA,manuscript_figures/20260728_posterior_strategy_figure_set/F5/polishing/final_images/figure_5.png,375fbd6339ffe8f55e6503f9a717410d907f3ec5f3c3adb2e3c60d2d0287326d,agent-dev/manuscript_integration/20260729_v03_figure_set_integration/package_rebuilds/posterior_strategy_F5/final_images/figure_5.png,375fbd6339ffe8f55e6503f9a717410d907f3ec5f3c3adb2e3c60d2d0287326d,agent-dev/manuscript_integration/20260729_v03_figure_set_integration/final_images/F5.png,375fbd6339ffe8f55e6503f9a717410d907f3ec5f3c3adb2e3c60d2d0287326d,agent-dev/manuscript_integration/20260729_v03_figure_set_integration/final_images/F5.png,375fbd6339ffe8f55e6503f9a717410d907f3ec5f3c3adb2e3c60d2d0287326d,match,manuscript_figures/20260728_posterior_strategy_figure_set/F5/polishing/scripts/polish_figures.R,"Posterior-median paths of strategies 0CC, 5CC, and 111 through glucose-R2 high-minus-low growth landscapes for four cell lines and five Pareto models, displayed on an asinh glucose axis with exact zero-inclusive surfaces.",data/modelling/gpath_v1/red_a30_counts_20260722/derived/posterior/strategy_simulations/runs/seed3density_7g_xxx_xcc_axax_20260727/manifest.tsv;data/modelling/gpath_v1/red_a30_counts_20260722/derived/posterior/strategy_simulations/runs/seed3density_7g_xxx_xcc_axax_20260727/validation.json;data/modelling/gpath_v1/red_a30_counts_20260722/derived/plans/prediction_tasks.tsv;data/modelling/gpath_v1/red_a30_counts_20260722/datasets/loo_exclude_sum_159_fuse/stan_data.Rds,manuscript_figures/20260728_posterior_strategy_figure_set/F5/polishing/layout/layout_plan.csv,manuscript_figures/20260728_posterior_strategy_figure_set/F5/polishing/subpanels/figure_5e.png,agent-dev/manuscript_integration/20260729_v03_figure_set_integration/semantic_interpretations/F5_e.md
Figure 5,f,F5,Figure 5,NA,manuscript_figures/20260728_posterior_strategy_figure_set/F5/polishing,NA,NA,manuscript_figures/20260728_posterior_strategy_figure_set/F5/polishing/final_images/figure_5.png,375fbd6339ffe8f55e6503f9a717410d907f3ec5f3c3adb2e3c60d2d0287326d,agent-dev/manuscript_integration/20260729_v03_figure_set_integration/package_rebuilds/posterior_strategy_F5/final_images/figure_5.png,375fbd6339ffe8f55e6503f9a717410d907f3ec5f3c3adb2e3c60d2d0287326d,agent-dev/manuscript_integration/20260729_v03_figure_set_integration/final_images/F5.png,375fbd6339ffe8f55e6503f9a717410d907f3ec5f3c3adb2e3c60d2d0287326d,agent-dev/manuscript_integration/20260729_v03_figure_set_integration/final_images/F5.png,375fbd6339ffe8f55e6503f9a717410d907f3ec5f3c3adb2e3c60d2d0287326d,match,manuscript_figures/20260728_posterior_strategy_figure_set/F5/polishing/scripts/polish_figures.R,"Posterior-median low- and high-ploidy live-cell trajectories for the same strategies, lines, models, fit context, and seeding density.",data/modelling/gpath_v1/red_a30_counts_20260722/derived/posterior/strategy_simulations/runs/seed3density_7g_xxx_xcc_axax_20260727/manifest.tsv;data/modelling/gpath_v1/red_a30_counts_20260722/derived/posterior/strategy_simulations/runs/seed3density_7g_xxx_xcc_axax_20260727/validation.json,manuscript_figures/20260728_posterior_strategy_figure_set/F5/polishing/layout/layout_plan.csv,manuscript_figures/20260728_posterior_strategy_figure_set/F5/polishing/subpanels/figure_5f.png,agent-dev/manuscript_integration/20260729_v03_figure_set_integration/semantic_interpretations/F5_f.md
Figure 5,g,F5,Figure 5,NA,manuscript_figures/20260728_posterior_strategy_figure_set/F5/polishing,NA,NA,manuscript_figures/20260728_posterior_strategy_figure_set/F5/polishing/final_images/figure_5.png,375fbd6339ffe8f55e6503f9a717410d907f3ec5f3c3adb2e3c60d2d0287326d,agent-dev/manuscript_integration/20260729_v03_figure_set_integration/package_rebuilds/posterior_strategy_F5/final_images/figure_5.png,375fbd6339ffe8f55e6503f9a717410d907f3ec5f3c3adb2e3c60d2d0287326d,agent-dev/manuscript_integration/20260729_v03_figure_set_integration/final_images/F5.png,375fbd6339ffe8f55e6503f9a717410d907f3ec5f3c3adb2e3c60d2d0287326d,agent-dev/manuscript_integration/20260729_v03_figure_set_integration/final_images/F5.png,375fbd6339ffe8f55e6503f9a717410d907f3ec5f3c3adb2e3c60d2d0287326d,match,manuscript_figures/20260728_posterior_strategy_figure_set/F5/polishing/scripts/polish_figures.R,"Posterior-median instantaneous low- and high-ploidy net-growth rates for the same strategies, lines, models, fit context, and seeding density.",data/modelling/gpath_v1/red_a30_counts_20260722/derived/posterior/strategy_simulations/runs/seed3density_7g_xxx_xcc_axax_20260727/manifest.tsv;data/modelling/gpath_v1/red_a30_counts_20260722/derived/posterior/strategy_simulations/runs/seed3density_7g_xxx_xcc_axax_20260727/validation.json;data/modelling/gpath_v1/red_a30_counts_20260722/derived/plans/prediction_tasks.tsv;data/modelling/gpath_v1/red_a30_counts_20260722/datasets/loo_exclude_sum_159_fuse/stan_data.Rds,manuscript_figures/20260728_posterior_strategy_figure_set/F5/polishing/layout/layout_plan.csv,manuscript_figures/20260728_posterior_strategy_figure_set/F5/polishing/subpanels/figure_5g.png,agent-dev/manuscript_integration/20260729_v03_figure_set_integration/semantic_interpretations/F5_g.md
Figure S1,a,S1,Figure S1,NA,manuscript_figures/20260722T141236_resegmentation_fix,Figure S1,a,manuscript_figures/20260722T141236_resegmentation_fix/final_images/figure_s1.png,b910b61f5dc0cafbcacfe2b1232bb45820ce1945606a10809376fb7cae06511f,agent-dev/manuscript_integration/20260729_v03_figure_set_integration/package_rebuilds/resegmentation_core/final_images/figure_s1.png,b910b61f5dc0cafbcacfe2b1232bb45820ce1945606a10809376fb7cae06511f,agent-dev/manuscript_integration/20260729_v03_figure_set_integration/final_images/S1.png,b910b61f5dc0cafbcacfe2b1232bb45820ce1945606a10809376fb7cae06511f,agent-dev/manuscript_integration/20260729_v03_figure_set_integration/final_images/S1.png,b910b61f5dc0cafbcacfe2b1232bb45820ce1945606a10809376fb7cae06511f,match,manuscript_figures/20260722T141236_resegmentation_fix/scripts/polish_figures.R;manuscript_figures/20260722T141236_resegmentation_fix/scripts/recycled_constructors.R,All-line live dead and extracellular-glucose trajectory atlas,data/modelling/gpath_v1/red_a30_counts_20260722/datasets/all_lines/stan_data.Rds,manuscript_figures/20260722T141236_resegmentation_fix/layout/layout_plan.csv,manuscript_figures/20260722T141236_resegmentation_fix/subpanels/figure_s1_a.png,agent-dev/manuscript_integration/20260729_v03_figure_set_integration/semantic_interpretations/S1_a.md
Figure S2,a,S2,Figure S2,NA,manuscript_figures/20260722T141236_resegmentation_fix,Figure S2,a,manuscript_figures/20260722T141236_resegmentation_fix/final_images/figure_s2.png,8a8ff36cf20449ba3372d7740ca4ab2cfc43b603a28fde870b4367e66abb6f6e,agent-dev/manuscript_integration/20260729_v03_figure_set_integration/package_rebuilds/resegmentation_core/final_images/figure_s2.png,8a8ff36cf20449ba3372d7740ca4ab2cfc43b603a28fde870b4367e66abb6f6e,agent-dev/manuscript_integration/20260729_v03_figure_set_integration/final_images/S2.png,8a8ff36cf20449ba3372d7740ca4ab2cfc43b603a28fde870b4367e66abb6f6e,agent-dev/manuscript_integration/20260729_v03_figure_set_integration/final_images/S2.png,8a8ff36cf20449ba3372d7740ca4ab2cfc43b603a28fde870b4367e66abb6f6e,match,manuscript_figures/20260722T141236_resegmentation_fix/scripts/polish_figures.R;manuscript_figures/20260722T141236_resegmentation_fix/scripts/recycled_constructors.R,Manual alive points versus mapped alive objects,data/modelling/gpath_v1/red_a30_counts_20260722/datasets/all_lines/stan_data.Rds;data/image_processing_validation/segmentation_classifier_90frame/20260722,manuscript_figures/20260722T141236_resegmentation_fix/layout/layout_plan.csv,manuscript_figures/20260722T141236_resegmentation_fix/subpanels/figure_s2_a.png,agent-dev/manuscript_integration/20260729_v03_figure_set_integration/semantic_interpretations/S2_a.md
Figure S2,b,S2,Figure S2,NA,manuscript_figures/20260722T141236_resegmentation_fix,Figure S2,b,manuscript_figures/20260722T141236_resegmentation_fix/final_images/figure_s2.png,8a8ff36cf20449ba3372d7740ca4ab2cfc43b603a28fde870b4367e66abb6f6e,agent-dev/manuscript_integration/20260729_v03_figure_set_integration/package_rebuilds/resegmentation_core/final_images/figure_s2.png,8a8ff36cf20449ba3372d7740ca4ab2cfc43b603a28fde870b4367e66abb6f6e,agent-dev/manuscript_integration/20260729_v03_figure_set_integration/final_images/S2.png,8a8ff36cf20449ba3372d7740ca4ab2cfc43b603a28fde870b4367e66abb6f6e,agent-dev/manuscript_integration/20260729_v03_figure_set_integration/final_images/S2.png,8a8ff36cf20449ba3372d7740ca4ab2cfc43b603a28fde870b4367e66abb6f6e,match,manuscript_figures/20260722T141236_resegmentation_fix/scripts/polish_figures.R;manuscript_figures/20260722T141236_resegmentation_fix/scripts/recycled_constructors.R,Object-level classifier validation metrics,data/modelling/gpath_v1/red_a30_counts_20260722/datasets/all_lines/stan_data.Rds;data/image_processing_validation/segmentation_classifier_90frame/20260722,manuscript_figures/20260722T141236_resegmentation_fix/layout/layout_plan.csv,manuscript_figures/20260722T141236_resegmentation_fix/subpanels/figure_s2_b.png,agent-dev/manuscript_integration/20260729_v03_figure_set_integration/semantic_interpretations/S2_b.md
Figure S2,c,S2,Figure S2,NA,manuscript_figures/20260722T141236_resegmentation_fix,Figure S2,c,manuscript_figures/20260722T141236_resegmentation_fix/final_images/figure_s2.png,8a8ff36cf20449ba3372d7740ca4ab2cfc43b603a28fde870b4367e66abb6f6e,agent-dev/manuscript_integration/20260729_v03_figure_set_integration/package_rebuilds/resegmentation_core/final_images/figure_s2.png,8a8ff36cf20449ba3372d7740ca4ab2cfc43b603a28fde870b4367e66abb6f6e,agent-dev/manuscript_integration/20260729_v03_figure_set_integration/final_images/S2.png,8a8ff36cf20449ba3372d7740ca4ab2cfc43b603a28fde870b4367e66abb6f6e,agent-dev/manuscript_integration/20260729_v03_figure_set_integration/final_images/S2.png,8a8ff36cf20449ba3372d7740ca4ab2cfc43b603a28fde870b4367e66abb6f6e,match,manuscript_figures/20260722T141236_resegmentation_fix/scripts/polish_figures.R;manuscript_figures/20260722T141236_resegmentation_fix/scripts/recycled_constructors.R,Count and glucose measurement coverage,data/modelling/gpath_v1/red_a30_counts_20260722/datasets/all_lines/stan_data.Rds;data/image_processing_validation/segmentation_classifier_90frame/20260722,manuscript_figures/20260722T141236_resegmentation_fix/layout/layout_plan.csv,manuscript_figures/20260722T141236_resegmentation_fix/subpanels/figure_s2_c.png,agent-dev/manuscript_integration/20260729_v03_figure_set_integration/semantic_interpretations/S2_c.md
Figure S2,d,S2,Figure S2,NA,manuscript_figures/20260722T141236_resegmentation_fix,Figure S2,d,manuscript_figures/20260722T141236_resegmentation_fix/final_images/figure_s2.png,8a8ff36cf20449ba3372d7740ca4ab2cfc43b603a28fde870b4367e66abb6f6e,agent-dev/manuscript_integration/20260729_v03_figure_set_integration/package_rebuilds/resegmentation_core/final_images/figure_s2.png,8a8ff36cf20449ba3372d7740ca4ab2cfc43b603a28fde870b4367e66abb6f6e,agent-dev/manuscript_integration/20260729_v03_figure_set_integration/final_images/S2.png,8a8ff36cf20449ba3372d7740ca4ab2cfc43b603a28fde870b4367e66abb6f6e,agent-dev/manuscript_integration/20260729_v03_figure_set_integration/final_images/S2.png,8a8ff36cf20449ba3372d7740ca4ab2cfc43b603a28fde870b4367e66abb6f6e,match,manuscript_figures/20260722T141236_resegmentation_fix/scripts/polish_figures.R;manuscript_figures/20260722T141236_resegmentation_fix/scripts/recycled_constructors.R,Glucose censoring by condition,data/modelling/gpath_v1/red_a30_counts_20260722/datasets/all_lines/stan_data.Rds;data/image_processing_validation/segmentation_classifier_90frame/20260722,manuscript_figures/20260722T141236_resegmentation_fix/layout/layout_plan.csv,manuscript_figures/20260722T141236_resegmentation_fix/subpanels/figure_s2_d.png,agent-dev/manuscript_integration/20260729_v03_figure_set_integration/semantic_interpretations/S2_d.md
Figure S2,e,S2,Figure S2,NA,manuscript_figures/20260722T141236_resegmentation_fix,Figure S2,e,manuscript_figures/20260722T141236_resegmentation_fix/final_images/figure_s2.png,8a8ff36cf20449ba3372d7740ca4ab2cfc43b603a28fde870b4367e66abb6f6e,agent-dev/manuscript_integration/20260729_v03_figure_set_integration/package_rebuilds/resegmentation_core/final_images/figure_s2.png,8a8ff36cf20449ba3372d7740ca4ab2cfc43b603a28fde870b4367e66abb6f6e,agent-dev/manuscript_integration/20260729_v03_figure_set_integration/final_images/S2.png,8a8ff36cf20449ba3372d7740ca4ab2cfc43b603a28fde870b4367e66abb6f6e,agent-dev/manuscript_integration/20260729_v03_figure_set_integration/final_images/S2.png,8a8ff36cf20449ba3372d7740ca4ab2cfc43b603a28fde870b4367e66abb6f6e,match,manuscript_figures/20260722T141236_resegmentation_fix/scripts/polish_figures.R;manuscript_figures/20260722T141236_resegmentation_fix/scripts/recycled_constructors.R,Glucose calibration standards and fixed fits,data/modelling/gpath_v1/red_a30_counts_20260722/datasets/all_lines/stan_data.Rds;data/image_processing_validation/segmentation_classifier_90frame/20260722,manuscript_figures/20260722T141236_resegmentation_fix/layout/layout_plan.csv,manuscript_figures/20260722T141236_resegmentation_fix/subpanels/figure_s2_e.png,agent-dev/manuscript_integration/20260729_v03_figure_set_integration/semantic_interpretations/S2_e.md
Figure S2,f,S2,Figure S2,NA,manuscript_figures/20260722T141236_resegmentation_fix,Figure S2,f,manuscript_figures/20260722T141236_resegmentation_fix/final_images/figure_s2.png,8a8ff36cf20449ba3372d7740ca4ab2cfc43b603a28fde870b4367e66abb6f6e,agent-dev/manuscript_integration/20260729_v03_figure_set_integration/package_rebuilds/resegmentation_core/final_images/figure_s2.png,8a8ff36cf20449ba3372d7740ca4ab2cfc43b603a28fde870b4367e66abb6f6e,agent-dev/manuscript_integration/20260729_v03_figure_set_integration/final_images/S2.png,8a8ff36cf20449ba3372d7740ca4ab2cfc43b603a28fde870b4367e66abb6f6e,agent-dev/manuscript_integration/20260729_v03_figure_set_integration/final_images/S2.png,8a8ff36cf20449ba3372d7740ca4ab2cfc43b603a28fde870b4367e66abb6f6e,match,manuscript_figures/20260722T141236_resegmentation_fix/scripts/polish_figures.R;manuscript_figures/20260722T141236_resegmentation_fix/scripts/recycled_constructors.R,Glucose calibration residuals,data/modelling/gpath_v1/red_a30_counts_20260722/datasets/all_lines/stan_data.Rds;data/image_processing_validation/segmentation_classifier_90frame/20260722,manuscript_figures/20260722T141236_resegmentation_fix/layout/layout_plan.csv,manuscript_figures/20260722T141236_resegmentation_fix/subpanels/figure_s2_f.png,agent-dev/manuscript_integration/20260729_v03_figure_set_integration/semantic_interpretations/S2_f.md
Figure S2,g,S2,Figure S2,NA,manuscript_figures/20260722T141236_resegmentation_fix,Figure S2,g,manuscript_figures/20260722T141236_resegmentation_fix/final_images/figure_s2.png,8a8ff36cf20449ba3372d7740ca4ab2cfc43b603a28fde870b4367e66abb6f6e,agent-dev/manuscript_integration/20260729_v03_figure_set_integration/package_rebuilds/resegmentation_core/final_images/figure_s2.png,8a8ff36cf20449ba3372d7740ca4ab2cfc43b603a28fde870b4367e66abb6f6e,agent-dev/manuscript_integration/20260729_v03_figure_set_integration/final_images/S2.png,8a8ff36cf20449ba3372d7740ca4ab2cfc43b603a28fde870b4367e66abb6f6e,agent-dev/manuscript_integration/20260729_v03_figure_set_integration/final_images/S2.png,8a8ff36cf20449ba3372d7740ca4ab2cfc43b603a28fde870b4367e66abb6f6e,match,manuscript_figures/20260722T141236_resegmentation_fix/scripts/polish_figures.R;manuscript_figures/20260722T141236_resegmentation_fix/scripts/recycled_constructors.R,Glucose calibration fit error by batch,data/modelling/gpath_v1/red_a30_counts_20260722/datasets/all_lines/stan_data.Rds;data/image_processing_validation/segmentation_classifier_90frame/20260722,manuscript_figures/20260722T141236_resegmentation_fix/layout/layout_plan.csv,manuscript_figures/20260722T141236_resegmentation_fix/subpanels/figure_s2_g.png,agent-dev/manuscript_integration/20260729_v03_figure_set_integration/semantic_interpretations/S2_g.md
Figure S3,a,S3,Figure S3,NA,manuscript_figures/20260722T141236_resegmentation_fix,Figure S3,a,manuscript_figures/20260722T141236_resegmentation_fix/final_images/figure_s3.png,5351f8591952344b17033e12b706a6f39119c1c77e5ddf2f18a1d567d1e26bdf,agent-dev/manuscript_integration/20260729_v03_figure_set_integration/package_rebuilds/resegmentation_core/final_images/figure_s3.png,5351f8591952344b17033e12b706a6f39119c1c77e5ddf2f18a1d567d1e26bdf,agent-dev/manuscript_integration/20260729_v03_figure_set_integration/final_images/S3.png,5351f8591952344b17033e12b706a6f39119c1c77e5ddf2f18a1d567d1e26bdf,agent-dev/manuscript_integration/20260729_v03_figure_set_integration/final_images/S3.png,5351f8591952344b17033e12b706a6f39119c1c77e5ddf2f18a1d567d1e26bdf,match,manuscript_figures/20260722T141236_resegmentation_fix/scripts/polish_figures.R;manuscript_figures/20260722T141236_resegmentation_fix/scripts/recycled_constructors.R,All-line raw feature pairs by ploidy,data/empirical_features/20260722/model_free_features.Rds,manuscript_figures/20260722T141236_resegmentation_fix/layout/layout_plan.csv,manuscript_figures/20260722T141236_resegmentation_fix/subpanels/figure_s3_a.png,agent-dev/manuscript_integration/20260729_v03_figure_set_integration/semantic_interpretations/S3_a.md
Figure S4,a,S4,Figure S4,NA,manuscript_figures/20260722T141236_resegmentation_fix,Figure S4,a,manuscript_figures/20260722T141236_resegmentation_fix/final_images/figure_s4.png,bb7d2b56c57c53513d7cca3bbaf2bbf13eac74bf1ee6b6f7d1ddad753828490b,agent-dev/manuscript_integration/20260729_v03_figure_set_integration/package_rebuilds/resegmentation_core/final_images/figure_s4.png,bb7d2b56c57c53513d7cca3bbaf2bbf13eac74bf1ee6b6f7d1ddad753828490b,agent-dev/manuscript_integration/20260729_v03_figure_set_integration/final_images/S4.png,bb7d2b56c57c53513d7cca3bbaf2bbf13eac74bf1ee6b6f7d1ddad753828490b,agent-dev/manuscript_integration/20260729_v03_figure_set_integration/final_images/S4.png,bb7d2b56c57c53513d7cca3bbaf2bbf13eac74bf1ee6b6f7d1ddad753828490b,match,manuscript_figures/20260722T141236_resegmentation_fix/scripts/polish_figures.R;manuscript_figures/20260722T141236_resegmentation_fix/scripts/recycled_constructors.R,All-line condition-level direct-feature construction,data/empirical_features/20260722/model_free_features.Rds,manuscript_figures/20260722T141236_resegmentation_fix/layout/layout_plan.csv,manuscript_figures/20260722T141236_resegmentation_fix/subpanels/figure_s4_a.png,agent-dev/manuscript_integration/20260729_v03_figure_set_integration/semantic_interpretations/S4_a.md
Figure S5,a,S5,Figure S5,NA,manuscript_figures/20260722T141236_resegmentation_fix,Figure S5,a,manuscript_figures/20260722T141236_resegmentation_fix/final_images/figure_s5.png,28bf2174f3e68f5041520fe4152cac97a8341477817bf7d14f54f9a2a9a7500b,agent-dev/manuscript_integration/20260729_v03_figure_set_integration/package_rebuilds/mechanistic_diagnostics/final_images/figure_s5.png,28bf2174f3e68f5041520fe4152cac97a8341477817bf7d14f54f9a2a9a7500b,agent-dev/manuscript_integration/20260729_v03_figure_set_integration/final_images/S5.png,28bf2174f3e68f5041520fe4152cac97a8341477817bf7d14f54f9a2a9a7500b,agent-dev/manuscript_integration/20260729_v03_figure_set_integration/final_images/S5.png,28bf2174f3e68f5041520fe4152cac97a8341477817bf7d14f54f9a2a9a7500b,match,manuscript_figures/20260722T141236_resegmentation_fix/package_scripts/FG3_mechanistic_diagnostics/polish_figures.R,panel_s5a,data/modelling/gpath_v1/red_a30_counts_20260722/derived/optimization/assessment.Rds;data/modelling/gpath_v1/red_a30_counts_20260722/derived/posterior/qc.Rds;data/modelling/gpath_v1/red_a30_counts_20260722/derived/posterior/predictions/all_lines;data/modelling/gpath_v1/red_a30_counts_20260722/datasets/all_lines/stan_data.Rds,NA,NA,agent-dev/manuscript_integration/20260729_v03_figure_set_integration/semantic_interpretations/S5_a.md
Figure S5,b,S5,Figure S5,NA,manuscript_figures/20260722T141236_resegmentation_fix,Figure S5,b,manuscript_figures/20260722T141236_resegmentation_fix/final_images/figure_s5.png,28bf2174f3e68f5041520fe4152cac97a8341477817bf7d14f54f9a2a9a7500b,agent-dev/manuscript_integration/20260729_v03_figure_set_integration/package_rebuilds/mechanistic_diagnostics/final_images/figure_s5.png,28bf2174f3e68f5041520fe4152cac97a8341477817bf7d14f54f9a2a9a7500b,agent-dev/manuscript_integration/20260729_v03_figure_set_integration/final_images/S5.png,28bf2174f3e68f5041520fe4152cac97a8341477817bf7d14f54f9a2a9a7500b,agent-dev/manuscript_integration/20260729_v03_figure_set_integration/final_images/S5.png,28bf2174f3e68f5041520fe4152cac97a8341477817bf7d14f54f9a2a9a7500b,match,manuscript_figures/20260722T141236_resegmentation_fix/package_scripts/FG3_mechanistic_diagnostics/polish_figures.R,panel_s5b,data/modelling/gpath_v1/red_a30_counts_20260722/derived/optimization/assessment.Rds;data/modelling/gpath_v1/red_a30_counts_20260722/derived/posterior/qc.Rds;data/modelling/gpath_v1/red_a30_counts_20260722/derived/posterior/predictions/all_lines;data/modelling/gpath_v1/red_a30_counts_20260722/datasets/all_lines/stan_data.Rds,NA,NA,agent-dev/manuscript_integration/20260729_v03_figure_set_integration/semantic_interpretations/S5_b.md
Figure S5,c,S5,Figure S5,NA,manuscript_figures/20260722T141236_resegmentation_fix,Figure S5,c,manuscript_figures/20260722T141236_resegmentation_fix/final_images/figure_s5.png,28bf2174f3e68f5041520fe4152cac97a8341477817bf7d14f54f9a2a9a7500b,agent-dev/manuscript_integration/20260729_v03_figure_set_integration/package_rebuilds/mechanistic_diagnostics/final_images/figure_s5.png,28bf2174f3e68f5041520fe4152cac97a8341477817bf7d14f54f9a2a9a7500b,agent-dev/manuscript_integration/20260729_v03_figure_set_integration/final_images/S5.png,28bf2174f3e68f5041520fe4152cac97a8341477817bf7d14f54f9a2a9a7500b,agent-dev/manuscript_integration/20260729_v03_figure_set_integration/final_images/S5.png,28bf2174f3e68f5041520fe4152cac97a8341477817bf7d14f54f9a2a9a7500b,match,manuscript_figures/20260722T141236_resegmentation_fix/package_scripts/FG3_mechanistic_diagnostics/polish_figures.R,panel_s5c,data/modelling/gpath_v1/red_a30_counts_20260722/derived/optimization/assessment.Rds;data/modelling/gpath_v1/red_a30_counts_20260722/derived/posterior/qc.Rds;data/modelling/gpath_v1/red_a30_counts_20260722/derived/posterior/predictions/all_lines;data/modelling/gpath_v1/red_a30_counts_20260722/datasets/all_lines/stan_data.Rds,NA,NA,agent-dev/manuscript_integration/20260729_v03_figure_set_integration/semantic_interpretations/S5_c.md
Figure S6,a,S6,Figure S6,NA,manuscript_figures/20260722T141236_resegmentation_fix,Figure S6,a,manuscript_figures/20260722T141236_resegmentation_fix/final_images/figure_s6.png,d1119af9f26a738fc96a4455cb18b11b3377fafa6f2a8c9405aa7fd524c19806,agent-dev/manuscript_integration/20260729_v03_figure_set_integration/package_rebuilds/mechanistic_diagnostics/final_images/figure_s6.png,d1119af9f26a738fc96a4455cb18b11b3377fafa6f2a8c9405aa7fd524c19806,agent-dev/manuscript_integration/20260729_v03_figure_set_integration/final_images/S6.png,d1119af9f26a738fc96a4455cb18b11b3377fafa6f2a8c9405aa7fd524c19806,agent-dev/manuscript_integration/20260729_v03_figure_set_integration/final_images/S6.png,d1119af9f26a738fc96a4455cb18b11b3377fafa6f2a8c9405aa7fd524c19806,match,manuscript_figures/20260722T141236_resegmentation_fix/package_scripts/FG3_mechanistic_diagnostics/polish_figures.R,s6_panels[[1]],data/modelling/gpath_v1/red_a30_counts_20260722/derived/optimization/assessment.Rds;data/modelling/gpath_v1/red_a30_counts_20260722/derived/posterior/qc.Rds;data/modelling/gpath_v1/red_a30_counts_20260722/derived/posterior/predictions/all_lines;data/modelling/gpath_v1/red_a30_counts_20260722/datasets/all_lines/stan_data.Rds,NA,NA,agent-dev/manuscript_integration/20260729_v03_figure_set_integration/semantic_interpretations/S6_a.md
Figure S6,b,S6,Figure S6,NA,manuscript_figures/20260722T141236_resegmentation_fix,Figure S6,b,manuscript_figures/20260722T141236_resegmentation_fix/final_images/figure_s6.png,d1119af9f26a738fc96a4455cb18b11b3377fafa6f2a8c9405aa7fd524c19806,agent-dev/manuscript_integration/20260729_v03_figure_set_integration/package_rebuilds/mechanistic_diagnostics/final_images/figure_s6.png,d1119af9f26a738fc96a4455cb18b11b3377fafa6f2a8c9405aa7fd524c19806,agent-dev/manuscript_integration/20260729_v03_figure_set_integration/final_images/S6.png,d1119af9f26a738fc96a4455cb18b11b3377fafa6f2a8c9405aa7fd524c19806,agent-dev/manuscript_integration/20260729_v03_figure_set_integration/final_images/S6.png,d1119af9f26a738fc96a4455cb18b11b3377fafa6f2a8c9405aa7fd524c19806,match,manuscript_figures/20260722T141236_resegmentation_fix/package_scripts/FG3_mechanistic_diagnostics/polish_figures.R,s6_panels[[2]],data/modelling/gpath_v1/red_a30_counts_20260722/derived/optimization/assessment.Rds;data/modelling/gpath_v1/red_a30_counts_20260722/derived/posterior/qc.Rds;data/modelling/gpath_v1/red_a30_counts_20260722/derived/posterior/predictions/all_lines;data/modelling/gpath_v1/red_a30_counts_20260722/datasets/all_lines/stan_data.Rds,NA,NA,agent-dev/manuscript_integration/20260729_v03_figure_set_integration/semantic_interpretations/S6_b.md
Figure S6,c,S6,Figure S6,NA,manuscript_figures/20260722T141236_resegmentation_fix,Figure S6,c,manuscript_figures/20260722T141236_resegmentation_fix/final_images/figure_s6.png,d1119af9f26a738fc96a4455cb18b11b3377fafa6f2a8c9405aa7fd524c19806,agent-dev/manuscript_integration/20260729_v03_figure_set_integration/package_rebuilds/mechanistic_diagnostics/final_images/figure_s6.png,d1119af9f26a738fc96a4455cb18b11b3377fafa6f2a8c9405aa7fd524c19806,agent-dev/manuscript_integration/20260729_v03_figure_set_integration/final_images/S6.png,d1119af9f26a738fc96a4455cb18b11b3377fafa6f2a8c9405aa7fd524c19806,agent-dev/manuscript_integration/20260729_v03_figure_set_integration/final_images/S6.png,d1119af9f26a738fc96a4455cb18b11b3377fafa6f2a8c9405aa7fd524c19806,match,manuscript_figures/20260722T141236_resegmentation_fix/package_scripts/FG3_mechanistic_diagnostics/polish_figures.R,s6_panels[[3]],data/modelling/gpath_v1/red_a30_counts_20260722/derived/optimization/assessment.Rds;data/modelling/gpath_v1/red_a30_counts_20260722/derived/posterior/qc.Rds;data/modelling/gpath_v1/red_a30_counts_20260722/derived/posterior/predictions/all_lines;data/modelling/gpath_v1/red_a30_counts_20260722/datasets/all_lines/stan_data.Rds,NA,NA,agent-dev/manuscript_integration/20260729_v03_figure_set_integration/semantic_interpretations/S6_c.md
Figure S6,d,S6,Figure S6,NA,manuscript_figures/20260722T141236_resegmentation_fix,Figure S6,d,manuscript_figures/20260722T141236_resegmentation_fix/final_images/figure_s6.png,d1119af9f26a738fc96a4455cb18b11b3377fafa6f2a8c9405aa7fd524c19806,agent-dev/manuscript_integration/20260729_v03_figure_set_integration/package_rebuilds/mechanistic_diagnostics/final_images/figure_s6.png,d1119af9f26a738fc96a4455cb18b11b3377fafa6f2a8c9405aa7fd524c19806,agent-dev/manuscript_integration/20260729_v03_figure_set_integration/final_images/S6.png,d1119af9f26a738fc96a4455cb18b11b3377fafa6f2a8c9405aa7fd524c19806,agent-dev/manuscript_integration/20260729_v03_figure_set_integration/final_images/S6.png,d1119af9f26a738fc96a4455cb18b11b3377fafa6f2a8c9405aa7fd524c19806,match,manuscript_figures/20260722T141236_resegmentation_fix/package_scripts/FG3_mechanistic_diagnostics/polish_figures.R,s6_panels[[4]],data/modelling/gpath_v1/red_a30_counts_20260722/derived/optimization/assessment.Rds;data/modelling/gpath_v1/red_a30_counts_20260722/derived/posterior/qc.Rds;data/modelling/gpath_v1/red_a30_counts_20260722/derived/posterior/predictions/all_lines;data/modelling/gpath_v1/red_a30_counts_20260722/datasets/all_lines/stan_data.Rds,NA,NA,agent-dev/manuscript_integration/20260729_v03_figure_set_integration/semantic_interpretations/S6_d.md
Figure S6,e,S6,Figure S6,NA,manuscript_figures/20260722T141236_resegmentation_fix,Figure S6,e,manuscript_figures/20260722T141236_resegmentation_fix/final_images/figure_s6.png,d1119af9f26a738fc96a4455cb18b11b3377fafa6f2a8c9405aa7fd524c19806,agent-dev/manuscript_integration/20260729_v03_figure_set_integration/package_rebuilds/mechanistic_diagnostics/final_images/figure_s6.png,d1119af9f26a738fc96a4455cb18b11b3377fafa6f2a8c9405aa7fd524c19806,agent-dev/manuscript_integration/20260729_v03_figure_set_integration/final_images/S6.png,d1119af9f26a738fc96a4455cb18b11b3377fafa6f2a8c9405aa7fd524c19806,agent-dev/manuscript_integration/20260729_v03_figure_set_integration/final_images/S6.png,d1119af9f26a738fc96a4455cb18b11b3377fafa6f2a8c9405aa7fd524c19806,match,manuscript_figures/20260722T141236_resegmentation_fix/package_scripts/FG3_mechanistic_diagnostics/polish_figures.R,s6_panels[[5]],data/modelling/gpath_v1/red_a30_counts_20260722/derived/optimization/assessment.Rds;data/modelling/gpath_v1/red_a30_counts_20260722/derived/posterior/qc.Rds;data/modelling/gpath_v1/red_a30_counts_20260722/derived/posterior/predictions/all_lines;data/modelling/gpath_v1/red_a30_counts_20260722/datasets/all_lines/stan_data.Rds,NA,NA,agent-dev/manuscript_integration/20260729_v03_figure_set_integration/semantic_interpretations/S6_e.md
Figure S7,a,S7,Figure S7,NA,manuscript_figures/20260722T141236_resegmentation_fix,Figure S7,a,manuscript_figures/20260722T141236_resegmentation_fix/final_images/figure_s7.png,230fa9a90349b3d9beb22daa0a32253b86f5fb90b1626c981fda0af821e80f67,agent-dev/manuscript_integration/20260729_v03_figure_set_integration/package_rebuilds/mechanistic_diagnostics/final_images/figure_s7.png,230fa9a90349b3d9beb22daa0a32253b86f5fb90b1626c981fda0af821e80f67,agent-dev/manuscript_integration/20260729_v03_figure_set_integration/final_images/S7.png,230fa9a90349b3d9beb22daa0a32253b86f5fb90b1626c981fda0af821e80f67,agent-dev/manuscript_integration/20260729_v03_figure_set_integration/final_images/S7.png,230fa9a90349b3d9beb22daa0a32253b86f5fb90b1626c981fda0af821e80f67,match,manuscript_figures/20260722T141236_resegmentation_fix/package_scripts/FG3_mechanistic_diagnostics/polish_figures.R,s7$schematic,data/modelling/gpath_v1/red_a30_counts_20260722/derived/optimization/assessment.Rds;data/modelling/gpath_v1/red_a30_counts_20260722/derived/posterior/qc.Rds;data/modelling/gpath_v1/red_a30_counts_20260722/derived/posterior/predictions/all_lines;data/modelling/gpath_v1/red_a30_counts_20260722/datasets/all_lines/stan_data.Rds,NA,NA,agent-dev/manuscript_integration/20260729_v03_figure_set_integration/semantic_interpretations/S7_a.md
Figure S7,b,S7,Figure S7,NA,manuscript_figures/20260722T141236_resegmentation_fix,Figure S7,b,manuscript_figures/20260722T141236_resegmentation_fix/final_images/figure_s7.png,230fa9a90349b3d9beb22daa0a32253b86f5fb90b1626c981fda0af821e80f67,agent-dev/manuscript_integration/20260729_v03_figure_set_integration/package_rebuilds/mechanistic_diagnostics/final_images/figure_s7.png,230fa9a90349b3d9beb22daa0a32253b86f5fb90b1626c981fda0af821e80f67,agent-dev/manuscript_integration/20260729_v03_figure_set_integration/final_images/S7.png,230fa9a90349b3d9beb22daa0a32253b86f5fb90b1626c981fda0af821e80f67,agent-dev/manuscript_integration/20260729_v03_figure_set_integration/final_images/S7.png,230fa9a90349b3d9beb22daa0a32253b86f5fb90b1626c981fda0af821e80f67,match,manuscript_figures/20260722T141236_resegmentation_fix/package_scripts/FG3_mechanistic_diagnostics/polish_figures.R,s7$heatmap,data/modelling/gpath_v1/red_a30_counts_20260722/derived/optimization/assessment.Rds;data/modelling/gpath_v1/red_a30_counts_20260722/derived/posterior/qc.Rds;data/modelling/gpath_v1/red_a30_counts_20260722/derived/posterior/predictions/all_lines;data/modelling/gpath_v1/red_a30_counts_20260722/datasets/all_lines/stan_data.Rds,NA,NA,agent-dev/manuscript_integration/20260729_v03_figure_set_integration/semantic_interpretations/S7_b.md
Figure S7,c,S7,Figure S7,NA,manuscript_figures/20260722T141236_resegmentation_fix,Figure S7,c,manuscript_figures/20260722T141236_resegmentation_fix/final_images/figure_s7.png,230fa9a90349b3d9beb22daa0a32253b86f5fb90b1626c981fda0af821e80f67,agent-dev/manuscript_integration/20260729_v03_figure_set_integration/package_rebuilds/mechanistic_diagnostics/final_images/figure_s7.png,230fa9a90349b3d9beb22daa0a32253b86f5fb90b1626c981fda0af821e80f67,agent-dev/manuscript_integration/20260729_v03_figure_set_integration/final_images/S7.png,230fa9a90349b3d9beb22daa0a32253b86f5fb90b1626c981fda0af821e80f67,agent-dev/manuscript_integration/20260729_v03_figure_set_integration/final_images/S7.png,230fa9a90349b3d9beb22daa0a32253b86f5fb90b1626c981fda0af821e80f67,match,manuscript_figures/20260722T141236_resegmentation_fix/package_scripts/FG3_mechanistic_diagnostics/polish_figures.R,s7$case_c,data/modelling/gpath_v1/red_a30_counts_20260722/derived/optimization/assessment.Rds;data/modelling/gpath_v1/red_a30_counts_20260722/derived/posterior/qc.Rds;data/modelling/gpath_v1/red_a30_counts_20260722/derived/posterior/predictions/all_lines;data/modelling/gpath_v1/red_a30_counts_20260722/datasets/all_lines/stan_data.Rds,NA,NA,agent-dev/manuscript_integration/20260729_v03_figure_set_integration/semantic_interpretations/S7_c.md
Figure S7,d,S7,Figure S7,NA,manuscript_figures/20260722T141236_resegmentation_fix,Figure S7,d,manuscript_figures/20260722T141236_resegmentation_fix/final_images/figure_s7.png,230fa9a90349b3d9beb22daa0a32253b86f5fb90b1626c981fda0af821e80f67,agent-dev/manuscript_integration/20260729_v03_figure_set_integration/package_rebuilds/mechanistic_diagnostics/final_images/figure_s7.png,230fa9a90349b3d9beb22daa0a32253b86f5fb90b1626c981fda0af821e80f67,agent-dev/manuscript_integration/20260729_v03_figure_set_integration/final_images/S7.png,230fa9a90349b3d9beb22daa0a32253b86f5fb90b1626c981fda0af821e80f67,agent-dev/manuscript_integration/20260729_v03_figure_set_integration/final_images/S7.png,230fa9a90349b3d9beb22daa0a32253b86f5fb90b1626c981fda0af821e80f67,match,manuscript_figures/20260722T141236_resegmentation_fix/package_scripts/FG3_mechanistic_diagnostics/polish_figures.R,s7$case_d,data/modelling/gpath_v1/red_a30_counts_20260722/derived/optimization/assessment.Rds;data/modelling/gpath_v1/red_a30_counts_20260722/derived/posterior/qc.Rds;data/modelling/gpath_v1/red_a30_counts_20260722/derived/posterior/predictions/all_lines;data/modelling/gpath_v1/red_a30_counts_20260722/datasets/all_lines/stan_data.Rds,NA,NA,agent-dev/manuscript_integration/20260729_v03_figure_set_integration/semantic_interpretations/S7_d.md
Figure S8,a,S8,Figure S8,NA,manuscript_figures/20260722T141236_resegmentation_fix,Figure S8,a,manuscript_figures/20260722T141236_resegmentation_fix/final_images/figure_s8.png,e08cfd788072878a7d6c06ac78053b523aaa22fecac02cfd699e05a50c346058,agent-dev/manuscript_integration/20260729_v03_figure_set_integration/package_rebuilds/mechanistic_diagnostics/final_images/figure_s8.png,e08cfd788072878a7d6c06ac78053b523aaa22fecac02cfd699e05a50c346058,agent-dev/manuscript_integration/20260729_v03_figure_set_integration/final_images/S8.png,e08cfd788072878a7d6c06ac78053b523aaa22fecac02cfd699e05a50c346058,agent-dev/manuscript_integration/20260729_v03_figure_set_integration/final_images/S8.png,e08cfd788072878a7d6c06ac78053b523aaa22fecac02cfd699e05a50c346058,match,manuscript_figures/20260722T141236_resegmentation_fix/package_scripts/FG3_mechanistic_diagnostics/polish_figures.R,panel_s8a,data/modelling/gpath_v1/red_a30_counts_20260722/derived/optimization/assessment.Rds;data/modelling/gpath_v1/red_a30_counts_20260722/derived/posterior/qc.Rds;data/modelling/gpath_v1/red_a30_counts_20260722/derived/posterior/predictions/all_lines;data/modelling/gpath_v1/red_a30_counts_20260722/datasets/all_lines/stan_data.Rds,NA,NA,agent-dev/manuscript_integration/20260729_v03_figure_set_integration/semantic_interpretations/S8_a.md
Figure S8,b,S8,Figure S8,NA,manuscript_figures/20260722T141236_resegmentation_fix,Figure S8,b,manuscript_figures/20260722T141236_resegmentation_fix/final_images/figure_s8.png,e08cfd788072878a7d6c06ac78053b523aaa22fecac02cfd699e05a50c346058,agent-dev/manuscript_integration/20260729_v03_figure_set_integration/package_rebuilds/mechanistic_diagnostics/final_images/figure_s8.png,e08cfd788072878a7d6c06ac78053b523aaa22fecac02cfd699e05a50c346058,agent-dev/manuscript_integration/20260729_v03_figure_set_integration/final_images/S8.png,e08cfd788072878a7d6c06ac78053b523aaa22fecac02cfd699e05a50c346058,agent-dev/manuscript_integration/20260729_v03_figure_set_integration/final_images/S8.png,e08cfd788072878a7d6c06ac78053b523aaa22fecac02cfd699e05a50c346058,match,manuscript_figures/20260722T141236_resegmentation_fix/package_scripts/FG3_mechanistic_diagnostics/polish_figures.R,panel_s8b,data/modelling/gpath_v1/red_a30_counts_20260722/derived/optimization/assessment.Rds;data/modelling/gpath_v1/red_a30_counts_20260722/derived/posterior/qc.Rds;data/modelling/gpath_v1/red_a30_counts_20260722/derived/posterior/predictions/all_lines;data/modelling/gpath_v1/red_a30_counts_20260722/datasets/all_lines/stan_data.Rds,NA,NA,agent-dev/manuscript_integration/20260729_v03_figure_set_integration/semantic_interpretations/S8_b.md
Figure S9,a,S9,Figure S9,NA,manuscript_figures/20260722T141236_resegmentation_fix,Figure S9,a,manuscript_figures/20260722T141236_resegmentation_fix/final_images/figure_s9.png,07b898848b842e5a8d7185bd152e35fe4c5e8a3adcda3c86b3290d774b463d36,agent-dev/manuscript_integration/20260729_v03_figure_set_integration/package_rebuilds/mechanistic_diagnostics/final_images/figure_s9.png,07b898848b842e5a8d7185bd152e35fe4c5e8a3adcda3c86b3290d774b463d36,agent-dev/manuscript_integration/20260729_v03_figure_set_integration/final_images/S9.png,07b898848b842e5a8d7185bd152e35fe4c5e8a3adcda3c86b3290d774b463d36,agent-dev/manuscript_integration/20260729_v03_figure_set_integration/final_images/S9.png,07b898848b842e5a8d7185bd152e35fe4c5e8a3adcda3c86b3290d774b463d36,match,manuscript_figures/20260722T141236_resegmentation_fix/package_scripts/FG3_mechanistic_diagnostics/polish_figures.R,panel_s9,data/modelling/gpath_v1/red_a30_counts_20260722/derived/optimization/assessment.Rds;data/modelling/gpath_v1/red_a30_counts_20260722/derived/posterior/qc.Rds;data/modelling/gpath_v1/red_a30_counts_20260722/derived/posterior/predictions/all_lines;data/modelling/gpath_v1/red_a30_counts_20260722/datasets/all_lines/stan_data.Rds,NA,NA,agent-dev/manuscript_integration/20260729_v03_figure_set_integration/semantic_interpretations/S9_a.md
Figure S10,a,S10,Figure S10,NA,manuscript_figures/20260722T141236_resegmentation_fix,Figure S10,a,manuscript_figures/20260722T141236_resegmentation_fix/final_images/figure_s10.png,4033e89591214a5fa1f0427e8fc083cfed17576718aabce7c9072b6120f9a6d3,agent-dev/manuscript_integration/20260729_v03_figure_set_integration/package_rebuilds/posterior_size_context/final_images/figure_s10.png,4033e89591214a5fa1f0427e8fc083cfed17576718aabce7c9072b6120f9a6d3,agent-dev/manuscript_integration/20260729_v03_figure_set_integration/final_images/S10.png,4033e89591214a5fa1f0427e8fc083cfed17576718aabce7c9072b6120f9a6d3,agent-dev/manuscript_integration/20260729_v03_figure_set_integration/final_images/S10.png,4033e89591214a5fa1f0427e8fc083cfed17576718aabce7c9072b6120f9a6d3,match,manuscript_figures/20260722T141236_resegmentation_fix/package_scripts/FG4_posterior_size_context/polish_figures.R,p10a,data/modelling/gpath_v1/red_a30_counts_20260722/derived/posterior;data/modelling/gpath_v1/red_a30_counts_20260722/datasets;data/image_processing_runs/full_segmentation_classification_nuclear/run_20260721_163410/summaries/cell_nuclear_area_summaries.Rds,NA,NA,agent-dev/manuscript_integration/20260729_v03_figure_set_integration/semantic_interpretations/S10_a.md
Figure S10,b,S10,Figure S10,NA,manuscript_figures/20260722T141236_resegmentation_fix,Figure S10,b,manuscript_figures/20260722T141236_resegmentation_fix/final_images/figure_s10.png,4033e89591214a5fa1f0427e8fc083cfed17576718aabce7c9072b6120f9a6d3,agent-dev/manuscript_integration/20260729_v03_figure_set_integration/package_rebuilds/posterior_size_context/final_images/figure_s10.png,4033e89591214a5fa1f0427e8fc083cfed17576718aabce7c9072b6120f9a6d3,agent-dev/manuscript_integration/20260729_v03_figure_set_integration/final_images/S10.png,4033e89591214a5fa1f0427e8fc083cfed17576718aabce7c9072b6120f9a6d3,agent-dev/manuscript_integration/20260729_v03_figure_set_integration/final_images/S10.png,4033e89591214a5fa1f0427e8fc083cfed17576718aabce7c9072b6120f9a6d3,match,manuscript_figures/20260722T141236_resegmentation_fix/package_scripts/FG4_posterior_size_context/polish_figures.R,p10b,data/modelling/gpath_v1/red_a30_counts_20260722/derived/posterior;data/modelling/gpath_v1/red_a30_counts_20260722/datasets;data/image_processing_runs/full_segmentation_classification_nuclear/run_20260721_163410/summaries/cell_nuclear_area_summaries.Rds,NA,NA,agent-dev/manuscript_integration/20260729_v03_figure_set_integration/semantic_interpretations/S10_b.md
Figure S10,c,S10,Figure S10,NA,manuscript_figures/20260722T141236_resegmentation_fix,Figure S10,c,manuscript_figures/20260722T141236_resegmentation_fix/final_images/figure_s10.png,4033e89591214a5fa1f0427e8fc083cfed17576718aabce7c9072b6120f9a6d3,agent-dev/manuscript_integration/20260729_v03_figure_set_integration/package_rebuilds/posterior_size_context/final_images/figure_s10.png,4033e89591214a5fa1f0427e8fc083cfed17576718aabce7c9072b6120f9a6d3,agent-dev/manuscript_integration/20260729_v03_figure_set_integration/final_images/S10.png,4033e89591214a5fa1f0427e8fc083cfed17576718aabce7c9072b6120f9a6d3,agent-dev/manuscript_integration/20260729_v03_figure_set_integration/final_images/S10.png,4033e89591214a5fa1f0427e8fc083cfed17576718aabce7c9072b6120f9a6d3,match,manuscript_figures/20260722T141236_resegmentation_fix/package_scripts/FG4_posterior_size_context/polish_figures.R,p10c,data/modelling/gpath_v1/red_a30_counts_20260722/derived/posterior;data/modelling/gpath_v1/red_a30_counts_20260722/datasets;data/image_processing_runs/full_segmentation_classification_nuclear/run_20260721_163410/summaries/cell_nuclear_area_summaries.Rds,NA,NA,agent-dev/manuscript_integration/20260729_v03_figure_set_integration/semantic_interpretations/S10_c.md
Figure S11,a,S11,Figure S13,Figure S13,manuscript_figures/20260722T141236_resegmentation_fix,Figure S13,a,manuscript_figures/20260722T141236_resegmentation_fix/final_images/figure_s13.png,e7880a77d05a3824432984a47af9ebcf5e6aa554017c34aa722abaa832ce0b6c,agent-dev/manuscript_integration/20260729_v03_figure_set_integration/package_rebuilds/posterior_size_context/final_images/figure_s13.png,e7880a77d05a3824432984a47af9ebcf5e6aa554017c34aa722abaa832ce0b6c,agent-dev/manuscript_integration/20260729_v03_figure_set_integration/final_images/S11.png,e7880a77d05a3824432984a47af9ebcf5e6aa554017c34aa722abaa832ce0b6c,agent-dev/manuscript_integration/20260729_v03_figure_set_integration/final_images/S11.png,e7880a77d05a3824432984a47af9ebcf5e6aa554017c34aa722abaa832ce0b6c,match,manuscript_figures/20260722T141236_resegmentation_fix/package_scripts/FG4_posterior_size_context/polish_figures.R,p13,data/modelling/gpath_v1/red_a30_counts_20260722/derived/posterior;data/modelling/gpath_v1/red_a30_counts_20260722/datasets;data/image_processing_runs/full_segmentation_classification_nuclear/run_20260721_163410/summaries/cell_nuclear_area_summaries.Rds,NA,NA,agent-dev/manuscript_integration/20260729_v03_figure_set_integration/semantic_interpretations/S11_a.md
Figure S12,a,S12,Posterior strategy context supplement,Posterior strategy context supplement,manuscript_figures/20260728_posterior_strategy_figure_set/S_strategy_context_support/polishing,NA,NA,manuscript_figures/20260728_posterior_strategy_figure_set/S_strategy_context_support/polishing/final_images/posterior_strategy_context_support_median.png,5847234c059249428feb67384f95c9ffd37d2632be91dd9fa4edf60618afd6a6,agent-dev/manuscript_integration/20260729_v03_figure_set_integration/package_rebuilds/posterior_strategy_context/final_images/posterior_strategy_context_support_median.png,5847234c059249428feb67384f95c9ffd37d2632be91dd9fa4edf60618afd6a6,agent-dev/manuscript_integration/20260729_v03_figure_set_integration/final_images/S12.png,5847234c059249428feb67384f95c9ffd37d2632be91dd9fa4edf60618afd6a6,agent-dev/manuscript_integration/20260729_v03_figure_set_integration/final_images/S12.png,5847234c059249428feb67384f95c9ffd37d2632be91dd9fa4edf60618afd6a6,match,manuscript_figures/20260728_posterior_strategy_figure_set/S_strategy_context_support/polishing/scripts/polish_figures.R,"Four-line posterior support Pr(H/L > 1) for 20 strategies at days 4 and 6, across four included cell lines and five Pareto models.",data/modelling/gpath_v1/red_a30_counts_20260722/derived/posterior/strategy_simulations/runs/seed3density_7g_xxx_xcc_axax_20260727/validation.json;data/modelling/gpath_v1/red_a30_counts_20260722/derived/posterior/strategy_simulations/runs/seed3density_7g_xxx_xcc_axax_20260727/plans/tasks.tsv;data/modelling/gpath_v1/red_a30_counts_20260722/derived/posterior/strategy_simulations/runs/seed3density_7g_xxx_xcc_axax_20260727/schedule_index.tsv,manuscript_figures/20260728_posterior_strategy_figure_set/S_strategy_context_support/polishing/layout/layout_plan.csv,manuscript_figures/20260728_posterior_strategy_figure_set/S_strategy_context_support/polishing/subpanels/panel_a.png,agent-dev/manuscript_integration/20260729_v03_figure_set_integration/semantic_interpretations/S12_a.md
Figure S12,b,S12,Posterior strategy context supplement,Posterior strategy context supplement,manuscript_figures/20260728_posterior_strategy_figure_set/S_strategy_context_support/polishing,NA,NA,manuscript_figures/20260728_posterior_strategy_figure_set/S_strategy_context_support/polishing/final_images/posterior_strategy_context_support_median.png,5847234c059249428feb67384f95c9ffd37d2632be91dd9fa4edf60618afd6a6,agent-dev/manuscript_integration/20260729_v03_figure_set_integration/package_rebuilds/posterior_strategy_context/final_images/posterior_strategy_context_support_median.png,5847234c059249428feb67384f95c9ffd37d2632be91dd9fa4edf60618afd6a6,agent-dev/manuscript_integration/20260729_v03_figure_set_integration/final_images/S12.png,5847234c059249428feb67384f95c9ffd37d2632be91dd9fa4edf60618afd6a6,agent-dev/manuscript_integration/20260729_v03_figure_set_integration/final_images/S12.png,5847234c059249428feb67384f95c9ffd37d2632be91dd9fa4edf60618afd6a6,match,manuscript_figures/20260728_posterior_strategy_figure_set/S_strategy_context_support/polishing/scripts/polish_figures.R,"Four-line posterior median log(H/L) for the same strategies, days, lines, and models.",data/modelling/gpath_v1/red_a30_counts_20260722/derived/posterior/strategy_simulations/runs/seed3density_7g_xxx_xcc_axax_20260727/validation.json;data/modelling/gpath_v1/red_a30_counts_20260722/derived/posterior/strategy_simulations/runs/seed3density_7g_xxx_xcc_axax_20260727/plans/tasks.tsv;data/modelling/gpath_v1/red_a30_counts_20260722/derived/posterior/strategy_simulations/runs/seed3density_7g_xxx_xcc_axax_20260727/schedule_index.tsv,manuscript_figures/20260728_posterior_strategy_figure_set/S_strategy_context_support/polishing/layout/layout_plan.csv,manuscript_figures/20260728_posterior_strategy_figure_set/S_strategy_context_support/polishing/subpanels/panel_b.png,agent-dev/manuscript_integration/20260729_v03_figure_set_integration/semantic_interpretations/S12_b.md
Figure S12,c,S12,Posterior strategy context supplement,Posterior strategy context supplement,manuscript_figures/20260728_posterior_strategy_figure_set/S_strategy_context_support/polishing,NA,NA,manuscript_figures/20260728_posterior_strategy_figure_set/S_strategy_context_support/polishing/final_images/posterior_strategy_context_support_median.png,5847234c059249428feb67384f95c9ffd37d2632be91dd9fa4edf60618afd6a6,agent-dev/manuscript_integration/20260729_v03_figure_set_integration/package_rebuilds/posterior_strategy_context/final_images/posterior_strategy_context_support_median.png,5847234c059249428feb67384f95c9ffd37d2632be91dd9fa4edf60618afd6a6,agent-dev/manuscript_integration/20260729_v03_figure_set_integration/final_images/S12.png,5847234c059249428feb67384f95c9ffd37d2632be91dd9fa4edf60618afd6a6,agent-dev/manuscript_integration/20260729_v03_figure_set_integration/final_images/S12.png,5847234c059249428feb67384f95c9ffd37d2632be91dd9fa4edf60618afd6a6,match,manuscript_figures/20260728_posterior_strategy_figure_set/S_strategy_context_support/polishing/scripts/polish_figures.R,"All-line posterior support Pr(H/L > 1) for 20 strategies at days 4 and 6, across all five cell lines and five Pareto models.",data/modelling/gpath_v1/red_a30_counts_20260722/derived/posterior/strategy_simulations/runs/seed3density_7g_xxx_xcc_axax_20260727/validation.json;data/modelling/gpath_v1/red_a30_counts_20260722/derived/posterior/strategy_simulations/runs/seed3density_7g_xxx_xcc_axax_20260727/plans/tasks.tsv;data/modelling/gpath_v1/red_a30_counts_20260722/derived/posterior/strategy_simulations/runs/seed3density_7g_xxx_xcc_axax_20260727/schedule_index.tsv,manuscript_figures/20260728_posterior_strategy_figure_set/S_strategy_context_support/polishing/layout/layout_plan.csv,manuscript_figures/20260728_posterior_strategy_figure_set/S_strategy_context_support/polishing/subpanels/panel_c.png,agent-dev/manuscript_integration/20260729_v03_figure_set_integration/semantic_interpretations/S12_c.md
Figure S12,d,S12,Posterior strategy context supplement,Posterior strategy context supplement,manuscript_figures/20260728_posterior_strategy_figure_set/S_strategy_context_support/polishing,NA,NA,manuscript_figures/20260728_posterior_strategy_figure_set/S_strategy_context_support/polishing/final_images/posterior_strategy_context_support_median.png,5847234c059249428feb67384f95c9ffd37d2632be91dd9fa4edf60618afd6a6,agent-dev/manuscript_integration/20260729_v03_figure_set_integration/package_rebuilds/posterior_strategy_context/final_images/posterior_strategy_context_support_median.png,5847234c059249428feb67384f95c9ffd37d2632be91dd9fa4edf60618afd6a6,agent-dev/manuscript_integration/20260729_v03_figure_set_integration/final_images/S12.png,5847234c059249428feb67384f95c9ffd37d2632be91dd9fa4edf60618afd6a6,agent-dev/manuscript_integration/20260729_v03_figure_set_integration/final_images/S12.png,5847234c059249428feb67384f95c9ffd37d2632be91dd9fa4edf60618afd6a6,match,manuscript_figures/20260728_posterior_strategy_figure_set/S_strategy_context_support/polishing/scripts/polish_figures.R,"All-line posterior median log(H/L) for the same strategies, days, lines, and models.",data/modelling/gpath_v1/red_a30_counts_20260722/derived/posterior/strategy_simulations/runs/seed3density_7g_xxx_xcc_axax_20260727/validation.json;data/modelling/gpath_v1/red_a30_counts_20260722/derived/posterior/strategy_simulations/runs/seed3density_7g_xxx_xcc_axax_20260727/plans/tasks.tsv;data/modelling/gpath_v1/red_a30_counts_20260722/derived/posterior/strategy_simulations/runs/seed3density_7g_xxx_xcc_axax_20260727/schedule_index.tsv,manuscript_figures/20260728_posterior_strategy_figure_set/S_strategy_context_support/polishing/layout/layout_plan.csv,manuscript_figures/20260728_posterior_strategy_figure_set/S_strategy_context_support/polishing/subpanels/panel_d.png,agent-dev/manuscript_integration/20260729_v03_figure_set_integration/semantic_interpretations/S12_d.md
Figure S12,e,S12,Posterior strategy context supplement,Posterior strategy context supplement,manuscript_figures/20260728_posterior_strategy_figure_set/S_strategy_context_support/polishing,NA,NA,manuscript_figures/20260728_posterior_strategy_figure_set/S_strategy_context_support/polishing/final_images/posterior_strategy_context_support_median.png,5847234c059249428feb67384f95c9ffd37d2632be91dd9fa4edf60618afd6a6,agent-dev/manuscript_integration/20260729_v03_figure_set_integration/package_rebuilds/posterior_strategy_context/final_images/posterior_strategy_context_support_median.png,5847234c059249428feb67384f95c9ffd37d2632be91dd9fa4edf60618afd6a6,agent-dev/manuscript_integration/20260729_v03_figure_set_integration/final_images/S12.png,5847234c059249428feb67384f95c9ffd37d2632be91dd9fa4edf60618afd6a6,agent-dev/manuscript_integration/20260729_v03_figure_set_integration/final_images/S12.png,5847234c059249428feb67384f95c9ffd37d2632be91dd9fa4edf60618afd6a6,match,manuscript_figures/20260728_posterior_strategy_figure_set/S_strategy_context_support/polishing/scripts/polish_figures.R,"Single-line-fit posterior support Pr(H/L > 1) for 20 strategies at days 4 and 6, across the five matched cell lines and five Pareto models.",data/modelling/gpath_v1/red_a30_counts_20260722/derived/posterior/strategy_simulations/runs/seed3density_7g_xxx_xcc_axax_20260727/validation.json;data/modelling/gpath_v1/red_a30_counts_20260722/derived/posterior/strategy_simulations/runs/seed3density_7g_xxx_xcc_axax_20260727/plans/tasks.tsv;data/modelling/gpath_v1/red_a30_counts_20260722/derived/posterior/strategy_simulations/runs/seed3density_7g_xxx_xcc_axax_20260727/schedule_index.tsv,manuscript_figures/20260728_posterior_strategy_figure_set/S_strategy_context_support/polishing/layout/layout_plan.csv,manuscript_figures/20260728_posterior_strategy_figure_set/S_strategy_context_support/polishing/subpanels/panel_e.png,agent-dev/manuscript_integration/20260729_v03_figure_set_integration/semantic_interpretations/S12_e.md
Figure S12,f,S12,Posterior strategy context supplement,Posterior strategy context supplement,manuscript_figures/20260728_posterior_strategy_figure_set/S_strategy_context_support/polishing,NA,NA,manuscript_figures/20260728_posterior_strategy_figure_set/S_strategy_context_support/polishing/final_images/posterior_strategy_context_support_median.png,5847234c059249428feb67384f95c9ffd37d2632be91dd9fa4edf60618afd6a6,agent-dev/manuscript_integration/20260729_v03_figure_set_integration/package_rebuilds/posterior_strategy_context/final_images/posterior_strategy_context_support_median.png,5847234c059249428feb67384f95c9ffd37d2632be91dd9fa4edf60618afd6a6,agent-dev/manuscript_integration/20260729_v03_figure_set_integration/final_images/S12.png,5847234c059249428feb67384f95c9ffd37d2632be91dd9fa4edf60618afd6a6,agent-dev/manuscript_integration/20260729_v03_figure_set_integration/final_images/S12.png,5847234c059249428feb67384f95c9ffd37d2632be91dd9fa4edf60618afd6a6,match,manuscript_figures/20260728_posterior_strategy_figure_set/S_strategy_context_support/polishing/scripts/polish_figures.R,"Single-line-fit posterior median log(H/L) for the same strategies, days, lines, and models.",data/modelling/gpath_v1/red_a30_counts_20260722/derived/posterior/strategy_simulations/runs/seed3density_7g_xxx_xcc_axax_20260727/validation.json;data/modelling/gpath_v1/red_a30_counts_20260722/derived/posterior/strategy_simulations/runs/seed3density_7g_xxx_xcc_axax_20260727/plans/tasks.tsv;data/modelling/gpath_v1/red_a30_counts_20260722/derived/posterior/strategy_simulations/runs/seed3density_7g_xxx_xcc_axax_20260727/schedule_index.tsv,manuscript_figures/20260728_posterior_strategy_figure_set/S_strategy_context_support/polishing/layout/layout_plan.csv,manuscript_figures/20260728_posterior_strategy_figure_set/S_strategy_context_support/polishing/subpanels/panel_f.png,agent-dev/manuscript_integration/20260729_v03_figure_set_integration/semantic_interpretations/S12_f.md
Figure S13,a,S13,Candidate supplement A,Candidate supplement A,manuscript_figures/20260722T141236_resegmentation_fix/morphology_metric_exploration/polishing,NA,NA,manuscript_figures/20260722T141236_resegmentation_fix/morphology_metric_exploration/polishing/final_images/candidate_supplement_a.png,cc1d51b90dfd8181e3e03b029e7cd3932456c19e6beb369c0d6bfe4f2f37fe17,agent-dev/manuscript_integration/20260729_v03_figure_set_integration/package_rebuilds/morphology_metrics/final_images/candidate_supplement_a.png,cc1d51b90dfd8181e3e03b029e7cd3932456c19e6beb369c0d6bfe4f2f37fe17,agent-dev/manuscript_integration/20260729_v03_figure_set_integration/final_images/S13.png,cc1d51b90dfd8181e3e03b029e7cd3932456c19e6beb369c0d6bfe4f2f37fe17,agent-dev/manuscript_integration/20260729_v03_figure_set_integration/final_images/S13.png,cc1d51b90dfd8181e3e03b029e7cd3932456c19e6beb369c0d6bfe4f2f37fe17,match,manuscript_figures/20260722T141236_resegmentation_fix/morphology_metric_exploration/polishing/scripts/polish_figures.R,"Elevated-member covariate values for ploidy, cell area, and nuclear area across the five cell-line pairs",manuscript_figures/20260722T141236_resegmentation_fix/morphology_metric_exploration/polishing/source_tables/ploidy_effect_metric_values.csv,manuscript_figures/20260722T141236_resegmentation_fix/morphology_metric_exploration/polishing/layout/layout_plan.csv,manuscript_figures/20260722T141236_resegmentation_fix/morphology_metric_exploration/polishing/subpanels/candidate_supplement_a_a.png,agent-dev/manuscript_integration/20260729_v03_figure_set_integration/semantic_interpretations/S13_a.md
Figure S13,b,S13,Candidate supplement A,Candidate supplement A,manuscript_figures/20260722T141236_resegmentation_fix/morphology_metric_exploration/polishing,NA,NA,manuscript_figures/20260722T141236_resegmentation_fix/morphology_metric_exploration/polishing/final_images/candidate_supplement_a.png,cc1d51b90dfd8181e3e03b029e7cd3932456c19e6beb369c0d6bfe4f2f37fe17,agent-dev/manuscript_integration/20260729_v03_figure_set_integration/package_rebuilds/morphology_metrics/final_images/candidate_supplement_a.png,cc1d51b90dfd8181e3e03b029e7cd3932456c19e6beb369c0d6bfe4f2f37fe17,agent-dev/manuscript_integration/20260729_v03_figure_set_integration/final_images/S13.png,cc1d51b90dfd8181e3e03b029e7cd3932456c19e6beb369c0d6bfe4f2f37fe17,agent-dev/manuscript_integration/20260729_v03_figure_set_integration/final_images/S13.png,cc1d51b90dfd8181e3e03b029e7cd3932456c19e6beb369c0d6bfe4f2f37fe17,match,manuscript_figures/20260722T141236_resegmentation_fix/morphology_metric_exploration/polishing/scripts/polish_figures.R,Likelihood AIC differences for cell-area and nuclear-area fits relative to existing ploidy fits across the five Pareto models,data/report_exports/morphology_vs_ploidy_five_line_20260729/morphology_vs_ploidy_by_model.csv;data/report_exports/wp5_mechanistic_representative_model/wp5_model_analysis_style_pareto_front.csv,manuscript_figures/20260722T141236_resegmentation_fix/morphology_metric_exploration/polishing/layout/layout_plan.csv,manuscript_figures/20260722T141236_resegmentation_fix/morphology_metric_exploration/polishing/subpanels/candidate_supplement_a_b.png,agent-dev/manuscript_integration/20260729_v03_figure_set_integration/semantic_interpretations/S13_b.md
Figure S13,c,S13,Candidate supplement A,Candidate supplement A,manuscript_figures/20260722T141236_resegmentation_fix/morphology_metric_exploration/polishing,NA,NA,manuscript_figures/20260722T141236_resegmentation_fix/morphology_metric_exploration/polishing/final_images/candidate_supplement_a.png,cc1d51b90dfd8181e3e03b029e7cd3932456c19e6beb369c0d6bfe4f2f37fe17,agent-dev/manuscript_integration/20260729_v03_figure_set_integration/package_rebuilds/morphology_metrics/final_images/candidate_supplement_a.png,cc1d51b90dfd8181e3e03b029e7cd3932456c19e6beb369c0d6bfe4f2f37fe17,agent-dev/manuscript_integration/20260729_v03_figure_set_integration/final_images/S13.png,cc1d51b90dfd8181e3e03b029e7cd3932456c19e6beb369c0d6bfe4f2f37fe17,agent-dev/manuscript_integration/20260729_v03_figure_set_integration/final_images/S13.png,cc1d51b90dfd8181e3e03b029e7cd3932456c19e6beb369c0d6bfe4f2f37fe17,match,manuscript_figures/20260722T141236_resegmentation_fix/morphology_metric_exploration/polishing/scripts/polish_figures.R,"Condition-level nuclear-area log-likelihood change versus ploidy across starting glucose, cell line, and each of five Pareto models",manuscript_figures/20260722T141236_resegmentation_fix/morphology_metric_exploration/polishing/source_tables/condition_delta_loglik_summary.csv,manuscript_figures/20260722T141236_resegmentation_fix/morphology_metric_exploration/polishing/layout/layout_plan.csv,manuscript_figures/20260722T141236_resegmentation_fix/morphology_metric_exploration/polishing/subpanels/candidate_supplement_a_c.png,agent-dev/manuscript_integration/20260729_v03_figure_set_integration/semantic_interpretations/S13_c.md
Figure S14,a,S14,Candidate supplement B,Candidate supplement B,manuscript_figures/20260722T141236_resegmentation_fix/morphology_metric_exploration/polishing,NA,NA,manuscript_figures/20260722T141236_resegmentation_fix/morphology_metric_exploration/polishing/final_images/candidate_supplement_b.png,872f6cee7208baa4feee809b2aa4e2e71ae1066b3db97ceb22442fbcec973ceb,agent-dev/manuscript_integration/20260729_v03_figure_set_integration/package_rebuilds/morphology_metrics/final_images/candidate_supplement_b.png,872f6cee7208baa4feee809b2aa4e2e71ae1066b3db97ceb22442fbcec973ceb,agent-dev/manuscript_integration/20260729_v03_figure_set_integration/final_images/S14.png,872f6cee7208baa4feee809b2aa4e2e71ae1066b3db97ceb22442fbcec973ceb,agent-dev/manuscript_integration/20260729_v03_figure_set_integration/final_images/S14.png,872f6cee7208baa4feee809b2aa4e2e71ae1066b3db97ceb22442fbcec973ceb,match,manuscript_figures/20260722T141236_resegmentation_fix/morphology_metric_exploration/polishing/scripts/polish_figures.R,"Global fitted effect per +1 unit of ploidy or nuclear-area covariate for v1, K1, y1, and m in each Pareto model",manuscript_figures/20260722T141236_resegmentation_fix/morphology_metric_exploration/polishing/source_tables/per_unit_parameter_effect_coefficients.csv,manuscript_figures/20260722T141236_resegmentation_fix/morphology_metric_exploration/polishing/layout/layout_plan.csv,manuscript_figures/20260722T141236_resegmentation_fix/morphology_metric_exploration/polishing/subpanels/candidate_supplement_b_a.png,agent-dev/manuscript_integration/20260729_v03_figure_set_integration/semantic_interpretations/S14_a.md
Figure S14,b,S14,Candidate supplement B,Candidate supplement B,manuscript_figures/20260722T141236_resegmentation_fix/morphology_metric_exploration/polishing,NA,NA,manuscript_figures/20260722T141236_resegmentation_fix/morphology_metric_exploration/polishing/final_images/candidate_supplement_b.png,872f6cee7208baa4feee809b2aa4e2e71ae1066b3db97ceb22442fbcec973ceb,agent-dev/manuscript_integration/20260729_v03_figure_set_integration/package_rebuilds/morphology_metrics/final_images/candidate_supplement_b.png,872f6cee7208baa4feee809b2aa4e2e71ae1066b3db97ceb22442fbcec973ceb,agent-dev/manuscript_integration/20260729_v03_figure_set_integration/final_images/S14.png,872f6cee7208baa4feee809b2aa4e2e71ae1066b3db97ceb22442fbcec973ceb,agent-dev/manuscript_integration/20260729_v03_figure_set_integration/final_images/S14.png,872f6cee7208baa4feee809b2aa4e2e71ae1066b3db97ceb22442fbcec973ceb,match,manuscript_figures/20260722T141236_resegmentation_fix/morphology_metric_exploration/polishing/scripts/polish_figures.R,Realized elevated-versus-baseline parameter changes for ploidy and nuclear-area covariates across the five cell-line pairs,manuscript_figures/20260722T141236_resegmentation_fix/morphology_metric_exploration/polishing/source_tables/realized_parameter_effects_by_metric.csv,manuscript_figures/20260722T141236_resegmentation_fix/morphology_metric_exploration/polishing/layout/layout_plan.csv,manuscript_figures/20260722T141236_resegmentation_fix/morphology_metric_exploration/polishing/subpanels/candidate_supplement_b_b.png,agent-dev/manuscript_integration/20260729_v03_figure_set_integration/semantic_interpretations/S14_b.md
Figure S15,a,S15,SUM159 evidence 1,SUM159 evidence 1,manuscript_figures/20260729_sum159_label_swap_evidence_figures/polishing,NA,NA,manuscript_figures/20260729_sum159_label_swap_evidence_figures/polishing/final_images/figure_1_all_timecourses.png,74379b5137abf0cca3352d9fd9b1f5533e28c6fbf605457f27b087f24dee6707,agent-dev/manuscript_integration/20260729_v03_figure_set_integration/package_rebuilds/sum159_label_swap/final_images/figure_1_all_timecourses.png,74379b5137abf0cca3352d9fd9b1f5533e28c6fbf605457f27b087f24dee6707,agent-dev/manuscript_integration/20260729_v03_figure_set_integration/final_images/S15.png,74379b5137abf0cca3352d9fd9b1f5533e28c6fbf605457f27b087f24dee6707,agent-dev/manuscript_integration/20260729_v03_figure_set_integration/final_images/S15.png,74379b5137abf0cca3352d9fd9b1f5533e28c6fbf605457f27b087f24dee6707,match,manuscript_figures/20260729_sum159_label_swap_evidence_figures/polishing/scripts/polish_figures.R;manuscript_figures/20260729_sum159_label_swap_evidence_figures/polishing/scripts/make_evidence_figures.R,Complete segmented-cell-area time courses across contexts and glucose conditions,data/image_processing_runs/full_segmentation_classification_nuclear/run_20260721_163410/merged/objects.csv;data/image_processing_runs/full_segmentation_classification_nuclear/run_20260721_163410/summaries/cell_nuclear_area_summaries.Rds;manuscript_figures/20260729_sum159_label_swap_evidence_figures/polishing/derived_data/competition_ploidy_cytoplasmic_gfp_full/sum159_competition_object_ploidy_calls.csv.gz,manuscript_figures/20260729_sum159_label_swap_evidence_figures/polishing/layout/layout_plan.csv,manuscript_figures/20260729_sum159_label_swap_evidence_figures/polishing/subpanels/sum159_evidence_1a.png,agent-dev/manuscript_integration/20260729_v03_figure_set_integration/semantic_interpretations/S15_a.md
Figure S15,b,S15,SUM159 evidence 1,SUM159 evidence 1,manuscript_figures/20260729_sum159_label_swap_evidence_figures/polishing,NA,NA,manuscript_figures/20260729_sum159_label_swap_evidence_figures/polishing/final_images/figure_1_all_timecourses.png,74379b5137abf0cca3352d9fd9b1f5533e28c6fbf605457f27b087f24dee6707,agent-dev/manuscript_integration/20260729_v03_figure_set_integration/package_rebuilds/sum159_label_swap/final_images/figure_1_all_timecourses.png,74379b5137abf0cca3352d9fd9b1f5533e28c6fbf605457f27b087f24dee6707,agent-dev/manuscript_integration/20260729_v03_figure_set_integration/final_images/S15.png,74379b5137abf0cca3352d9fd9b1f5533e28c6fbf605457f27b087f24dee6707,agent-dev/manuscript_integration/20260729_v03_figure_set_integration/final_images/S15.png,74379b5137abf0cca3352d9fd9b1f5533e28c6fbf605457f27b087f24dee6707,match,manuscript_figures/20260729_sum159_label_swap_evidence_figures/polishing/scripts/polish_figures.R;manuscript_figures/20260729_sum159_label_swap_evidence_figures/polishing/scripts/make_evidence_figures.R,Complete nuclear-area time courses across contexts and glucose conditions,data/image_processing_runs/full_segmentation_classification_nuclear/run_20260721_163410/merged/objects.csv;data/image_processing_runs/full_segmentation_classification_nuclear/run_20260721_163410/summaries/cell_nuclear_area_summaries.Rds;manuscript_figures/20260729_sum159_label_swap_evidence_figures/polishing/derived_data/competition_ploidy_cytoplasmic_gfp_full/sum159_competition_object_ploidy_calls.csv.gz,manuscript_figures/20260729_sum159_label_swap_evidence_figures/polishing/layout/layout_plan.csv,manuscript_figures/20260729_sum159_label_swap_evidence_figures/polishing/subpanels/sum159_evidence_1b.png,agent-dev/manuscript_integration/20260729_v03_figure_set_integration/semantic_interpretations/S15_b.md
Figure S16,a,S16,SUM159 evidence 2,SUM159 evidence 2,manuscript_figures/20260729_sum159_label_swap_evidence_figures/polishing,NA,NA,manuscript_figures/20260729_sum159_label_swap_evidence_figures/polishing/final_images/figure_2_confluence_robustness.png,220612d1108b26912c2c93cbd16a3c6294c4b4fe9acaf2010326d417760fb8d2,agent-dev/manuscript_integration/20260729_v03_figure_set_integration/package_rebuilds/sum159_label_swap/final_images/figure_2_confluence_robustness.png,220612d1108b26912c2c93cbd16a3c6294c4b4fe9acaf2010326d417760fb8d2,agent-dev/manuscript_integration/20260729_v03_figure_set_integration/final_images/S16.png,220612d1108b26912c2c93cbd16a3c6294c4b4fe9acaf2010326d417760fb8d2,agent-dev/manuscript_integration/20260729_v03_figure_set_integration/final_images/S16.png,220612d1108b26912c2c93cbd16a3c6294c4b4fe9acaf2010326d417760fb8d2,match,manuscript_figures/20260729_sum159_label_swap_evidence_figures/polishing/scripts/polish_figures.R;manuscript_figures/20260729_sum159_label_swap_evidence_figures/polishing/scripts/make_evidence_figures.R,Field median cell area versus cell count,data/image_processing_runs/full_segmentation_classification_nuclear/run_20260721_163410/merged/objects.csv;data/image_processing_runs/full_segmentation_classification_nuclear/run_20260721_163410/summaries/cell_nuclear_area_summaries.Rds;manuscript_figures/20260729_sum159_label_swap_evidence_figures/polishing/derived_data/competition_ploidy_cytoplasmic_gfp_full/sum159_competition_object_ploidy_calls.csv.gz,manuscript_figures/20260729_sum159_label_swap_evidence_figures/polishing/layout/layout_plan.csv,manuscript_figures/20260729_sum159_label_swap_evidence_figures/polishing/subpanels/sum159_evidence_2a.png,agent-dev/manuscript_integration/20260729_v03_figure_set_integration/semantic_interpretations/S16_a.md
Figure S16,b,S16,SUM159 evidence 2,SUM159 evidence 2,manuscript_figures/20260729_sum159_label_swap_evidence_figures/polishing,NA,NA,manuscript_figures/20260729_sum159_label_swap_evidence_figures/polishing/final_images/figure_2_confluence_robustness.png,220612d1108b26912c2c93cbd16a3c6294c4b4fe9acaf2010326d417760fb8d2,agent-dev/manuscript_integration/20260729_v03_figure_set_integration/package_rebuilds/sum159_label_swap/final_images/figure_2_confluence_robustness.png,220612d1108b26912c2c93cbd16a3c6294c4b4fe9acaf2010326d417760fb8d2,agent-dev/manuscript_integration/20260729_v03_figure_set_integration/final_images/S16.png,220612d1108b26912c2c93cbd16a3c6294c4b4fe9acaf2010326d417760fb8d2,agent-dev/manuscript_integration/20260729_v03_figure_set_integration/final_images/S16.png,220612d1108b26912c2c93cbd16a3c6294c4b4fe9acaf2010326d417760fb8d2,match,manuscript_figures/20260729_sum159_label_swap_evidence_figures/polishing/scripts/polish_figures.R;manuscript_figures/20260729_sum159_label_swap_evidence_figures/polishing/scripts/make_evidence_figures.R,Field median nuclear area versus cell count,data/image_processing_runs/full_segmentation_classification_nuclear/run_20260721_163410/merged/objects.csv;data/image_processing_runs/full_segmentation_classification_nuclear/run_20260721_163410/summaries/cell_nuclear_area_summaries.Rds;manuscript_figures/20260729_sum159_label_swap_evidence_figures/polishing/derived_data/competition_ploidy_cytoplasmic_gfp_full/sum159_competition_object_ploidy_calls.csv.gz,manuscript_figures/20260729_sum159_label_swap_evidence_figures/polishing/layout/layout_plan.csv,manuscript_figures/20260729_sum159_label_swap_evidence_figures/polishing/subpanels/sum159_evidence_2b.png,agent-dev/manuscript_integration/20260729_v03_figure_set_integration/semantic_interpretations/S16_b.md
Figure S16,c,S16,SUM159 evidence 2,SUM159 evidence 2,manuscript_figures/20260729_sum159_label_swap_evidence_figures/polishing,NA,NA,manuscript_figures/20260729_sum159_label_swap_evidence_figures/polishing/final_images/figure_2_confluence_robustness.png,220612d1108b26912c2c93cbd16a3c6294c4b4fe9acaf2010326d417760fb8d2,agent-dev/manuscript_integration/20260729_v03_figure_set_integration/package_rebuilds/sum159_label_swap/final_images/figure_2_confluence_robustness.png,220612d1108b26912c2c93cbd16a3c6294c4b4fe9acaf2010326d417760fb8d2,agent-dev/manuscript_integration/20260729_v03_figure_set_integration/final_images/S16.png,220612d1108b26912c2c93cbd16a3c6294c4b4fe9acaf2010326d417760fb8d2,agent-dev/manuscript_integration/20260729_v03_figure_set_integration/final_images/S16.png,220612d1108b26912c2c93cbd16a3c6294c4b4fe9acaf2010326d417760fb8d2,match,manuscript_figures/20260729_sum159_label_swap_evidence_figures/polishing/scripts/polish_figures.R;manuscript_figures/20260729_sum159_label_swap_evidence_figures/polishing/scripts/make_evidence_figures.R,Field median cell area versus total segmented area,data/image_processing_runs/full_segmentation_classification_nuclear/run_20260721_163410/merged/objects.csv;data/image_processing_runs/full_segmentation_classification_nuclear/run_20260721_163410/summaries/cell_nuclear_area_summaries.Rds;manuscript_figures/20260729_sum159_label_swap_evidence_figures/polishing/derived_data/competition_ploidy_cytoplasmic_gfp_full/sum159_competition_object_ploidy_calls.csv.gz,manuscript_figures/20260729_sum159_label_swap_evidence_figures/polishing/layout/layout_plan.csv,manuscript_figures/20260729_sum159_label_swap_evidence_figures/polishing/subpanels/sum159_evidence_2c.png,agent-dev/manuscript_integration/20260729_v03_figure_set_integration/semantic_interpretations/S16_c.md
Figure S16,d,S16,SUM159 evidence 2,SUM159 evidence 2,manuscript_figures/20260729_sum159_label_swap_evidence_figures/polishing,NA,NA,manuscript_figures/20260729_sum159_label_swap_evidence_figures/polishing/final_images/figure_2_confluence_robustness.png,220612d1108b26912c2c93cbd16a3c6294c4b4fe9acaf2010326d417760fb8d2,agent-dev/manuscript_integration/20260729_v03_figure_set_integration/package_rebuilds/sum159_label_swap/final_images/figure_2_confluence_robustness.png,220612d1108b26912c2c93cbd16a3c6294c4b4fe9acaf2010326d417760fb8d2,agent-dev/manuscript_integration/20260729_v03_figure_set_integration/final_images/S16.png,220612d1108b26912c2c93cbd16a3c6294c4b4fe9acaf2010326d417760fb8d2,agent-dev/manuscript_integration/20260729_v03_figure_set_integration/final_images/S16.png,220612d1108b26912c2c93cbd16a3c6294c4b4fe9acaf2010326d417760fb8d2,match,manuscript_figures/20260729_sum159_label_swap_evidence_figures/polishing/scripts/polish_figures.R;manuscript_figures/20260729_sum159_label_swap_evidence_figures/polishing/scripts/make_evidence_figures.R,Field median nuclear area versus total segmented area,data/image_processing_runs/full_segmentation_classification_nuclear/run_20260721_163410/merged/objects.csv;data/image_processing_runs/full_segmentation_classification_nuclear/run_20260721_163410/summaries/cell_nuclear_area_summaries.Rds;manuscript_figures/20260729_sum159_label_swap_evidence_figures/polishing/derived_data/competition_ploidy_cytoplasmic_gfp_full/sum159_competition_object_ploidy_calls.csv.gz,manuscript_figures/20260729_sum159_label_swap_evidence_figures/polishing/layout/layout_plan.csv,manuscript_figures/20260729_sum159_label_swap_evidence_figures/polishing/subpanels/sum159_evidence_2d.png,agent-dev/manuscript_integration/20260729_v03_figure_set_integration/semantic_interpretations/S16_d.md
Figure S17,a,S17,SUM159 evidence 3,SUM159 evidence 3,manuscript_figures/20260729_sum159_label_swap_evidence_figures/polishing,NA,NA,manuscript_figures/20260729_sum159_label_swap_evidence_figures/polishing/final_images/figure_3_focused_distributions_and_same_2n.png,24f4af0607975068e53f1f96197ba0a959b833c83afa78d1a80f2cde76da8300,agent-dev/manuscript_integration/20260729_v03_figure_set_integration/package_rebuilds/sum159_label_swap/final_images/figure_3_focused_distributions_and_same_2n.png,24f4af0607975068e53f1f96197ba0a959b833c83afa78d1a80f2cde76da8300,agent-dev/manuscript_integration/20260729_v03_figure_set_integration/final_images/S17.png,24f4af0607975068e53f1f96197ba0a959b833c83afa78d1a80f2cde76da8300,agent-dev/manuscript_integration/20260729_v03_figure_set_integration/final_images/S17.png,24f4af0607975068e53f1f96197ba0a959b833c83afa78d1a80f2cde76da8300,match,manuscript_figures/20260729_sum159_label_swap_evidence_figures/polishing/scripts/polish_figures.R;manuscript_figures/20260729_sum159_label_swap_evidence_figures/polishing/scripts/make_evidence_figures.R,Focused segmented-cell-area distributions,data/image_processing_runs/full_segmentation_classification_nuclear/run_20260721_163410/merged/objects.csv;data/image_processing_runs/full_segmentation_classification_nuclear/run_20260721_163410/summaries/cell_nuclear_area_summaries.Rds;manuscript_figures/20260729_sum159_label_swap_evidence_figures/polishing/derived_data/competition_ploidy_cytoplasmic_gfp_full/sum159_competition_object_ploidy_calls.csv.gz,manuscript_figures/20260729_sum159_label_swap_evidence_figures/polishing/layout/layout_plan.csv,manuscript_figures/20260729_sum159_label_swap_evidence_figures/polishing/subpanels/sum159_evidence_3a.png,agent-dev/manuscript_integration/20260729_v03_figure_set_integration/semantic_interpretations/S17_a.md
Figure S17,b,S17,SUM159 evidence 3,SUM159 evidence 3,manuscript_figures/20260729_sum159_label_swap_evidence_figures/polishing,NA,NA,manuscript_figures/20260729_sum159_label_swap_evidence_figures/polishing/final_images/figure_3_focused_distributions_and_same_2n.png,24f4af0607975068e53f1f96197ba0a959b833c83afa78d1a80f2cde76da8300,agent-dev/manuscript_integration/20260729_v03_figure_set_integration/package_rebuilds/sum159_label_swap/final_images/figure_3_focused_distributions_and_same_2n.png,24f4af0607975068e53f1f96197ba0a959b833c83afa78d1a80f2cde76da8300,agent-dev/manuscript_integration/20260729_v03_figure_set_integration/final_images/S17.png,24f4af0607975068e53f1f96197ba0a959b833c83afa78d1a80f2cde76da8300,agent-dev/manuscript_integration/20260729_v03_figure_set_integration/final_images/S17.png,24f4af0607975068e53f1f96197ba0a959b833c83afa78d1a80f2cde76da8300,match,manuscript_figures/20260729_sum159_label_swap_evidence_figures/polishing/scripts/polish_figures.R;manuscript_figures/20260729_sum159_label_swap_evidence_figures/polishing/scripts/make_evidence_figures.R,Focused nuclear-area distributions,data/image_processing_runs/full_segmentation_classification_nuclear/run_20260721_163410/merged/objects.csv;data/image_processing_runs/full_segmentation_classification_nuclear/run_20260721_163410/summaries/cell_nuclear_area_summaries.Rds;manuscript_figures/20260729_sum159_label_swap_evidence_figures/polishing/derived_data/competition_ploidy_cytoplasmic_gfp_full/sum159_competition_object_ploidy_calls.csv.gz,manuscript_figures/20260729_sum159_label_swap_evidence_figures/polishing/layout/layout_plan.csv,manuscript_figures/20260729_sum159_label_swap_evidence_figures/polishing/subpanels/sum159_evidence_3b.png,agent-dev/manuscript_integration/20260729_v03_figure_set_integration/semantic_interpretations/S17_b.md
Figure S17,c,S17,SUM159 evidence 3,SUM159 evidence 3,manuscript_figures/20260729_sum159_label_swap_evidence_figures/polishing,NA,NA,manuscript_figures/20260729_sum159_label_swap_evidence_figures/polishing/final_images/figure_3_focused_distributions_and_same_2n.png,24f4af0607975068e53f1f96197ba0a959b833c83afa78d1a80f2cde76da8300,agent-dev/manuscript_integration/20260729_v03_figure_set_integration/package_rebuilds/sum159_label_swap/final_images/figure_3_focused_distributions_and_same_2n.png,24f4af0607975068e53f1f96197ba0a959b833c83afa78d1a80f2cde76da8300,agent-dev/manuscript_integration/20260729_v03_figure_set_integration/final_images/S17.png,24f4af0607975068e53f1f96197ba0a959b833c83afa78d1a80f2cde76da8300,agent-dev/manuscript_integration/20260729_v03_figure_set_integration/final_images/S17.png,24f4af0607975068e53f1f96197ba0a959b833c83afa78d1a80f2cde76da8300,match,manuscript_figures/20260729_sum159_label_swap_evidence_figures/polishing/scripts/polish_figures.R;manuscript_figures/20260729_sum159_label_swap_evidence_figures/polishing/scripts/make_evidence_figures.R,Low or 2N cell area relative to chem 2N,data/image_processing_runs/full_segmentation_classification_nuclear/run_20260721_163410/merged/objects.csv;manuscript_figures/20260729_sum159_label_swap_evidence_figures/polishing/derived_data/competition_ploidy_cytoplasmic_gfp_full/sum159_competition_object_ploidy_calls.csv.gz;data/image_processing_runs/full_segmentation_classification_nuclear/run_20260721_163410/summaries/cell_nuclear_area_summaries.Rds,manuscript_figures/20260729_sum159_label_swap_evidence_figures/polishing/layout/layout_plan.csv,manuscript_figures/20260729_sum159_label_swap_evidence_figures/polishing/subpanels/sum159_evidence_3c.png,agent-dev/manuscript_integration/20260729_v03_figure_set_integration/semantic_interpretations/S17_c.md
Figure S17,d,S17,SUM159 evidence 3,SUM159 evidence 3,manuscript_figures/20260729_sum159_label_swap_evidence_figures/polishing,NA,NA,manuscript_figures/20260729_sum159_label_swap_evidence_figures/polishing/final_images/figure_3_focused_distributions_and_same_2n.png,24f4af0607975068e53f1f96197ba0a959b833c83afa78d1a80f2cde76da8300,agent-dev/manuscript_integration/20260729_v03_figure_set_integration/package_rebuilds/sum159_label_swap/final_images/figure_3_focused_distributions_and_same_2n.png,24f4af0607975068e53f1f96197ba0a959b833c83afa78d1a80f2cde76da8300,agent-dev/manuscript_integration/20260729_v03_figure_set_integration/final_images/S17.png,24f4af0607975068e53f1f96197ba0a959b833c83afa78d1a80f2cde76da8300,agent-dev/manuscript_integration/20260729_v03_figure_set_integration/final_images/S17.png,24f4af0607975068e53f1f96197ba0a959b833c83afa78d1a80f2cde76da8300,match,manuscript_figures/20260729_sum159_label_swap_evidence_figures/polishing/scripts/polish_figures.R;manuscript_figures/20260729_sum159_label_swap_evidence_figures/polishing/scripts/make_evidence_figures.R,Low or 2N nuclear area relative to chem 2N,data/image_processing_runs/full_segmentation_classification_nuclear/run_20260721_163410/merged/objects.csv;manuscript_figures/20260729_sum159_label_swap_evidence_figures/polishing/derived_data/competition_ploidy_cytoplasmic_gfp_full/sum159_competition_object_ploidy_calls.csv.gz;data/image_processing_runs/full_segmentation_classification_nuclear/run_20260721_163410/summaries/cell_nuclear_area_summaries.Rds,manuscript_figures/20260729_sum159_label_swap_evidence_figures/polishing/layout/layout_plan.csv,manuscript_figures/20260729_sum159_label_swap_evidence_figures/polishing/subpanels/sum159_evidence_3d.png,agent-dev/manuscript_integration/20260729_v03_figure_set_integration/semantic_interpretations/S17_d.md
Figure S18,a,S18,SUM159 evidence 4,SUM159 evidence 4,manuscript_figures/20260729_sum159_label_swap_evidence_figures/polishing,NA,NA,manuscript_figures/20260729_sum159_label_swap_evidence_figures/polishing/final_images/figure_4_cytoplasmic_signal_and_multimodal_fields.png,7a4b0caf518491ef40009e88155a26c65909b31d474127b382161ce84b228652,agent-dev/manuscript_integration/20260729_v03_figure_set_integration/package_rebuilds/sum159_label_swap/final_images/figure_4_cytoplasmic_signal_and_multimodal_fields.png,7a4b0caf518491ef40009e88155a26c65909b31d474127b382161ce84b228652,agent-dev/manuscript_integration/20260729_v03_figure_set_integration/final_images/S18.png,7a4b0caf518491ef40009e88155a26c65909b31d474127b382161ce84b228652,agent-dev/manuscript_integration/20260729_v03_figure_set_integration/final_images/S18.png,7a4b0caf518491ef40009e88155a26c65909b31d474127b382161ce84b228652,match,manuscript_figures/20260729_sum159_label_swap_evidence_figures/polishing/scripts/polish_figures.R;manuscript_figures/20260729_sum159_label_swap_evidence_figures/polishing/scripts/make_evidence_figures.R,Image-level cytoplasmic red summaries,manuscript_figures/20260729_sum159_label_swap_evidence_figures/polishing/derived_data/cytoplasmic_red_quantification/per_cell_cytoplasmic_red.csv.gz;manuscript_figures/20260729_sum159_label_swap_evidence_figures/polishing/derived_data/cytoplasmic_red_quantification/sample_manifest.csv,manuscript_figures/20260729_sum159_label_swap_evidence_figures/polishing/layout/layout_plan.csv,manuscript_figures/20260729_sum159_label_swap_evidence_figures/polishing/subpanels/sum159_evidence_4a.png,agent-dev/manuscript_integration/20260729_v03_figure_set_integration/semantic_interpretations/S18_a.md
Figure S18,b,S18,SUM159 evidence 4,SUM159 evidence 4,manuscript_figures/20260729_sum159_label_swap_evidence_figures/polishing,NA,NA,manuscript_figures/20260729_sum159_label_swap_evidence_figures/polishing/final_images/figure_4_cytoplasmic_signal_and_multimodal_fields.png,7a4b0caf518491ef40009e88155a26c65909b31d474127b382161ce84b228652,agent-dev/manuscript_integration/20260729_v03_figure_set_integration/package_rebuilds/sum159_label_swap/final_images/figure_4_cytoplasmic_signal_and_multimodal_fields.png,7a4b0caf518491ef40009e88155a26c65909b31d474127b382161ce84b228652,agent-dev/manuscript_integration/20260729_v03_figure_set_integration/final_images/S18.png,7a4b0caf518491ef40009e88155a26c65909b31d474127b382161ce84b228652,agent-dev/manuscript_integration/20260729_v03_figure_set_integration/final_images/S18.png,7a4b0caf518491ef40009e88155a26c65909b31d474127b382161ce84b228652,match,manuscript_figures/20260729_sum159_label_swap_evidence_figures/polishing/scripts/polish_figures.R;manuscript_figures/20260729_sum159_label_swap_evidence_figures/polishing/scripts/make_evidence_figures.R,Matched high-minus-low cytoplasmic-red contrasts,manuscript_figures/20260729_sum159_label_swap_evidence_figures/polishing/derived_data/cytoplasmic_red_quantification/per_cell_cytoplasmic_red.csv.gz;manuscript_figures/20260729_sum159_label_swap_evidence_figures/polishing/derived_data/cytoplasmic_red_quantification/sample_manifest.csv,manuscript_figures/20260729_sum159_label_swap_evidence_figures/polishing/layout/layout_plan.csv,manuscript_figures/20260729_sum159_label_swap_evidence_figures/polishing/subpanels/sum159_evidence_4b.png,agent-dev/manuscript_integration/20260729_v03_figure_set_integration/semantic_interpretations/S18_b.md
Figure S18,c,S18,SUM159 evidence 4,SUM159 evidence 4,manuscript_figures/20260729_sum159_label_swap_evidence_figures/polishing,NA,NA,manuscript_figures/20260729_sum159_label_swap_evidence_figures/polishing/final_images/figure_4_cytoplasmic_signal_and_multimodal_fields.png,7a4b0caf518491ef40009e88155a26c65909b31d474127b382161ce84b228652,agent-dev/manuscript_integration/20260729_v03_figure_set_integration/package_rebuilds/sum159_label_swap/final_images/figure_4_cytoplasmic_signal_and_multimodal_fields.png,7a4b0caf518491ef40009e88155a26c65909b31d474127b382161ce84b228652,agent-dev/manuscript_integration/20260729_v03_figure_set_integration/final_images/S18.png,7a4b0caf518491ef40009e88155a26c65909b31d474127b382161ce84b228652,agent-dev/manuscript_integration/20260729_v03_figure_set_integration/final_images/S18.png,7a4b0caf518491ef40009e88155a26c65909b31d474127b382161ce84b228652,match,manuscript_figures/20260729_sum159_label_swap_evidence_figures/polishing/scripts/polish_figures.R;manuscript_figures/20260729_sum159_label_swap_evidence_figures/polishing/scripts/make_evidence_figures.R,Cell-size-standardized cytoplasmic-red contrasts,manuscript_figures/20260729_sum159_label_swap_evidence_figures/polishing/derived_data/cytoplasmic_red_quantification/per_cell_cytoplasmic_red.csv.gz;manuscript_figures/20260729_sum159_label_swap_evidence_figures/polishing/derived_data/cytoplasmic_red_quantification/sample_manifest.csv;manuscript_figures/20260729_sum159_label_swap_evidence_figures/polishing/derived_data/cytoplasmic_cell_area_from_exact_masks.csv.gz,manuscript_figures/20260729_sum159_label_swap_evidence_figures/polishing/layout/layout_plan.csv,manuscript_figures/20260729_sum159_label_swap_evidence_figures/polishing/subpanels/sum159_evidence_4c.png,agent-dev/manuscript_integration/20260729_v03_figure_set_integration/semantic_interpretations/S18_c.md
Figure S18,d,S18,SUM159 evidence 4,SUM159 evidence 4,manuscript_figures/20260729_sum159_label_swap_evidence_figures/polishing,NA,NA,manuscript_figures/20260729_sum159_label_swap_evidence_figures/polishing/final_images/figure_4_cytoplasmic_signal_and_multimodal_fields.png,7a4b0caf518491ef40009e88155a26c65909b31d474127b382161ce84b228652,agent-dev/manuscript_integration/20260729_v03_figure_set_integration/package_rebuilds/sum159_label_swap/final_images/figure_4_cytoplasmic_signal_and_multimodal_fields.png,7a4b0caf518491ef40009e88155a26c65909b31d474127b382161ce84b228652,agent-dev/manuscript_integration/20260729_v03_figure_set_integration/final_images/S18.png,7a4b0caf518491ef40009e88155a26c65909b31d474127b382161ce84b228652,agent-dev/manuscript_integration/20260729_v03_figure_set_integration/final_images/S18.png,7a4b0caf518491ef40009e88155a26c65909b31d474127b382161ce84b228652,match,manuscript_figures/20260729_sum159_label_swap_evidence_figures/polishing/scripts/polish_figures.R;manuscript_figures/20260729_sum159_label_swap_evidence_figures/polishing/scripts/make_evidence_figures.R,Seven multimodal fields with all segmentation outlines,manuscript_figures/20260729_sum159_label_swap_evidence_figures/polishing/derived_data/multimodal_field_manifest.csv;manuscript_figures/20260729_sum159_label_swap_evidence_figures/polishing/derived_data/cytoplasmic_red_quantification/per_cell_cytoplasmic_red.csv.gz;all_raw/SUM-159_C00-IncucyteRawDataLiveDead-varyGlucose_phase_C4_2_01d16h00m.tif;all_raw/SUM-159_C00-IncucyteRawDataLiveDead-varyGlucose_alive_C4_2_01d16h00m.tif;all_raw/SUM-159_C00-IncucyteRawDataLiveDead-varyGlucose_dead_C4_2_01d16h00m.tif;data/image_processing_runs/sum159_targeted_nuclear_area/run_20260721_114700/shards/shard_002/masks/cell/SUM-159_C00-IncucyteRawDataLiveDead-varyGlucose_C4_2_01d16h00m_cell_masks.tif;all_raw/SUM-159_C00-IncucyteRawDataLiveDead-varyGlucose_phase_C9_2_01d16h00m.tif;all_raw/SUM-159_C00-IncucyteRawDataLiveDead-varyGlucose_alive_C9_2_01d16h00m.tif;all_raw/SUM-159_C00-IncucyteRawDataLiveDead-varyGlucose_dead_C9_2_01d16h00m.tif;data/image_processing_runs/sum159_targeted_nuclear_area/run_20260721_114700/shards/shard_000/masks/cell/SUM-159_C00-IncucyteRawDataLiveDead-varyGlucose_C9_2_01d16h00m_cell_masks.tif;all_raw/SUM-159_I00-IncucyteRawDataLiveDead-varyGlucose_phase_D6_3_01d08h00m.tif;all_raw/SUM-159_I00-IncucyteRawDataLiveDead-varyGlucose_alive_D6_3_01d08h00m.tif;all_raw/SUM-159_I00-IncucyteRawDataLiveDead-varyGlucose_dead_D6_3_01d08h00m.tif;data/image_processing_runs/sum159_targeted_nuclear_area/run_20260721_114700/shards/shard_003/masks/cell/SUM-159_I00-IncucyteRawDataLiveDead-varyGlucose_D6_3_01d08h00m_cell_masks.tif;all_raw/SUM-159_I00-IncucyteRawDataLiveDead-varyGlucose_phase_D11_3_01d08h00m.tif;all_raw/SUM-159_I00-IncucyteRawDataLiveDead-varyGlucose_alive_D11_3_01d08h00m.tif;all_raw/SUM-159_I00-IncucyteRawDataLiveDead-varyGlucose_dead_D11_3_01d08h00m.tif;data/image_processing_runs/sum159_targeted_nuclear_area/run_20260721_114700/shards/shard_001/masks/cell/SUM-159_I00-IncucyteRawDataLiveDead-varyGlucose_D11_3_01d08h00m_cell_masks.tif;all_raw/SUM-159_M00b-IncucyteRawDataLiveDead-varyGlucose_phase_C6_2_01d08h00m.tif;all_raw/SUM-159_M00b-IncucyteRawDataLiveDead-varyGlucose_alive_C6_2_01d08h00m.tif;all_raw/SUM-159_M00b-IncucyteRawDataLiveDead-varyGlucose_dead_C6_2_01d08h00m.tif;data/image_processing_runs/sum159_targeted_nuclear_area/run_20260721_114700/shards/shard_002/masks/cell/SUM-159_M00b-IncucyteRawDataLiveDead-varyGlucose_C6_2_01d08h00m_cell_masks.tif;all_raw/SUM-159_M00b-IncucyteRawDataLiveDead-varyGlucose_phase_C11_2_01d08h00m.tif;all_raw/SUM-159_M00b-IncucyteRawDataLiveDead-varyGlucose_alive_C11_2_01d08h00m.tif;all_raw/SUM-159_M00b-IncucyteRawDataLiveDead-varyGlucose_dead_C11_2_01d08h00m.tif;data/image_processing_runs/sum159_targeted_nuclear_area/run_20260721_114700/shards/shard_000/masks/cell/SUM-159_M00b-IncucyteRawDataLiveDead-varyGlucose_C11_2_01d08h00m_cell_masks.tif;/share/lab_crd/lab_crd/HighPloidy_CostBenefits/data/BreastCancerCellLines/SUM-159/J00_IncucyteRawDataLiveDead_Competition/phase/Phase_G11_2_01d16h00m.tif;/share/lab_crd/lab_crd/HighPloidy_CostBenefits/data/BreastCancerCellLines/SUM-159/J00_IncucyteRawDataLiveDead_Competition/Red/Red_G11_2_01d16h00m.tif;/share/lab_crd/lab_crd/HighPloidy_CostBenefits/data/BreastCancerCellLines/SUM-159/J00_IncucyteRawDataLiveDead_Competition/NIR/NIR__G11_2_01d16h00m.tif;/share/lab_crd/lab_crd/HighPloidy_CostBenefits/data/BreastCancerCellLines/SUM-159/J00_IncucyteRawDataLiveDead_Competition/Green/Green_G11_2_01d16h00m.tif;data/image_processing_runs/sum159_competition_resegmentation/run_20260720_143217/masks/cell/SUM159_J00_Competition_G11_2_01d16h00m_cell_masks.tif,manuscript_figures/20260729_sum159_label_swap_evidence_figures/polishing/layout/layout_plan.csv,manuscript_figures/20260729_sum159_label_swap_evidence_figures/polishing/subpanels/sum159_evidence_4d.png,agent-dev/manuscript_integration/20260729_v03_figure_set_integration/semantic_interpretations/S18_d.md
