stage	manuscript_figure_name	current_figure_name	source_root	script_path	working_directory	command	target_image_path	target_sha256	rebuild_output_path	rebuild_sha256	hash_match_status	direct_input_paths	dependency_paths	immutable_raster_inputs
integration	Figure 1	F1	manuscript_figures/20260722T141236_resegmentation_fix	agent-dev/manuscript_integration/20260729_v03_figure_set_integration/package_rebuilds/resegmentation_core/scripts/polish_figures.R	.	scripts/agentRrunner.sh agent-dev/manuscript_integration/20260729_v03_figure_set_integration/package_rebuilds/resegmentation_core/scripts/polish_figures.R --phase final --project-root .	manuscript_figures/20260722T141236_resegmentation_fix/final_images/figure_1.png	141a692d3fe11197b8780b4e85a31bbad2539cbbf98ced319a3ff9a385a8d262	agent-dev/manuscript_integration/20260729_v03_figure_set_integration/package_rebuilds/resegmentation_core/final_images/figure_1.png	141a692d3fe11197b8780b4e85a31bbad2539cbbf98ced319a3ff9a385a8d262	match	data/image_processing_runs/full_segmentation_classification_nuclear/run_20260721_163410/summaries/cell_nuclear_area_summaries.Rds;data/image_processing_validation/segmentation_classifier_90frame/20260722;data/modelling/gpath_v1/red_a30_counts_20260722/datasets/all_lines/stan_data.Rds	agent-dev/manuscript_integration/20260729_v03_figure_set_integration/final_figure_scripts/package_scripts/resegmentation_core/contract.json;agent-dev/manuscript_integration/20260729_v03_figure_set_integration/final_figure_scripts/package_scripts/resegmentation_core/layout/Figure_1_layout_preview.png;agent-dev/manuscript_integration/20260729_v03_figure_set_integration/final_figure_scripts/package_scripts/resegmentation_core/layout/Figure_2_layout_preview.png;agent-dev/manuscript_integration/20260729_v03_figure_set_integration/final_figure_scripts/package_scripts/resegmentation_core/layout/Figure_S1_layout_preview.png;agent-dev/manuscript_integration/20260729_v03_figure_set_integration/final_figure_scripts/package_scripts/resegmentation_core/layout/Figure_S2_layout_preview.png;agent-dev/manuscript_integration/20260729_v03_figure_set_integration/final_figure_scripts/package_scripts/resegmentation_core/layout/Figure_S3_layout_preview.png;agent-dev/manuscript_integration/20260729_v03_figure_set_integration/final_figure_scripts/package_scripts/resegmentation_core/layout/Figure_S4_layout_preview.png;agent-dev/manuscript_integration/20260729_v03_figure_set_integration/final_figure_scripts/package_scripts/resegmentation_core/layout/layout_plan.csv;agent-dev/manuscript_integration/20260729_v03_figure_set_integration/final_figure_scripts/package_scripts/resegmentation_core/layout/layout_report.md;agent-dev/manuscript_integration/20260729_v03_figure_set_integration/final_figure_scripts/package_scripts/resegmentation_core/layout/subpanel_dimensions.csv;agent-dev/manuscript_integration/20260729_v03_figure_set_integration/final_figure_scripts/package_scripts/resegmentation_core/notes.md;agent-dev/manuscript_integration/20260729_v03_figure_set_integration/final_figure_scripts/package_scripts/resegmentation_core/panel_map.csv;agent-dev/manuscript_integration/20260729_v03_figure_set_integration/final_figure_scripts/package_scripts/resegmentation_core/provenance.csv;agent-dev/manuscript_integration/20260729_v03_figure_set_integration/final_figure_scripts/package_scripts/resegmentation_core/scripts/polish_figures.R;agent-dev/manuscript_integration/20260729_v03_figure_set_integration/final_figure_scripts/package_scripts/resegmentation_core/scripts/recycled_constructors.R;agent-dev/manuscript_integration/20260729_v03_figure_set_integration/final_figure_scripts/package_scripts/resegmentation_core/validation_report.json;agent-dev/manuscript_integration/20260729_v03_figure_set_integration/final_figure_scripts/package_scripts/resegmentation_core/visual_qc.md	NA
package_wrapper	Figure 1	F1	agent-dev/manuscript_integration/20260729_v03_figure_set_integration	agent-dev/manuscript_integration/20260729_v03_figure_set_integration/final_figure_scripts/run_all_figures.sh	.	agent-dev/manuscript_integration/20260729_v03_figure_set_integration/final_figure_scripts/run_all_figures.sh	agent-dev/manuscript_integration/20260729_v03_figure_set_integration/final_images/F1.png	141a692d3fe11197b8780b4e85a31bbad2539cbbf98ced319a3ff9a385a8d262	agent-dev/manuscript_integration/20260729_v03_figure_set_integration/final_images/F1.png	141a692d3fe11197b8780b4e85a31bbad2539cbbf98ced319a3ff9a385a8d262	match	data/image_processing_runs/full_segmentation_classification_nuclear/run_20260721_163410/summaries/cell_nuclear_area_summaries.Rds;data/image_processing_validation/segmentation_classifier_90frame/20260722;data/modelling/gpath_v1/red_a30_counts_20260722/datasets/all_lines/stan_data.Rds	agent-dev/manuscript_integration/20260729_v03_figure_set_integration/normalize_verified_rebuilds.py	NA
integration	Figure 2	F2	manuscript_figures/20260722T141236_resegmentation_fix	agent-dev/manuscript_integration/20260729_v03_figure_set_integration/package_rebuilds/resegmentation_core/scripts/polish_figures.R	.	scripts/agentRrunner.sh agent-dev/manuscript_integration/20260729_v03_figure_set_integration/package_rebuilds/resegmentation_core/scripts/polish_figures.R --phase final --project-root .	manuscript_figures/20260722T141236_resegmentation_fix/final_images/figure_2.png	a719945ec28ea6ccb88c08c4a7ff97189226baa31995d349d5e988e2e8d7becb	agent-dev/manuscript_integration/20260729_v03_figure_set_integration/package_rebuilds/resegmentation_core/final_images/figure_2.png	a719945ec28ea6ccb88c08c4a7ff97189226baa31995d349d5e988e2e8d7becb	match	data/empirical_features/20260722/model_free_features.Rds;data/modelling/gpath_v1/red_a30_counts_20260722/datasets/all_lines/stan_data.Rds	agent-dev/manuscript_integration/20260729_v03_figure_set_integration/final_figure_scripts/package_scripts/resegmentation_core/contract.json;agent-dev/manuscript_integration/20260729_v03_figure_set_integration/final_figure_scripts/package_scripts/resegmentation_core/layout/Figure_1_layout_preview.png;agent-dev/manuscript_integration/20260729_v03_figure_set_integration/final_figure_scripts/package_scripts/resegmentation_core/layout/Figure_2_layout_preview.png;agent-dev/manuscript_integration/20260729_v03_figure_set_integration/final_figure_scripts/package_scripts/resegmentation_core/layout/Figure_S1_layout_preview.png;agent-dev/manuscript_integration/20260729_v03_figure_set_integration/final_figure_scripts/package_scripts/resegmentation_core/layout/Figure_S2_layout_preview.png;agent-dev/manuscript_integration/20260729_v03_figure_set_integration/final_figure_scripts/package_scripts/resegmentation_core/layout/Figure_S3_layout_preview.png;agent-dev/manuscript_integration/20260729_v03_figure_set_integration/final_figure_scripts/package_scripts/resegmentation_core/layout/Figure_S4_layout_preview.png;agent-dev/manuscript_integration/20260729_v03_figure_set_integration/final_figure_scripts/package_scripts/resegmentation_core/layout/layout_plan.csv;agent-dev/manuscript_integration/20260729_v03_figure_set_integration/final_figure_scripts/package_scripts/resegmentation_core/layout/layout_report.md;agent-dev/manuscript_integration/20260729_v03_figure_set_integration/final_figure_scripts/package_scripts/resegmentation_core/layout/subpanel_dimensions.csv;agent-dev/manuscript_integration/20260729_v03_figure_set_integration/final_figure_scripts/package_scripts/resegmentation_core/notes.md;agent-dev/manuscript_integration/20260729_v03_figure_set_integration/final_figure_scripts/package_scripts/resegmentation_core/panel_map.csv;agent-dev/manuscript_integration/20260729_v03_figure_set_integration/final_figure_scripts/package_scripts/resegmentation_core/provenance.csv;agent-dev/manuscript_integration/20260729_v03_figure_set_integration/final_figure_scripts/package_scripts/resegmentation_core/scripts/polish_figures.R;agent-dev/manuscript_integration/20260729_v03_figure_set_integration/final_figure_scripts/package_scripts/resegmentation_core/scripts/recycled_constructors.R;agent-dev/manuscript_integration/20260729_v03_figure_set_integration/final_figure_scripts/package_scripts/resegmentation_core/validation_report.json;agent-dev/manuscript_integration/20260729_v03_figure_set_integration/final_figure_scripts/package_scripts/resegmentation_core/visual_qc.md	NA
package_wrapper	Figure 2	F2	agent-dev/manuscript_integration/20260729_v03_figure_set_integration	agent-dev/manuscript_integration/20260729_v03_figure_set_integration/final_figure_scripts/run_all_figures.sh	.	agent-dev/manuscript_integration/20260729_v03_figure_set_integration/final_figure_scripts/run_all_figures.sh	agent-dev/manuscript_integration/20260729_v03_figure_set_integration/final_images/F2.png	a719945ec28ea6ccb88c08c4a7ff97189226baa31995d349d5e988e2e8d7becb	agent-dev/manuscript_integration/20260729_v03_figure_set_integration/final_images/F2.png	a719945ec28ea6ccb88c08c4a7ff97189226baa31995d349d5e988e2e8d7becb	match	data/empirical_features/20260722/model_free_features.Rds;data/modelling/gpath_v1/red_a30_counts_20260722/datasets/all_lines/stan_data.Rds	agent-dev/manuscript_integration/20260729_v03_figure_set_integration/normalize_verified_rebuilds.py	NA
integration	Figure 3	F3	manuscript_figures/20260722T141236_resegmentation_fix	agent-dev/manuscript_integration/20260729_v03_figure_set_integration/final_figure_scripts/package_scripts/mechanistic_diagnostics/polish_figures.R	.	scripts/agentRrunner.sh agent-dev/manuscript_integration/20260729_v03_figure_set_integration/final_figure_scripts/package_scripts/mechanistic_diagnostics/polish_figures.R --output-root agent-dev/manuscript_integration/20260729_v03_figure_set_integration/package_rebuilds/mechanistic_diagnostics	manuscript_figures/20260722T141236_resegmentation_fix/final_images/figure_3.png	d1ebc090f854197bcba87128cd9770e052827d97a581c8e994fb54b9637af2bc	agent-dev/manuscript_integration/20260729_v03_figure_set_integration/package_rebuilds/mechanistic_diagnostics/final_images/figure_3.png	d1ebc090f854197bcba87128cd9770e052827d97a581c8e994fb54b9637af2bc	match	data/modelling/gpath_v1/red_a30_counts_20260722/datasets/all_lines/stan_data.Rds;data/modelling/gpath_v1/red_a30_counts_20260722/derived/optimization/assessment.Rds;data/modelling/gpath_v1/red_a30_counts_20260722/derived/posterior/predictions/all_lines;data/modelling/gpath_v1/red_a30_counts_20260722/derived/posterior/qc.Rds	agent-dev/manuscript_integration/20260729_v03_figure_set_integration/final_figure_scripts/package_scripts/mechanistic_diagnostics/polish_figures.R	figures/user-approved-raster-figures/model_family_schematic_placeholder.png
package_wrapper	Figure 3	F3	agent-dev/manuscript_integration/20260729_v03_figure_set_integration	agent-dev/manuscript_integration/20260729_v03_figure_set_integration/final_figure_scripts/run_all_figures.sh	.	agent-dev/manuscript_integration/20260729_v03_figure_set_integration/final_figure_scripts/run_all_figures.sh	agent-dev/manuscript_integration/20260729_v03_figure_set_integration/final_images/F3.png	d1ebc090f854197bcba87128cd9770e052827d97a581c8e994fb54b9637af2bc	agent-dev/manuscript_integration/20260729_v03_figure_set_integration/final_images/F3.png	d1ebc090f854197bcba87128cd9770e052827d97a581c8e994fb54b9637af2bc	match	data/modelling/gpath_v1/red_a30_counts_20260722/datasets/all_lines/stan_data.Rds;data/modelling/gpath_v1/red_a30_counts_20260722/derived/optimization/assessment.Rds;data/modelling/gpath_v1/red_a30_counts_20260722/derived/posterior/predictions/all_lines;data/modelling/gpath_v1/red_a30_counts_20260722/derived/posterior/qc.Rds	agent-dev/manuscript_integration/20260729_v03_figure_set_integration/normalize_verified_rebuilds.py	figures/user-approved-raster-figures/model_family_schematic_placeholder.png
integration	Figure 4	F4	manuscript_figures/20260722T141236_resegmentation_fix	agent-dev/manuscript_integration/20260729_v03_figure_set_integration/final_figure_scripts/package_scripts/posterior_size_context/polish_figures.R	.	scripts/agentRrunner.sh agent-dev/manuscript_integration/20260729_v03_figure_set_integration/final_figure_scripts/package_scripts/posterior_size_context/polish_figures.R --output-root agent-dev/manuscript_integration/20260729_v03_figure_set_integration/package_rebuilds/posterior_size_context	manuscript_figures/20260722T141236_resegmentation_fix/final_images/figure_4.png	689f049463e57e64123fecf5c9e66b5dc30b1b45d3b381993c462b8af3492de6	agent-dev/manuscript_integration/20260729_v03_figure_set_integration/package_rebuilds/posterior_size_context/final_images/figure_4.png	689f049463e57e64123fecf5c9e66b5dc30b1b45d3b381993c462b8af3492de6	match	data/image_processing_runs/full_segmentation_classification_nuclear/run_20260721_163410/summaries/cell_nuclear_area_summaries.Rds;data/modelling/gpath_v1/red_a30_counts_20260722/datasets;data/modelling/gpath_v1/red_a30_counts_20260722/derived/posterior	agent-dev/manuscript_integration/20260729_v03_figure_set_integration/final_figure_scripts/package_scripts/posterior_size_context/polish_figures.R	NA
package_wrapper	Figure 4	F4	agent-dev/manuscript_integration/20260729_v03_figure_set_integration	agent-dev/manuscript_integration/20260729_v03_figure_set_integration/final_figure_scripts/run_all_figures.sh	.	agent-dev/manuscript_integration/20260729_v03_figure_set_integration/final_figure_scripts/run_all_figures.sh	agent-dev/manuscript_integration/20260729_v03_figure_set_integration/final_images/F4.png	689f049463e57e64123fecf5c9e66b5dc30b1b45d3b381993c462b8af3492de6	agent-dev/manuscript_integration/20260729_v03_figure_set_integration/final_images/F4.png	689f049463e57e64123fecf5c9e66b5dc30b1b45d3b381993c462b8af3492de6	match	data/image_processing_runs/full_segmentation_classification_nuclear/run_20260721_163410/summaries/cell_nuclear_area_summaries.Rds;data/modelling/gpath_v1/red_a30_counts_20260722/datasets;data/modelling/gpath_v1/red_a30_counts_20260722/derived/posterior	agent-dev/manuscript_integration/20260729_v03_figure_set_integration/normalize_verified_rebuilds.py	NA
integration	Figure 5	F5	manuscript_figures/20260728_posterior_strategy_figure_set/F5/polishing	agent-dev/manuscript_integration/20260729_v03_figure_set_integration/package_rebuilds/posterior_strategy_F5/scripts/polish_figures.R	.	scripts/agentRrunner.sh agent-dev/manuscript_integration/20260729_v03_figure_set_integration/package_rebuilds/posterior_strategy_F5/scripts/polish_figures.R --phase final	manuscript_figures/20260728_posterior_strategy_figure_set/F5/polishing/final_images/figure_5.png	375fbd6339ffe8f55e6503f9a717410d907f3ec5f3c3adb2e3c60d2d0287326d	agent-dev/manuscript_integration/20260729_v03_figure_set_integration/package_rebuilds/posterior_strategy_F5/final_images/figure_5.png	375fbd6339ffe8f55e6503f9a717410d907f3ec5f3c3adb2e3c60d2d0287326d	match	data/modelling/gpath_v1/red_a30_counts_20260722/datasets/loo_exclude_sum_159_fuse/stan_data.Rds;data/modelling/gpath_v1/red_a30_counts_20260722/derived/plans/prediction_tasks.tsv;data/modelling/gpath_v1/red_a30_counts_20260722/derived/posterior/strategy_simulations/runs/seed3density_7g_xxx_xcc_axax_20260727/manifest.tsv;data/modelling/gpath_v1/red_a30_counts_20260722/derived/posterior/strategy_simulations/runs/seed3density_7g_xxx_xcc_axax_20260727/validation.json	agent-dev/manuscript_integration/20260729_v03_figure_set_integration/final_figure_scripts/package_scripts/posterior_strategy_F5/contract.json;agent-dev/manuscript_integration/20260729_v03_figure_set_integration/final_figure_scripts/package_scripts/posterior_strategy_F5/derived/figure_5_panel_data.qs;agent-dev/manuscript_integration/20260729_v03_figure_set_integration/final_figure_scripts/package_scripts/posterior_strategy_F5/layout/Figure_5_layout_preview.png;agent-dev/manuscript_integration/20260729_v03_figure_set_integration/final_figure_scripts/package_scripts/posterior_strategy_F5/layout/layout_plan.csv;agent-dev/manuscript_integration/20260729_v03_figure_set_integration/final_figure_scripts/package_scripts/posterior_strategy_F5/layout/layout_report.md;agent-dev/manuscript_integration/20260729_v03_figure_set_integration/final_figure_scripts/package_scripts/posterior_strategy_F5/layout/subpanel_dimensions.csv;agent-dev/manuscript_integration/20260729_v03_figure_set_integration/final_figure_scripts/package_scripts/posterior_strategy_F5/notes.md;agent-dev/manuscript_integration/20260729_v03_figure_set_integration/final_figure_scripts/package_scripts/posterior_strategy_F5/panel_map.csv;agent-dev/manuscript_integration/20260729_v03_figure_set_integration/final_figure_scripts/package_scripts/posterior_strategy_F5/provenance.csv;agent-dev/manuscript_integration/20260729_v03_figure_set_integration/final_figure_scripts/package_scripts/posterior_strategy_F5/scripts/polish_figures.R;agent-dev/manuscript_integration/20260729_v03_figure_set_integration/final_figure_scripts/package_scripts/posterior_strategy_F5/validation_report.json;agent-dev/manuscript_integration/20260729_v03_figure_set_integration/final_figure_scripts/package_scripts/posterior_strategy_F5/visual_qc.md	NA
package_wrapper	Figure 5	F5	agent-dev/manuscript_integration/20260729_v03_figure_set_integration	agent-dev/manuscript_integration/20260729_v03_figure_set_integration/final_figure_scripts/run_all_figures.sh	.	agent-dev/manuscript_integration/20260729_v03_figure_set_integration/final_figure_scripts/run_all_figures.sh	agent-dev/manuscript_integration/20260729_v03_figure_set_integration/final_images/F5.png	375fbd6339ffe8f55e6503f9a717410d907f3ec5f3c3adb2e3c60d2d0287326d	agent-dev/manuscript_integration/20260729_v03_figure_set_integration/final_images/F5.png	375fbd6339ffe8f55e6503f9a717410d907f3ec5f3c3adb2e3c60d2d0287326d	match	data/modelling/gpath_v1/red_a30_counts_20260722/datasets/loo_exclude_sum_159_fuse/stan_data.Rds;data/modelling/gpath_v1/red_a30_counts_20260722/derived/plans/prediction_tasks.tsv;data/modelling/gpath_v1/red_a30_counts_20260722/derived/posterior/strategy_simulations/runs/seed3density_7g_xxx_xcc_axax_20260727/manifest.tsv;data/modelling/gpath_v1/red_a30_counts_20260722/derived/posterior/strategy_simulations/runs/seed3density_7g_xxx_xcc_axax_20260727/validation.json	agent-dev/manuscript_integration/20260729_v03_figure_set_integration/normalize_verified_rebuilds.py	NA
integration	Figure S1	S1	manuscript_figures/20260722T141236_resegmentation_fix	agent-dev/manuscript_integration/20260729_v03_figure_set_integration/package_rebuilds/resegmentation_core/scripts/polish_figures.R	.	scripts/agentRrunner.sh agent-dev/manuscript_integration/20260729_v03_figure_set_integration/package_rebuilds/resegmentation_core/scripts/polish_figures.R --phase final --project-root .	manuscript_figures/20260722T141236_resegmentation_fix/final_images/figure_s1.png	b910b61f5dc0cafbcacfe2b1232bb45820ce1945606a10809376fb7cae06511f	agent-dev/manuscript_integration/20260729_v03_figure_set_integration/package_rebuilds/resegmentation_core/final_images/figure_s1.png	b910b61f5dc0cafbcacfe2b1232bb45820ce1945606a10809376fb7cae06511f	match	data/modelling/gpath_v1/red_a30_counts_20260722/datasets/all_lines/stan_data.Rds	agent-dev/manuscript_integration/20260729_v03_figure_set_integration/final_figure_scripts/package_scripts/resegmentation_core/contract.json;agent-dev/manuscript_integration/20260729_v03_figure_set_integration/final_figure_scripts/package_scripts/resegmentation_core/layout/Figure_1_layout_preview.png;agent-dev/manuscript_integration/20260729_v03_figure_set_integration/final_figure_scripts/package_scripts/resegmentation_core/layout/Figure_2_layout_preview.png;agent-dev/manuscript_integration/20260729_v03_figure_set_integration/final_figure_scripts/package_scripts/resegmentation_core/layout/Figure_S1_layout_preview.png;agent-dev/manuscript_integration/20260729_v03_figure_set_integration/final_figure_scripts/package_scripts/resegmentation_core/layout/Figure_S2_layout_preview.png;agent-dev/manuscript_integration/20260729_v03_figure_set_integration/final_figure_scripts/package_scripts/resegmentation_core/layout/Figure_S3_layout_preview.png;agent-dev/manuscript_integration/20260729_v03_figure_set_integration/final_figure_scripts/package_scripts/resegmentation_core/layout/Figure_S4_layout_preview.png;agent-dev/manuscript_integration/20260729_v03_figure_set_integration/final_figure_scripts/package_scripts/resegmentation_core/layout/layout_plan.csv;agent-dev/manuscript_integration/20260729_v03_figure_set_integration/final_figure_scripts/package_scripts/resegmentation_core/layout/layout_report.md;agent-dev/manuscript_integration/20260729_v03_figure_set_integration/final_figure_scripts/package_scripts/resegmentation_core/layout/subpanel_dimensions.csv;agent-dev/manuscript_integration/20260729_v03_figure_set_integration/final_figure_scripts/package_scripts/resegmentation_core/notes.md;agent-dev/manuscript_integration/20260729_v03_figure_set_integration/final_figure_scripts/package_scripts/resegmentation_core/panel_map.csv;agent-dev/manuscript_integration/20260729_v03_figure_set_integration/final_figure_scripts/package_scripts/resegmentation_core/provenance.csv;agent-dev/manuscript_integration/20260729_v03_figure_set_integration/final_figure_scripts/package_scripts/resegmentation_core/scripts/polish_figures.R;agent-dev/manuscript_integration/20260729_v03_figure_set_integration/final_figure_scripts/package_scripts/resegmentation_core/scripts/recycled_constructors.R;agent-dev/manuscript_integration/20260729_v03_figure_set_integration/final_figure_scripts/package_scripts/resegmentation_core/validation_report.json;agent-dev/manuscript_integration/20260729_v03_figure_set_integration/final_figure_scripts/package_scripts/resegmentation_core/visual_qc.md	NA
package_wrapper	Figure S1	S1	agent-dev/manuscript_integration/20260729_v03_figure_set_integration	agent-dev/manuscript_integration/20260729_v03_figure_set_integration/final_figure_scripts/run_all_figures.sh	.	agent-dev/manuscript_integration/20260729_v03_figure_set_integration/final_figure_scripts/run_all_figures.sh	agent-dev/manuscript_integration/20260729_v03_figure_set_integration/final_images/S1.png	b910b61f5dc0cafbcacfe2b1232bb45820ce1945606a10809376fb7cae06511f	agent-dev/manuscript_integration/20260729_v03_figure_set_integration/final_images/S1.png	b910b61f5dc0cafbcacfe2b1232bb45820ce1945606a10809376fb7cae06511f	match	data/modelling/gpath_v1/red_a30_counts_20260722/datasets/all_lines/stan_data.Rds	agent-dev/manuscript_integration/20260729_v03_figure_set_integration/normalize_verified_rebuilds.py	NA
integration	Figure S2	S2	manuscript_figures/20260722T141236_resegmentation_fix	agent-dev/manuscript_integration/20260729_v03_figure_set_integration/package_rebuilds/resegmentation_core/scripts/polish_figures.R	.	scripts/agentRrunner.sh agent-dev/manuscript_integration/20260729_v03_figure_set_integration/package_rebuilds/resegmentation_core/scripts/polish_figures.R --phase final --project-root .	manuscript_figures/20260722T141236_resegmentation_fix/final_images/figure_s2.png	8a8ff36cf20449ba3372d7740ca4ab2cfc43b603a28fde870b4367e66abb6f6e	agent-dev/manuscript_integration/20260729_v03_figure_set_integration/package_rebuilds/resegmentation_core/final_images/figure_s2.png	8a8ff36cf20449ba3372d7740ca4ab2cfc43b603a28fde870b4367e66abb6f6e	match	data/image_processing_validation/segmentation_classifier_90frame/20260722;data/modelling/gpath_v1/red_a30_counts_20260722/datasets/all_lines/stan_data.Rds	agent-dev/manuscript_integration/20260729_v03_figure_set_integration/final_figure_scripts/package_scripts/resegmentation_core/contract.json;agent-dev/manuscript_integration/20260729_v03_figure_set_integration/final_figure_scripts/package_scripts/resegmentation_core/layout/Figure_1_layout_preview.png;agent-dev/manuscript_integration/20260729_v03_figure_set_integration/final_figure_scripts/package_scripts/resegmentation_core/layout/Figure_2_layout_preview.png;agent-dev/manuscript_integration/20260729_v03_figure_set_integration/final_figure_scripts/package_scripts/resegmentation_core/layout/Figure_S1_layout_preview.png;agent-dev/manuscript_integration/20260729_v03_figure_set_integration/final_figure_scripts/package_scripts/resegmentation_core/layout/Figure_S2_layout_preview.png;agent-dev/manuscript_integration/20260729_v03_figure_set_integration/final_figure_scripts/package_scripts/resegmentation_core/layout/Figure_S3_layout_preview.png;agent-dev/manuscript_integration/20260729_v03_figure_set_integration/final_figure_scripts/package_scripts/resegmentation_core/layout/Figure_S4_layout_preview.png;agent-dev/manuscript_integration/20260729_v03_figure_set_integration/final_figure_scripts/package_scripts/resegmentation_core/layout/layout_plan.csv;agent-dev/manuscript_integration/20260729_v03_figure_set_integration/final_figure_scripts/package_scripts/resegmentation_core/layout/layout_report.md;agent-dev/manuscript_integration/20260729_v03_figure_set_integration/final_figure_scripts/package_scripts/resegmentation_core/layout/subpanel_dimensions.csv;agent-dev/manuscript_integration/20260729_v03_figure_set_integration/final_figure_scripts/package_scripts/resegmentation_core/notes.md;agent-dev/manuscript_integration/20260729_v03_figure_set_integration/final_figure_scripts/package_scripts/resegmentation_core/panel_map.csv;agent-dev/manuscript_integration/20260729_v03_figure_set_integration/final_figure_scripts/package_scripts/resegmentation_core/provenance.csv;agent-dev/manuscript_integration/20260729_v03_figure_set_integration/final_figure_scripts/package_scripts/resegmentation_core/scripts/polish_figures.R;agent-dev/manuscript_integration/20260729_v03_figure_set_integration/final_figure_scripts/package_scripts/resegmentation_core/scripts/recycled_constructors.R;agent-dev/manuscript_integration/20260729_v03_figure_set_integration/final_figure_scripts/package_scripts/resegmentation_core/validation_report.json;agent-dev/manuscript_integration/20260729_v03_figure_set_integration/final_figure_scripts/package_scripts/resegmentation_core/visual_qc.md	NA
package_wrapper	Figure S2	S2	agent-dev/manuscript_integration/20260729_v03_figure_set_integration	agent-dev/manuscript_integration/20260729_v03_figure_set_integration/final_figure_scripts/run_all_figures.sh	.	agent-dev/manuscript_integration/20260729_v03_figure_set_integration/final_figure_scripts/run_all_figures.sh	agent-dev/manuscript_integration/20260729_v03_figure_set_integration/final_images/S2.png	8a8ff36cf20449ba3372d7740ca4ab2cfc43b603a28fde870b4367e66abb6f6e	agent-dev/manuscript_integration/20260729_v03_figure_set_integration/final_images/S2.png	8a8ff36cf20449ba3372d7740ca4ab2cfc43b603a28fde870b4367e66abb6f6e	match	data/image_processing_validation/segmentation_classifier_90frame/20260722;data/modelling/gpath_v1/red_a30_counts_20260722/datasets/all_lines/stan_data.Rds	agent-dev/manuscript_integration/20260729_v03_figure_set_integration/normalize_verified_rebuilds.py	NA
integration	Figure S3	S3	manuscript_figures/20260722T141236_resegmentation_fix	agent-dev/manuscript_integration/20260729_v03_figure_set_integration/package_rebuilds/resegmentation_core/scripts/polish_figures.R	.	scripts/agentRrunner.sh agent-dev/manuscript_integration/20260729_v03_figure_set_integration/package_rebuilds/resegmentation_core/scripts/polish_figures.R --phase final --project-root .	manuscript_figures/20260722T141236_resegmentation_fix/final_images/figure_s3.png	5351f8591952344b17033e12b706a6f39119c1c77e5ddf2f18a1d567d1e26bdf	agent-dev/manuscript_integration/20260729_v03_figure_set_integration/package_rebuilds/resegmentation_core/final_images/figure_s3.png	5351f8591952344b17033e12b706a6f39119c1c77e5ddf2f18a1d567d1e26bdf	match	data/empirical_features/20260722/model_free_features.Rds	agent-dev/manuscript_integration/20260729_v03_figure_set_integration/final_figure_scripts/package_scripts/resegmentation_core/contract.json;agent-dev/manuscript_integration/20260729_v03_figure_set_integration/final_figure_scripts/package_scripts/resegmentation_core/layout/Figure_1_layout_preview.png;agent-dev/manuscript_integration/20260729_v03_figure_set_integration/final_figure_scripts/package_scripts/resegmentation_core/layout/Figure_2_layout_preview.png;agent-dev/manuscript_integration/20260729_v03_figure_set_integration/final_figure_scripts/package_scripts/resegmentation_core/layout/Figure_S1_layout_preview.png;agent-dev/manuscript_integration/20260729_v03_figure_set_integration/final_figure_scripts/package_scripts/resegmentation_core/layout/Figure_S2_layout_preview.png;agent-dev/manuscript_integration/20260729_v03_figure_set_integration/final_figure_scripts/package_scripts/resegmentation_core/layout/Figure_S3_layout_preview.png;agent-dev/manuscript_integration/20260729_v03_figure_set_integration/final_figure_scripts/package_scripts/resegmentation_core/layout/Figure_S4_layout_preview.png;agent-dev/manuscript_integration/20260729_v03_figure_set_integration/final_figure_scripts/package_scripts/resegmentation_core/layout/layout_plan.csv;agent-dev/manuscript_integration/20260729_v03_figure_set_integration/final_figure_scripts/package_scripts/resegmentation_core/layout/layout_report.md;agent-dev/manuscript_integration/20260729_v03_figure_set_integration/final_figure_scripts/package_scripts/resegmentation_core/layout/subpanel_dimensions.csv;agent-dev/manuscript_integration/20260729_v03_figure_set_integration/final_figure_scripts/package_scripts/resegmentation_core/notes.md;agent-dev/manuscript_integration/20260729_v03_figure_set_integration/final_figure_scripts/package_scripts/resegmentation_core/panel_map.csv;agent-dev/manuscript_integration/20260729_v03_figure_set_integration/final_figure_scripts/package_scripts/resegmentation_core/provenance.csv;agent-dev/manuscript_integration/20260729_v03_figure_set_integration/final_figure_scripts/package_scripts/resegmentation_core/scripts/polish_figures.R;agent-dev/manuscript_integration/20260729_v03_figure_set_integration/final_figure_scripts/package_scripts/resegmentation_core/scripts/recycled_constructors.R;agent-dev/manuscript_integration/20260729_v03_figure_set_integration/final_figure_scripts/package_scripts/resegmentation_core/validation_report.json;agent-dev/manuscript_integration/20260729_v03_figure_set_integration/final_figure_scripts/package_scripts/resegmentation_core/visual_qc.md	NA
package_wrapper	Figure S3	S3	agent-dev/manuscript_integration/20260729_v03_figure_set_integration	agent-dev/manuscript_integration/20260729_v03_figure_set_integration/final_figure_scripts/run_all_figures.sh	.	agent-dev/manuscript_integration/20260729_v03_figure_set_integration/final_figure_scripts/run_all_figures.sh	agent-dev/manuscript_integration/20260729_v03_figure_set_integration/final_images/S3.png	5351f8591952344b17033e12b706a6f39119c1c77e5ddf2f18a1d567d1e26bdf	agent-dev/manuscript_integration/20260729_v03_figure_set_integration/final_images/S3.png	5351f8591952344b17033e12b706a6f39119c1c77e5ddf2f18a1d567d1e26bdf	match	data/empirical_features/20260722/model_free_features.Rds	agent-dev/manuscript_integration/20260729_v03_figure_set_integration/normalize_verified_rebuilds.py	NA
integration	Figure S4	S4	manuscript_figures/20260722T141236_resegmentation_fix	agent-dev/manuscript_integration/20260729_v03_figure_set_integration/package_rebuilds/resegmentation_core/scripts/polish_figures.R	.	scripts/agentRrunner.sh agent-dev/manuscript_integration/20260729_v03_figure_set_integration/package_rebuilds/resegmentation_core/scripts/polish_figures.R --phase final --project-root .	manuscript_figures/20260722T141236_resegmentation_fix/final_images/figure_s4.png	bb7d2b56c57c53513d7cca3bbaf2bbf13eac74bf1ee6b6f7d1ddad753828490b	agent-dev/manuscript_integration/20260729_v03_figure_set_integration/package_rebuilds/resegmentation_core/final_images/figure_s4.png	bb7d2b56c57c53513d7cca3bbaf2bbf13eac74bf1ee6b6f7d1ddad753828490b	match	data/empirical_features/20260722/model_free_features.Rds	agent-dev/manuscript_integration/20260729_v03_figure_set_integration/final_figure_scripts/package_scripts/resegmentation_core/contract.json;agent-dev/manuscript_integration/20260729_v03_figure_set_integration/final_figure_scripts/package_scripts/resegmentation_core/layout/Figure_1_layout_preview.png;agent-dev/manuscript_integration/20260729_v03_figure_set_integration/final_figure_scripts/package_scripts/resegmentation_core/layout/Figure_2_layout_preview.png;agent-dev/manuscript_integration/20260729_v03_figure_set_integration/final_figure_scripts/package_scripts/resegmentation_core/layout/Figure_S1_layout_preview.png;agent-dev/manuscript_integration/20260729_v03_figure_set_integration/final_figure_scripts/package_scripts/resegmentation_core/layout/Figure_S2_layout_preview.png;agent-dev/manuscript_integration/20260729_v03_figure_set_integration/final_figure_scripts/package_scripts/resegmentation_core/layout/Figure_S3_layout_preview.png;agent-dev/manuscript_integration/20260729_v03_figure_set_integration/final_figure_scripts/package_scripts/resegmentation_core/layout/Figure_S4_layout_preview.png;agent-dev/manuscript_integration/20260729_v03_figure_set_integration/final_figure_scripts/package_scripts/resegmentation_core/layout/layout_plan.csv;agent-dev/manuscript_integration/20260729_v03_figure_set_integration/final_figure_scripts/package_scripts/resegmentation_core/layout/layout_report.md;agent-dev/manuscript_integration/20260729_v03_figure_set_integration/final_figure_scripts/package_scripts/resegmentation_core/layout/subpanel_dimensions.csv;agent-dev/manuscript_integration/20260729_v03_figure_set_integration/final_figure_scripts/package_scripts/resegmentation_core/notes.md;agent-dev/manuscript_integration/20260729_v03_figure_set_integration/final_figure_scripts/package_scripts/resegmentation_core/panel_map.csv;agent-dev/manuscript_integration/20260729_v03_figure_set_integration/final_figure_scripts/package_scripts/resegmentation_core/provenance.csv;agent-dev/manuscript_integration/20260729_v03_figure_set_integration/final_figure_scripts/package_scripts/resegmentation_core/scripts/polish_figures.R;agent-dev/manuscript_integration/20260729_v03_figure_set_integration/final_figure_scripts/package_scripts/resegmentation_core/scripts/recycled_constructors.R;agent-dev/manuscript_integration/20260729_v03_figure_set_integration/final_figure_scripts/package_scripts/resegmentation_core/validation_report.json;agent-dev/manuscript_integration/20260729_v03_figure_set_integration/final_figure_scripts/package_scripts/resegmentation_core/visual_qc.md	NA
package_wrapper	Figure S4	S4	agent-dev/manuscript_integration/20260729_v03_figure_set_integration	agent-dev/manuscript_integration/20260729_v03_figure_set_integration/final_figure_scripts/run_all_figures.sh	.	agent-dev/manuscript_integration/20260729_v03_figure_set_integration/final_figure_scripts/run_all_figures.sh	agent-dev/manuscript_integration/20260729_v03_figure_set_integration/final_images/S4.png	bb7d2b56c57c53513d7cca3bbaf2bbf13eac74bf1ee6b6f7d1ddad753828490b	agent-dev/manuscript_integration/20260729_v03_figure_set_integration/final_images/S4.png	bb7d2b56c57c53513d7cca3bbaf2bbf13eac74bf1ee6b6f7d1ddad753828490b	match	data/empirical_features/20260722/model_free_features.Rds	agent-dev/manuscript_integration/20260729_v03_figure_set_integration/normalize_verified_rebuilds.py	NA
integration	Figure S5	S5	manuscript_figures/20260722T141236_resegmentation_fix	agent-dev/manuscript_integration/20260729_v03_figure_set_integration/final_figure_scripts/package_scripts/mechanistic_diagnostics/polish_figures.R	.	scripts/agentRrunner.sh agent-dev/manuscript_integration/20260729_v03_figure_set_integration/final_figure_scripts/package_scripts/mechanistic_diagnostics/polish_figures.R --output-root agent-dev/manuscript_integration/20260729_v03_figure_set_integration/package_rebuilds/mechanistic_diagnostics	manuscript_figures/20260722T141236_resegmentation_fix/final_images/figure_s5.png	28bf2174f3e68f5041520fe4152cac97a8341477817bf7d14f54f9a2a9a7500b	agent-dev/manuscript_integration/20260729_v03_figure_set_integration/package_rebuilds/mechanistic_diagnostics/final_images/figure_s5.png	28bf2174f3e68f5041520fe4152cac97a8341477817bf7d14f54f9a2a9a7500b	match	data/modelling/gpath_v1/red_a30_counts_20260722/datasets/all_lines/stan_data.Rds;data/modelling/gpath_v1/red_a30_counts_20260722/derived/optimization/assessment.Rds;data/modelling/gpath_v1/red_a30_counts_20260722/derived/posterior/predictions/all_lines;data/modelling/gpath_v1/red_a30_counts_20260722/derived/posterior/qc.Rds	agent-dev/manuscript_integration/20260729_v03_figure_set_integration/final_figure_scripts/package_scripts/mechanistic_diagnostics/polish_figures.R	NA
package_wrapper	Figure S5	S5	agent-dev/manuscript_integration/20260729_v03_figure_set_integration	agent-dev/manuscript_integration/20260729_v03_figure_set_integration/final_figure_scripts/run_all_figures.sh	.	agent-dev/manuscript_integration/20260729_v03_figure_set_integration/final_figure_scripts/run_all_figures.sh	agent-dev/manuscript_integration/20260729_v03_figure_set_integration/final_images/S5.png	28bf2174f3e68f5041520fe4152cac97a8341477817bf7d14f54f9a2a9a7500b	agent-dev/manuscript_integration/20260729_v03_figure_set_integration/final_images/S5.png	28bf2174f3e68f5041520fe4152cac97a8341477817bf7d14f54f9a2a9a7500b	match	data/modelling/gpath_v1/red_a30_counts_20260722/datasets/all_lines/stan_data.Rds;data/modelling/gpath_v1/red_a30_counts_20260722/derived/optimization/assessment.Rds;data/modelling/gpath_v1/red_a30_counts_20260722/derived/posterior/predictions/all_lines;data/modelling/gpath_v1/red_a30_counts_20260722/derived/posterior/qc.Rds	agent-dev/manuscript_integration/20260729_v03_figure_set_integration/normalize_verified_rebuilds.py	NA
integration	Figure S6	S6	manuscript_figures/20260722T141236_resegmentation_fix	agent-dev/manuscript_integration/20260729_v03_figure_set_integration/final_figure_scripts/package_scripts/mechanistic_diagnostics/polish_figures.R	.	scripts/agentRrunner.sh agent-dev/manuscript_integration/20260729_v03_figure_set_integration/final_figure_scripts/package_scripts/mechanistic_diagnostics/polish_figures.R --output-root agent-dev/manuscript_integration/20260729_v03_figure_set_integration/package_rebuilds/mechanistic_diagnostics	manuscript_figures/20260722T141236_resegmentation_fix/final_images/figure_s6.png	d1119af9f26a738fc96a4455cb18b11b3377fafa6f2a8c9405aa7fd524c19806	agent-dev/manuscript_integration/20260729_v03_figure_set_integration/package_rebuilds/mechanistic_diagnostics/final_images/figure_s6.png	d1119af9f26a738fc96a4455cb18b11b3377fafa6f2a8c9405aa7fd524c19806	match	data/modelling/gpath_v1/red_a30_counts_20260722/datasets/all_lines/stan_data.Rds;data/modelling/gpath_v1/red_a30_counts_20260722/derived/optimization/assessment.Rds;data/modelling/gpath_v1/red_a30_counts_20260722/derived/posterior/predictions/all_lines;data/modelling/gpath_v1/red_a30_counts_20260722/derived/posterior/qc.Rds	agent-dev/manuscript_integration/20260729_v03_figure_set_integration/final_figure_scripts/package_scripts/mechanistic_diagnostics/polish_figures.R	NA
package_wrapper	Figure S6	S6	agent-dev/manuscript_integration/20260729_v03_figure_set_integration	agent-dev/manuscript_integration/20260729_v03_figure_set_integration/final_figure_scripts/run_all_figures.sh	.	agent-dev/manuscript_integration/20260729_v03_figure_set_integration/final_figure_scripts/run_all_figures.sh	agent-dev/manuscript_integration/20260729_v03_figure_set_integration/final_images/S6.png	d1119af9f26a738fc96a4455cb18b11b3377fafa6f2a8c9405aa7fd524c19806	agent-dev/manuscript_integration/20260729_v03_figure_set_integration/final_images/S6.png	d1119af9f26a738fc96a4455cb18b11b3377fafa6f2a8c9405aa7fd524c19806	match	data/modelling/gpath_v1/red_a30_counts_20260722/datasets/all_lines/stan_data.Rds;data/modelling/gpath_v1/red_a30_counts_20260722/derived/optimization/assessment.Rds;data/modelling/gpath_v1/red_a30_counts_20260722/derived/posterior/predictions/all_lines;data/modelling/gpath_v1/red_a30_counts_20260722/derived/posterior/qc.Rds	agent-dev/manuscript_integration/20260729_v03_figure_set_integration/normalize_verified_rebuilds.py	NA
integration	Figure S7	S7	manuscript_figures/20260722T141236_resegmentation_fix	agent-dev/manuscript_integration/20260729_v03_figure_set_integration/final_figure_scripts/package_scripts/mechanistic_diagnostics/polish_figures.R	.	scripts/agentRrunner.sh agent-dev/manuscript_integration/20260729_v03_figure_set_integration/final_figure_scripts/package_scripts/mechanistic_diagnostics/polish_figures.R --output-root agent-dev/manuscript_integration/20260729_v03_figure_set_integration/package_rebuilds/mechanistic_diagnostics	manuscript_figures/20260722T141236_resegmentation_fix/final_images/figure_s7.png	230fa9a90349b3d9beb22daa0a32253b86f5fb90b1626c981fda0af821e80f67	agent-dev/manuscript_integration/20260729_v03_figure_set_integration/package_rebuilds/mechanistic_diagnostics/final_images/figure_s7.png	230fa9a90349b3d9beb22daa0a32253b86f5fb90b1626c981fda0af821e80f67	match	data/modelling/gpath_v1/red_a30_counts_20260722/datasets/all_lines/stan_data.Rds;data/modelling/gpath_v1/red_a30_counts_20260722/derived/optimization/assessment.Rds;data/modelling/gpath_v1/red_a30_counts_20260722/derived/posterior/predictions/all_lines;data/modelling/gpath_v1/red_a30_counts_20260722/derived/posterior/qc.Rds	agent-dev/manuscript_integration/20260729_v03_figure_set_integration/final_figure_scripts/package_scripts/mechanistic_diagnostics/polish_figures.R	NA
package_wrapper	Figure S7	S7	agent-dev/manuscript_integration/20260729_v03_figure_set_integration	agent-dev/manuscript_integration/20260729_v03_figure_set_integration/final_figure_scripts/run_all_figures.sh	.	agent-dev/manuscript_integration/20260729_v03_figure_set_integration/final_figure_scripts/run_all_figures.sh	agent-dev/manuscript_integration/20260729_v03_figure_set_integration/final_images/S7.png	230fa9a90349b3d9beb22daa0a32253b86f5fb90b1626c981fda0af821e80f67	agent-dev/manuscript_integration/20260729_v03_figure_set_integration/final_images/S7.png	230fa9a90349b3d9beb22daa0a32253b86f5fb90b1626c981fda0af821e80f67	match	data/modelling/gpath_v1/red_a30_counts_20260722/datasets/all_lines/stan_data.Rds;data/modelling/gpath_v1/red_a30_counts_20260722/derived/optimization/assessment.Rds;data/modelling/gpath_v1/red_a30_counts_20260722/derived/posterior/predictions/all_lines;data/modelling/gpath_v1/red_a30_counts_20260722/derived/posterior/qc.Rds	agent-dev/manuscript_integration/20260729_v03_figure_set_integration/normalize_verified_rebuilds.py	NA
integration	Figure S8	S8	manuscript_figures/20260722T141236_resegmentation_fix	agent-dev/manuscript_integration/20260729_v03_figure_set_integration/final_figure_scripts/package_scripts/mechanistic_diagnostics/polish_figures.R	.	scripts/agentRrunner.sh agent-dev/manuscript_integration/20260729_v03_figure_set_integration/final_figure_scripts/package_scripts/mechanistic_diagnostics/polish_figures.R --output-root agent-dev/manuscript_integration/20260729_v03_figure_set_integration/package_rebuilds/mechanistic_diagnostics	manuscript_figures/20260722T141236_resegmentation_fix/final_images/figure_s8.png	e08cfd788072878a7d6c06ac78053b523aaa22fecac02cfd699e05a50c346058	agent-dev/manuscript_integration/20260729_v03_figure_set_integration/package_rebuilds/mechanistic_diagnostics/final_images/figure_s8.png	e08cfd788072878a7d6c06ac78053b523aaa22fecac02cfd699e05a50c346058	match	data/modelling/gpath_v1/red_a30_counts_20260722/datasets/all_lines/stan_data.Rds;data/modelling/gpath_v1/red_a30_counts_20260722/derived/optimization/assessment.Rds;data/modelling/gpath_v1/red_a30_counts_20260722/derived/posterior/predictions/all_lines;data/modelling/gpath_v1/red_a30_counts_20260722/derived/posterior/qc.Rds	agent-dev/manuscript_integration/20260729_v03_figure_set_integration/final_figure_scripts/package_scripts/mechanistic_diagnostics/polish_figures.R	NA
package_wrapper	Figure S8	S8	agent-dev/manuscript_integration/20260729_v03_figure_set_integration	agent-dev/manuscript_integration/20260729_v03_figure_set_integration/final_figure_scripts/run_all_figures.sh	.	agent-dev/manuscript_integration/20260729_v03_figure_set_integration/final_figure_scripts/run_all_figures.sh	agent-dev/manuscript_integration/20260729_v03_figure_set_integration/final_images/S8.png	e08cfd788072878a7d6c06ac78053b523aaa22fecac02cfd699e05a50c346058	agent-dev/manuscript_integration/20260729_v03_figure_set_integration/final_images/S8.png	e08cfd788072878a7d6c06ac78053b523aaa22fecac02cfd699e05a50c346058	match	data/modelling/gpath_v1/red_a30_counts_20260722/datasets/all_lines/stan_data.Rds;data/modelling/gpath_v1/red_a30_counts_20260722/derived/optimization/assessment.Rds;data/modelling/gpath_v1/red_a30_counts_20260722/derived/posterior/predictions/all_lines;data/modelling/gpath_v1/red_a30_counts_20260722/derived/posterior/qc.Rds	agent-dev/manuscript_integration/20260729_v03_figure_set_integration/normalize_verified_rebuilds.py	NA
integration	Figure S9	S9	manuscript_figures/20260722T141236_resegmentation_fix	agent-dev/manuscript_integration/20260729_v03_figure_set_integration/final_figure_scripts/package_scripts/mechanistic_diagnostics/polish_figures.R	.	scripts/agentRrunner.sh agent-dev/manuscript_integration/20260729_v03_figure_set_integration/final_figure_scripts/package_scripts/mechanistic_diagnostics/polish_figures.R --output-root agent-dev/manuscript_integration/20260729_v03_figure_set_integration/package_rebuilds/mechanistic_diagnostics	manuscript_figures/20260722T141236_resegmentation_fix/final_images/figure_s9.png	07b898848b842e5a8d7185bd152e35fe4c5e8a3adcda3c86b3290d774b463d36	agent-dev/manuscript_integration/20260729_v03_figure_set_integration/package_rebuilds/mechanistic_diagnostics/final_images/figure_s9.png	07b898848b842e5a8d7185bd152e35fe4c5e8a3adcda3c86b3290d774b463d36	match	data/modelling/gpath_v1/red_a30_counts_20260722/datasets/all_lines/stan_data.Rds;data/modelling/gpath_v1/red_a30_counts_20260722/derived/optimization/assessment.Rds;data/modelling/gpath_v1/red_a30_counts_20260722/derived/posterior/predictions/all_lines;data/modelling/gpath_v1/red_a30_counts_20260722/derived/posterior/qc.Rds	agent-dev/manuscript_integration/20260729_v03_figure_set_integration/final_figure_scripts/package_scripts/mechanistic_diagnostics/polish_figures.R	NA
package_wrapper	Figure S9	S9	agent-dev/manuscript_integration/20260729_v03_figure_set_integration	agent-dev/manuscript_integration/20260729_v03_figure_set_integration/final_figure_scripts/run_all_figures.sh	.	agent-dev/manuscript_integration/20260729_v03_figure_set_integration/final_figure_scripts/run_all_figures.sh	agent-dev/manuscript_integration/20260729_v03_figure_set_integration/final_images/S9.png	07b898848b842e5a8d7185bd152e35fe4c5e8a3adcda3c86b3290d774b463d36	agent-dev/manuscript_integration/20260729_v03_figure_set_integration/final_images/S9.png	07b898848b842e5a8d7185bd152e35fe4c5e8a3adcda3c86b3290d774b463d36	match	data/modelling/gpath_v1/red_a30_counts_20260722/datasets/all_lines/stan_data.Rds;data/modelling/gpath_v1/red_a30_counts_20260722/derived/optimization/assessment.Rds;data/modelling/gpath_v1/red_a30_counts_20260722/derived/posterior/predictions/all_lines;data/modelling/gpath_v1/red_a30_counts_20260722/derived/posterior/qc.Rds	agent-dev/manuscript_integration/20260729_v03_figure_set_integration/normalize_verified_rebuilds.py	NA
integration	Figure S10	S10	manuscript_figures/20260722T141236_resegmentation_fix	agent-dev/manuscript_integration/20260729_v03_figure_set_integration/final_figure_scripts/package_scripts/posterior_size_context/polish_figures.R	.	scripts/agentRrunner.sh agent-dev/manuscript_integration/20260729_v03_figure_set_integration/final_figure_scripts/package_scripts/posterior_size_context/polish_figures.R --output-root agent-dev/manuscript_integration/20260729_v03_figure_set_integration/package_rebuilds/posterior_size_context	manuscript_figures/20260722T141236_resegmentation_fix/final_images/figure_s10.png	4033e89591214a5fa1f0427e8fc083cfed17576718aabce7c9072b6120f9a6d3	agent-dev/manuscript_integration/20260729_v03_figure_set_integration/package_rebuilds/posterior_size_context/final_images/figure_s10.png	4033e89591214a5fa1f0427e8fc083cfed17576718aabce7c9072b6120f9a6d3	match	data/image_processing_runs/full_segmentation_classification_nuclear/run_20260721_163410/summaries/cell_nuclear_area_summaries.Rds;data/modelling/gpath_v1/red_a30_counts_20260722/datasets;data/modelling/gpath_v1/red_a30_counts_20260722/derived/posterior	agent-dev/manuscript_integration/20260729_v03_figure_set_integration/final_figure_scripts/package_scripts/posterior_size_context/polish_figures.R	NA
package_wrapper	Figure S10	S10	agent-dev/manuscript_integration/20260729_v03_figure_set_integration	agent-dev/manuscript_integration/20260729_v03_figure_set_integration/final_figure_scripts/run_all_figures.sh	.	agent-dev/manuscript_integration/20260729_v03_figure_set_integration/final_figure_scripts/run_all_figures.sh	agent-dev/manuscript_integration/20260729_v03_figure_set_integration/final_images/S10.png	4033e89591214a5fa1f0427e8fc083cfed17576718aabce7c9072b6120f9a6d3	agent-dev/manuscript_integration/20260729_v03_figure_set_integration/final_images/S10.png	4033e89591214a5fa1f0427e8fc083cfed17576718aabce7c9072b6120f9a6d3	match	data/image_processing_runs/full_segmentation_classification_nuclear/run_20260721_163410/summaries/cell_nuclear_area_summaries.Rds;data/modelling/gpath_v1/red_a30_counts_20260722/datasets;data/modelling/gpath_v1/red_a30_counts_20260722/derived/posterior	agent-dev/manuscript_integration/20260729_v03_figure_set_integration/normalize_verified_rebuilds.py	NA
integration	Figure S11	S11	manuscript_figures/20260722T141236_resegmentation_fix	agent-dev/manuscript_integration/20260729_v03_figure_set_integration/final_figure_scripts/package_scripts/posterior_size_context/polish_figures.R	.	scripts/agentRrunner.sh agent-dev/manuscript_integration/20260729_v03_figure_set_integration/final_figure_scripts/package_scripts/posterior_size_context/polish_figures.R --output-root agent-dev/manuscript_integration/20260729_v03_figure_set_integration/package_rebuilds/posterior_size_context	manuscript_figures/20260722T141236_resegmentation_fix/final_images/figure_s13.png	e7880a77d05a3824432984a47af9ebcf5e6aa554017c34aa722abaa832ce0b6c	agent-dev/manuscript_integration/20260729_v03_figure_set_integration/package_rebuilds/posterior_size_context/final_images/figure_s13.png	e7880a77d05a3824432984a47af9ebcf5e6aa554017c34aa722abaa832ce0b6c	match	data/image_processing_runs/full_segmentation_classification_nuclear/run_20260721_163410/summaries/cell_nuclear_area_summaries.Rds;data/modelling/gpath_v1/red_a30_counts_20260722/datasets;data/modelling/gpath_v1/red_a30_counts_20260722/derived/posterior	agent-dev/manuscript_integration/20260729_v03_figure_set_integration/final_figure_scripts/package_scripts/posterior_size_context/polish_figures.R	NA
package_wrapper	Figure S11	S11	agent-dev/manuscript_integration/20260729_v03_figure_set_integration	agent-dev/manuscript_integration/20260729_v03_figure_set_integration/final_figure_scripts/run_all_figures.sh	.	agent-dev/manuscript_integration/20260729_v03_figure_set_integration/final_figure_scripts/run_all_figures.sh	agent-dev/manuscript_integration/20260729_v03_figure_set_integration/final_images/S11.png	e7880a77d05a3824432984a47af9ebcf5e6aa554017c34aa722abaa832ce0b6c	agent-dev/manuscript_integration/20260729_v03_figure_set_integration/final_images/S11.png	e7880a77d05a3824432984a47af9ebcf5e6aa554017c34aa722abaa832ce0b6c	match	data/image_processing_runs/full_segmentation_classification_nuclear/run_20260721_163410/summaries/cell_nuclear_area_summaries.Rds;data/modelling/gpath_v1/red_a30_counts_20260722/datasets;data/modelling/gpath_v1/red_a30_counts_20260722/derived/posterior	agent-dev/manuscript_integration/20260729_v03_figure_set_integration/normalize_verified_rebuilds.py	NA
integration	Figure S12	S12	manuscript_figures/20260728_posterior_strategy_figure_set/S_strategy_context_support/polishing	agent-dev/manuscript_integration/20260729_v03_figure_set_integration/package_rebuilds/posterior_strategy_context/scripts/polish_figures.R	.	scripts/agentRrunner.sh agent-dev/manuscript_integration/20260729_v03_figure_set_integration/package_rebuilds/posterior_strategy_context/scripts/polish_figures.R --phase final	manuscript_figures/20260728_posterior_strategy_figure_set/S_strategy_context_support/polishing/final_images/posterior_strategy_context_support_median.png	5847234c059249428feb67384f95c9ffd37d2632be91dd9fa4edf60618afd6a6	agent-dev/manuscript_integration/20260729_v03_figure_set_integration/package_rebuilds/posterior_strategy_context/final_images/posterior_strategy_context_support_median.png	5847234c059249428feb67384f95c9ffd37d2632be91dd9fa4edf60618afd6a6	match	data/modelling/gpath_v1/red_a30_counts_20260722/derived/posterior/strategy_simulations/runs/seed3density_7g_xxx_xcc_axax_20260727/plans/tasks.tsv;data/modelling/gpath_v1/red_a30_counts_20260722/derived/posterior/strategy_simulations/runs/seed3density_7g_xxx_xcc_axax_20260727/schedule_index.tsv;data/modelling/gpath_v1/red_a30_counts_20260722/derived/posterior/strategy_simulations/runs/seed3density_7g_xxx_xcc_axax_20260727/validation.json	agent-dev/manuscript_integration/20260729_v03_figure_set_integration/final_figure_scripts/package_scripts/posterior_strategy_context/contract.json;agent-dev/manuscript_integration/20260729_v03_figure_set_integration/final_figure_scripts/package_scripts/posterior_strategy_context/derived/support_median_summary.qs;agent-dev/manuscript_integration/20260729_v03_figure_set_integration/final_figure_scripts/package_scripts/posterior_strategy_context/layout/Posterior_strategy_context_supplement_layout_preview.png;agent-dev/manuscript_integration/20260729_v03_figure_set_integration/final_figure_scripts/package_scripts/posterior_strategy_context/layout/layout_plan.csv;agent-dev/manuscript_integration/20260729_v03_figure_set_integration/final_figure_scripts/package_scripts/posterior_strategy_context/layout/layout_report.md;agent-dev/manuscript_integration/20260729_v03_figure_set_integration/final_figure_scripts/package_scripts/posterior_strategy_context/layout/subpanel_dimensions.csv;agent-dev/manuscript_integration/20260729_v03_figure_set_integration/final_figure_scripts/package_scripts/posterior_strategy_context/notes.md;agent-dev/manuscript_integration/20260729_v03_figure_set_integration/final_figure_scripts/package_scripts/posterior_strategy_context/panel_map.csv;agent-dev/manuscript_integration/20260729_v03_figure_set_integration/final_figure_scripts/package_scripts/posterior_strategy_context/provenance.csv;agent-dev/manuscript_integration/20260729_v03_figure_set_integration/final_figure_scripts/package_scripts/posterior_strategy_context/scripts/polish_figures.R;agent-dev/manuscript_integration/20260729_v03_figure_set_integration/final_figure_scripts/package_scripts/posterior_strategy_context/validation_report.json;agent-dev/manuscript_integration/20260729_v03_figure_set_integration/final_figure_scripts/package_scripts/posterior_strategy_context/visual_qc.md	NA
package_wrapper	Figure S12	S12	agent-dev/manuscript_integration/20260729_v03_figure_set_integration	agent-dev/manuscript_integration/20260729_v03_figure_set_integration/final_figure_scripts/run_all_figures.sh	.	agent-dev/manuscript_integration/20260729_v03_figure_set_integration/final_figure_scripts/run_all_figures.sh	agent-dev/manuscript_integration/20260729_v03_figure_set_integration/final_images/S12.png	5847234c059249428feb67384f95c9ffd37d2632be91dd9fa4edf60618afd6a6	agent-dev/manuscript_integration/20260729_v03_figure_set_integration/final_images/S12.png	5847234c059249428feb67384f95c9ffd37d2632be91dd9fa4edf60618afd6a6	match	data/modelling/gpath_v1/red_a30_counts_20260722/derived/posterior/strategy_simulations/runs/seed3density_7g_xxx_xcc_axax_20260727/plans/tasks.tsv;data/modelling/gpath_v1/red_a30_counts_20260722/derived/posterior/strategy_simulations/runs/seed3density_7g_xxx_xcc_axax_20260727/schedule_index.tsv;data/modelling/gpath_v1/red_a30_counts_20260722/derived/posterior/strategy_simulations/runs/seed3density_7g_xxx_xcc_axax_20260727/validation.json	agent-dev/manuscript_integration/20260729_v03_figure_set_integration/normalize_verified_rebuilds.py	NA
integration	Figure S13	S13	manuscript_figures/20260722T141236_resegmentation_fix/morphology_metric_exploration/polishing	agent-dev/manuscript_integration/20260729_v03_figure_set_integration/package_rebuilds/morphology_metrics/scripts/polish_figures.R	.	scripts/agentRrunner.sh agent-dev/manuscript_integration/20260729_v03_figure_set_integration/package_rebuilds/morphology_metrics/scripts/polish_figures.R --phase final --project-root .	manuscript_figures/20260722T141236_resegmentation_fix/morphology_metric_exploration/polishing/final_images/candidate_supplement_a.png	cc1d51b90dfd8181e3e03b029e7cd3932456c19e6beb369c0d6bfe4f2f37fe17	agent-dev/manuscript_integration/20260729_v03_figure_set_integration/package_rebuilds/morphology_metrics/final_images/candidate_supplement_a.png	cc1d51b90dfd8181e3e03b029e7cd3932456c19e6beb369c0d6bfe4f2f37fe17	match	data/report_exports/morphology_vs_ploidy_five_line_20260729/morphology_vs_ploidy_by_model.csv;data/report_exports/wp5_mechanistic_representative_model/wp5_model_analysis_style_pareto_front.csv;manuscript_figures/20260722T141236_resegmentation_fix/morphology_metric_exploration/polishing/source_tables/condition_delta_loglik_summary.csv;manuscript_figures/20260722T141236_resegmentation_fix/morphology_metric_exploration/polishing/source_tables/ploidy_effect_metric_values.csv	agent-dev/manuscript_integration/20260729_v03_figure_set_integration/final_figure_scripts/package_scripts/morphology_metrics/contract.json;agent-dev/manuscript_integration/20260729_v03_figure_set_integration/final_figure_scripts/package_scripts/morphology_metrics/layout/Candidate_supplement_A_layout_preview.png;agent-dev/manuscript_integration/20260729_v03_figure_set_integration/final_figure_scripts/package_scripts/morphology_metrics/layout/Candidate_supplement_B_layout_preview.png;agent-dev/manuscript_integration/20260729_v03_figure_set_integration/final_figure_scripts/package_scripts/morphology_metrics/layout/layout_plan.csv;agent-dev/manuscript_integration/20260729_v03_figure_set_integration/final_figure_scripts/package_scripts/morphology_metrics/layout/layout_report.md;agent-dev/manuscript_integration/20260729_v03_figure_set_integration/final_figure_scripts/package_scripts/morphology_metrics/layout/subpanel_dimensions.csv;agent-dev/manuscript_integration/20260729_v03_figure_set_integration/final_figure_scripts/package_scripts/morphology_metrics/notes.md;agent-dev/manuscript_integration/20260729_v03_figure_set_integration/final_figure_scripts/package_scripts/morphology_metrics/panel_map.csv;agent-dev/manuscript_integration/20260729_v03_figure_set_integration/final_figure_scripts/package_scripts/morphology_metrics/provenance.csv;agent-dev/manuscript_integration/20260729_v03_figure_set_integration/final_figure_scripts/package_scripts/morphology_metrics/scripts/make_condition_source_tables.R;agent-dev/manuscript_integration/20260729_v03_figure_set_integration/final_figure_scripts/package_scripts/morphology_metrics/scripts/make_parameter_effect_source_tables.R;agent-dev/manuscript_integration/20260729_v03_figure_set_integration/final_figure_scripts/package_scripts/morphology_metrics/scripts/polish_figures.R;agent-dev/manuscript_integration/20260729_v03_figure_set_integration/final_figure_scripts/package_scripts/morphology_metrics/source_tables/README.md;agent-dev/manuscript_integration/20260729_v03_figure_set_integration/final_figure_scripts/package_scripts/morphology_metrics/source_tables/condition_delta_loglik_summary.csv;agent-dev/manuscript_integration/20260729_v03_figure_set_integration/final_figure_scripts/package_scripts/morphology_metrics/source_tables/per_unit_parameter_effect_coefficients.csv;agent-dev/manuscript_integration/20260729_v03_figure_set_integration/final_figure_scripts/package_scripts/morphology_metrics/source_tables/ploidy_effect_metric_values.csv;agent-dev/manuscript_integration/20260729_v03_figure_set_integration/final_figure_scripts/package_scripts/morphology_metrics/source_tables/realized_parameter_effects_by_metric.csv;agent-dev/manuscript_integration/20260729_v03_figure_set_integration/final_figure_scripts/package_scripts/morphology_metrics/validation_report.json;agent-dev/manuscript_integration/20260729_v03_figure_set_integration/final_figure_scripts/package_scripts/morphology_metrics/visual_qc.md	NA
package_wrapper	Figure S13	S13	agent-dev/manuscript_integration/20260729_v03_figure_set_integration	agent-dev/manuscript_integration/20260729_v03_figure_set_integration/final_figure_scripts/run_all_figures.sh	.	agent-dev/manuscript_integration/20260729_v03_figure_set_integration/final_figure_scripts/run_all_figures.sh	agent-dev/manuscript_integration/20260729_v03_figure_set_integration/final_images/S13.png	cc1d51b90dfd8181e3e03b029e7cd3932456c19e6beb369c0d6bfe4f2f37fe17	agent-dev/manuscript_integration/20260729_v03_figure_set_integration/final_images/S13.png	cc1d51b90dfd8181e3e03b029e7cd3932456c19e6beb369c0d6bfe4f2f37fe17	match	data/report_exports/morphology_vs_ploidy_five_line_20260729/morphology_vs_ploidy_by_model.csv;data/report_exports/wp5_mechanistic_representative_model/wp5_model_analysis_style_pareto_front.csv;manuscript_figures/20260722T141236_resegmentation_fix/morphology_metric_exploration/polishing/source_tables/condition_delta_loglik_summary.csv;manuscript_figures/20260722T141236_resegmentation_fix/morphology_metric_exploration/polishing/source_tables/ploidy_effect_metric_values.csv	agent-dev/manuscript_integration/20260729_v03_figure_set_integration/normalize_verified_rebuilds.py	NA
integration	Figure S14	S14	manuscript_figures/20260722T141236_resegmentation_fix/morphology_metric_exploration/polishing	agent-dev/manuscript_integration/20260729_v03_figure_set_integration/package_rebuilds/morphology_metrics/scripts/polish_figures.R	.	scripts/agentRrunner.sh agent-dev/manuscript_integration/20260729_v03_figure_set_integration/package_rebuilds/morphology_metrics/scripts/polish_figures.R --phase final --project-root .	manuscript_figures/20260722T141236_resegmentation_fix/morphology_metric_exploration/polishing/final_images/candidate_supplement_b.png	872f6cee7208baa4feee809b2aa4e2e71ae1066b3db97ceb22442fbcec973ceb	agent-dev/manuscript_integration/20260729_v03_figure_set_integration/package_rebuilds/morphology_metrics/final_images/candidate_supplement_b.png	872f6cee7208baa4feee809b2aa4e2e71ae1066b3db97ceb22442fbcec973ceb	match	manuscript_figures/20260722T141236_resegmentation_fix/morphology_metric_exploration/polishing/source_tables/per_unit_parameter_effect_coefficients.csv;manuscript_figures/20260722T141236_resegmentation_fix/morphology_metric_exploration/polishing/source_tables/realized_parameter_effects_by_metric.csv	agent-dev/manuscript_integration/20260729_v03_figure_set_integration/final_figure_scripts/package_scripts/morphology_metrics/contract.json;agent-dev/manuscript_integration/20260729_v03_figure_set_integration/final_figure_scripts/package_scripts/morphology_metrics/layout/Candidate_supplement_A_layout_preview.png;agent-dev/manuscript_integration/20260729_v03_figure_set_integration/final_figure_scripts/package_scripts/morphology_metrics/layout/Candidate_supplement_B_layout_preview.png;agent-dev/manuscript_integration/20260729_v03_figure_set_integration/final_figure_scripts/package_scripts/morphology_metrics/layout/layout_plan.csv;agent-dev/manuscript_integration/20260729_v03_figure_set_integration/final_figure_scripts/package_scripts/morphology_metrics/layout/layout_report.md;agent-dev/manuscript_integration/20260729_v03_figure_set_integration/final_figure_scripts/package_scripts/morphology_metrics/layout/subpanel_dimensions.csv;agent-dev/manuscript_integration/20260729_v03_figure_set_integration/final_figure_scripts/package_scripts/morphology_metrics/notes.md;agent-dev/manuscript_integration/20260729_v03_figure_set_integration/final_figure_scripts/package_scripts/morphology_metrics/panel_map.csv;agent-dev/manuscript_integration/20260729_v03_figure_set_integration/final_figure_scripts/package_scripts/morphology_metrics/provenance.csv;agent-dev/manuscript_integration/20260729_v03_figure_set_integration/final_figure_scripts/package_scripts/morphology_metrics/scripts/make_condition_source_tables.R;agent-dev/manuscript_integration/20260729_v03_figure_set_integration/final_figure_scripts/package_scripts/morphology_metrics/scripts/make_parameter_effect_source_tables.R;agent-dev/manuscript_integration/20260729_v03_figure_set_integration/final_figure_scripts/package_scripts/morphology_metrics/scripts/polish_figures.R;agent-dev/manuscript_integration/20260729_v03_figure_set_integration/final_figure_scripts/package_scripts/morphology_metrics/source_tables/README.md;agent-dev/manuscript_integration/20260729_v03_figure_set_integration/final_figure_scripts/package_scripts/morphology_metrics/source_tables/condition_delta_loglik_summary.csv;agent-dev/manuscript_integration/20260729_v03_figure_set_integration/final_figure_scripts/package_scripts/morphology_metrics/source_tables/per_unit_parameter_effect_coefficients.csv;agent-dev/manuscript_integration/20260729_v03_figure_set_integration/final_figure_scripts/package_scripts/morphology_metrics/source_tables/ploidy_effect_metric_values.csv;agent-dev/manuscript_integration/20260729_v03_figure_set_integration/final_figure_scripts/package_scripts/morphology_metrics/source_tables/realized_parameter_effects_by_metric.csv;agent-dev/manuscript_integration/20260729_v03_figure_set_integration/final_figure_scripts/package_scripts/morphology_metrics/validation_report.json;agent-dev/manuscript_integration/20260729_v03_figure_set_integration/final_figure_scripts/package_scripts/morphology_metrics/visual_qc.md	NA
package_wrapper	Figure S14	S14	agent-dev/manuscript_integration/20260729_v03_figure_set_integration	agent-dev/manuscript_integration/20260729_v03_figure_set_integration/final_figure_scripts/run_all_figures.sh	.	agent-dev/manuscript_integration/20260729_v03_figure_set_integration/final_figure_scripts/run_all_figures.sh	agent-dev/manuscript_integration/20260729_v03_figure_set_integration/final_images/S14.png	872f6cee7208baa4feee809b2aa4e2e71ae1066b3db97ceb22442fbcec973ceb	agent-dev/manuscript_integration/20260729_v03_figure_set_integration/final_images/S14.png	872f6cee7208baa4feee809b2aa4e2e71ae1066b3db97ceb22442fbcec973ceb	match	manuscript_figures/20260722T141236_resegmentation_fix/morphology_metric_exploration/polishing/source_tables/per_unit_parameter_effect_coefficients.csv;manuscript_figures/20260722T141236_resegmentation_fix/morphology_metric_exploration/polishing/source_tables/realized_parameter_effects_by_metric.csv	agent-dev/manuscript_integration/20260729_v03_figure_set_integration/normalize_verified_rebuilds.py	NA
integration	Figure S15	S15	manuscript_figures/20260729_sum159_label_swap_evidence_figures/polishing	agent-dev/manuscript_integration/20260729_v03_figure_set_integration/package_rebuilds/sum159_label_swap/scripts/polish_figures.R	.	scripts/agentRrunner.sh agent-dev/manuscript_integration/20260729_v03_figure_set_integration/package_rebuilds/sum159_label_swap/scripts/polish_figures.R --phase final	manuscript_figures/20260729_sum159_label_swap_evidence_figures/polishing/final_images/figure_1_all_timecourses.png	74379b5137abf0cca3352d9fd9b1f5533e28c6fbf605457f27b087f24dee6707	agent-dev/manuscript_integration/20260729_v03_figure_set_integration/package_rebuilds/sum159_label_swap/final_images/figure_1_all_timecourses.png	74379b5137abf0cca3352d9fd9b1f5533e28c6fbf605457f27b087f24dee6707	match	data/image_processing_runs/full_segmentation_classification_nuclear/run_20260721_163410/merged/objects.csv;data/image_processing_runs/full_segmentation_classification_nuclear/run_20260721_163410/summaries/cell_nuclear_area_summaries.Rds;manuscript_figures/20260729_sum159_label_swap_evidence_figures/polishing/derived_data/competition_ploidy_cytoplasmic_gfp_full/sum159_competition_object_ploidy_calls.csv.gz	agent-dev/manuscript_integration/20260729_v03_figure_set_integration/final_figure_scripts/package_scripts/sum159_label_swap/contract.json;agent-dev/manuscript_integration/20260729_v03_figure_set_integration/final_figure_scripts/package_scripts/sum159_label_swap/derived_data/area_companion_views/sum159_full_scope_well_platemap_summary.csv;agent-dev/manuscript_integration/20260729_v03_figure_set_integration/final_figure_scripts/package_scripts/sum159_label_swap/derived_data/area_context_summary.csv;agent-dev/manuscript_integration/20260729_v03_figure_set_integration/final_figure_scripts/package_scripts/sum159_label_swap/derived_data/area_histogram_bins.csv;agent-dev/manuscript_integration/20260729_v03_figure_set_integration/final_figure_scripts/package_scripts/sum159_label_swap/derived_data/area_time_quantiles.csv;agent-dev/manuscript_integration/20260729_v03_figure_set_integration/final_figure_scripts/package_scripts/sum159_label_swap/derived_data/area_vs_total_segmented_area.csv;agent-dev/manuscript_integration/20260729_v03_figure_set_integration/final_figure_scripts/package_scripts/sum159_label_swap/derived_data/broad_glucose_area_summary_24_48h.csv;agent-dev/manuscript_integration/20260729_v03_figure_set_integration/final_figure_scripts/package_scripts/sum159_label_swap/derived_data/competition_ploidy_cytoplasmic_gfp_full/sum159_competition_object_ploidy_calls.csv.gz;agent-dev/manuscript_integration/20260729_v03_figure_set_integration/final_figure_scripts/package_scripts/sum159_label_swap/derived_data/cytoplasmic_cell_area_from_exact_masks.csv.gz;agent-dev/manuscript_integration/20260729_v03_figure_set_integration/final_figure_scripts/package_scripts/sum159_label_swap/derived_data/cytoplasmic_red_image_medians.csv;agent-dev/manuscript_integration/20260729_v03_figure_set_integration/final_figure_scripts/package_scripts/sum159_label_swap/derived_data/cytoplasmic_red_matched_contrasts.csv;agent-dev/manuscript_integration/20260729_v03_figure_set_integration/final_figure_scripts/package_scripts/sum159_label_swap/derived_data/cytoplasmic_red_quantification/per_cell_cytoplasmic_red.csv.gz;agent-dev/manuscript_integration/20260729_v03_figure_set_integration/final_figure_scripts/package_scripts/sum159_label_swap/derived_data/cytoplasmic_red_quantification/sample_manifest.csv;agent-dev/manuscript_integration/20260729_v03_figure_set_integration/final_figure_scripts/package_scripts/sum159_label_swap/derived_data/multimodal_field_manifest.csv;agent-dev/manuscript_integration/20260729_v03_figure_set_integration/final_figure_scripts/package_scripts/sum159_label_swap/derived_data/representative_crop_manifest.csv;agent-dev/manuscript_integration/20260729_v03_figure_set_integration/final_figure_scripts/package_scripts/sum159_label_swap/derived_data/same_2n_area_ratios_to_chem_24_48h.csv;agent-dev/manuscript_integration/20260729_v03_figure_set_integration/final_figure_scripts/package_scripts/sum159_label_swap/derived_data/v3_all_g0_time_summary.csv;agent-dev/manuscript_integration/20260729_v03_figure_set_integration/final_figure_scripts/package_scripts/sum159_label_swap/derived_data/v3_cytoplasmic_size_standardized_pair_contrasts.csv;agent-dev/manuscript_integration/20260729_v03_figure_set_integration/final_figure_scripts/package_scripts/sum159_label_swap/derived_data/v3_cytoplasmic_size_stratum_contrasts.csv;agent-dev/manuscript_integration/20260729_v03_figure_set_integration/final_figure_scripts/package_scripts/sum159_label_swap/derived_data/v3_field_confluence_summary_24_48h.csv;agent-dev/manuscript_integration/20260729_v03_figure_set_integration/final_figure_scripts/package_scripts/sum159_label_swap/derived_data/v3_same_2n_ratios_shared_g0.csv;agent-dev/manuscript_integration/20260729_v03_figure_set_integration/final_figure_scripts/package_scripts/sum159_label_swap/layout/SUM159_evidence_1_layout_preview.png;agent-dev/manuscript_integration/20260729_v03_figure_set_integration/final_figure_scripts/package_scripts/sum159_label_swap/layout/SUM159_evidence_2_layout_preview.png;agent-dev/manuscript_integration/20260729_v03_figure_set_integration/final_figure_scripts/package_scripts/sum159_label_swap/layout/SUM159_evidence_3_layout_preview.png;agent-dev/manuscript_integration/20260729_v03_figure_set_integration/final_figure_scripts/package_scripts/sum159_label_swap/layout/SUM159_evidence_4_layout_preview.png;agent-dev/manuscript_integration/20260729_v03_figure_set_integration/final_figure_scripts/package_scripts/sum159_label_swap/layout/layout_plan.csv;agent-dev/manuscript_integration/20260729_v03_figure_set_integration/final_figure_scripts/package_scripts/sum159_label_swap/layout/layout_report.md;agent-dev/manuscript_integration/20260729_v03_figure_set_integration/final_figure_scripts/package_scripts/sum159_label_swap/layout/subpanel_dimensions.csv;agent-dev/manuscript_integration/20260729_v03_figure_set_integration/final_figure_scripts/package_scripts/sum159_label_swap/notes.md;agent-dev/manuscript_integration/20260729_v03_figure_set_integration/final_figure_scripts/package_scripts/sum159_label_swap/panel_map.csv;agent-dev/manuscript_integration/20260729_v03_figure_set_integration/final_figure_scripts/package_scripts/sum159_label_swap/provenance.csv;agent-dev/manuscript_integration/20260729_v03_figure_set_integration/final_figure_scripts/package_scripts/sum159_label_swap/scripts/__pycache__/extract_cytoplasmic_mask_areas.cpython-39.pyc;agent-dev/manuscript_integration/20260729_v03_figure_set_integration/final_figure_scripts/package_scripts/sum159_label_swap/scripts/__pycache__/make_multimodal_figure.cpython-39.pyc;agent-dev/manuscript_integration/20260729_v03_figure_set_integration/final_figure_scripts/package_scripts/sum159_label_swap/scripts/__pycache__/make_representative_crops.cpython-39.pyc;agent-dev/manuscript_integration/20260729_v03_figure_set_integration/final_figure_scripts/package_scripts/sum159_label_swap/scripts/classify_sum159_cytoplasmic_gfp.py;agent-dev/manuscript_integration/20260729_v03_figure_set_integration/final_figure_scripts/package_scripts/sum159_label_swap/scripts/extract_cytoplasmic_mask_areas.py;agent-dev/manuscript_integration/20260729_v03_figure_set_integration/final_figure_scripts/package_scripts/sum159_label_swap/scripts/make_area_companion_views.R;agent-dev/manuscript_integration/20260729_v03_figure_set_integration/final_figure_scripts/package_scripts/sum159_label_swap/scripts/make_evidence_figures.R;agent-dev/manuscript_integration/20260729_v03_figure_set_integration/final_figure_scripts/package_scripts/sum159_label_swap/scripts/measure_cytoplasmic_red.py;agent-dev/manuscript_integration/20260729_v03_figure_set_integration/final_figure_scripts/package_scripts/sum159_label_swap/scripts/polish_figures.R;agent-dev/manuscript_integration/20260729_v03_figure_set_integration/final_figure_scripts/package_scripts/sum159_label_swap/validation_report.json;agent-dev/manuscript_integration/20260729_v03_figure_set_integration/final_figure_scripts/package_scripts/sum159_label_swap/visual_qc.md	NA
package_wrapper	Figure S15	S15	agent-dev/manuscript_integration/20260729_v03_figure_set_integration	agent-dev/manuscript_integration/20260729_v03_figure_set_integration/final_figure_scripts/run_all_figures.sh	.	agent-dev/manuscript_integration/20260729_v03_figure_set_integration/final_figure_scripts/run_all_figures.sh	agent-dev/manuscript_integration/20260729_v03_figure_set_integration/final_images/S15.png	74379b5137abf0cca3352d9fd9b1f5533e28c6fbf605457f27b087f24dee6707	agent-dev/manuscript_integration/20260729_v03_figure_set_integration/final_images/S15.png	74379b5137abf0cca3352d9fd9b1f5533e28c6fbf605457f27b087f24dee6707	match	data/image_processing_runs/full_segmentation_classification_nuclear/run_20260721_163410/merged/objects.csv;data/image_processing_runs/full_segmentation_classification_nuclear/run_20260721_163410/summaries/cell_nuclear_area_summaries.Rds;manuscript_figures/20260729_sum159_label_swap_evidence_figures/polishing/derived_data/competition_ploidy_cytoplasmic_gfp_full/sum159_competition_object_ploidy_calls.csv.gz	agent-dev/manuscript_integration/20260729_v03_figure_set_integration/normalize_verified_rebuilds.py	NA
integration	Figure S16	S16	manuscript_figures/20260729_sum159_label_swap_evidence_figures/polishing	agent-dev/manuscript_integration/20260729_v03_figure_set_integration/package_rebuilds/sum159_label_swap/scripts/polish_figures.R	.	scripts/agentRrunner.sh agent-dev/manuscript_integration/20260729_v03_figure_set_integration/package_rebuilds/sum159_label_swap/scripts/polish_figures.R --phase final	manuscript_figures/20260729_sum159_label_swap_evidence_figures/polishing/final_images/figure_2_confluence_robustness.png	220612d1108b26912c2c93cbd16a3c6294c4b4fe9acaf2010326d417760fb8d2	agent-dev/manuscript_integration/20260729_v03_figure_set_integration/package_rebuilds/sum159_label_swap/final_images/figure_2_confluence_robustness.png	220612d1108b26912c2c93cbd16a3c6294c4b4fe9acaf2010326d417760fb8d2	match	data/image_processing_runs/full_segmentation_classification_nuclear/run_20260721_163410/merged/objects.csv;data/image_processing_runs/full_segmentation_classification_nuclear/run_20260721_163410/summaries/cell_nuclear_area_summaries.Rds;manuscript_figures/20260729_sum159_label_swap_evidence_figures/polishing/derived_data/competition_ploidy_cytoplasmic_gfp_full/sum159_competition_object_ploidy_calls.csv.gz	agent-dev/manuscript_integration/20260729_v03_figure_set_integration/final_figure_scripts/package_scripts/sum159_label_swap/contract.json;agent-dev/manuscript_integration/20260729_v03_figure_set_integration/final_figure_scripts/package_scripts/sum159_label_swap/derived_data/area_companion_views/sum159_full_scope_well_platemap_summary.csv;agent-dev/manuscript_integration/20260729_v03_figure_set_integration/final_figure_scripts/package_scripts/sum159_label_swap/derived_data/area_context_summary.csv;agent-dev/manuscript_integration/20260729_v03_figure_set_integration/final_figure_scripts/package_scripts/sum159_label_swap/derived_data/area_histogram_bins.csv;agent-dev/manuscript_integration/20260729_v03_figure_set_integration/final_figure_scripts/package_scripts/sum159_label_swap/derived_data/area_time_quantiles.csv;agent-dev/manuscript_integration/20260729_v03_figure_set_integration/final_figure_scripts/package_scripts/sum159_label_swap/derived_data/area_vs_total_segmented_area.csv;agent-dev/manuscript_integration/20260729_v03_figure_set_integration/final_figure_scripts/package_scripts/sum159_label_swap/derived_data/broad_glucose_area_summary_24_48h.csv;agent-dev/manuscript_integration/20260729_v03_figure_set_integration/final_figure_scripts/package_scripts/sum159_label_swap/derived_data/competition_ploidy_cytoplasmic_gfp_full/sum159_competition_object_ploidy_calls.csv.gz;agent-dev/manuscript_integration/20260729_v03_figure_set_integration/final_figure_scripts/package_scripts/sum159_label_swap/derived_data/cytoplasmic_cell_area_from_exact_masks.csv.gz;agent-dev/manuscript_integration/20260729_v03_figure_set_integration/final_figure_scripts/package_scripts/sum159_label_swap/derived_data/cytoplasmic_red_image_medians.csv;agent-dev/manuscript_integration/20260729_v03_figure_set_integration/final_figure_scripts/package_scripts/sum159_label_swap/derived_data/cytoplasmic_red_matched_contrasts.csv;agent-dev/manuscript_integration/20260729_v03_figure_set_integration/final_figure_scripts/package_scripts/sum159_label_swap/derived_data/cytoplasmic_red_quantification/per_cell_cytoplasmic_red.csv.gz;agent-dev/manuscript_integration/20260729_v03_figure_set_integration/final_figure_scripts/package_scripts/sum159_label_swap/derived_data/cytoplasmic_red_quantification/sample_manifest.csv;agent-dev/manuscript_integration/20260729_v03_figure_set_integration/final_figure_scripts/package_scripts/sum159_label_swap/derived_data/multimodal_field_manifest.csv;agent-dev/manuscript_integration/20260729_v03_figure_set_integration/final_figure_scripts/package_scripts/sum159_label_swap/derived_data/representative_crop_manifest.csv;agent-dev/manuscript_integration/20260729_v03_figure_set_integration/final_figure_scripts/package_scripts/sum159_label_swap/derived_data/same_2n_area_ratios_to_chem_24_48h.csv;agent-dev/manuscript_integration/20260729_v03_figure_set_integration/final_figure_scripts/package_scripts/sum159_label_swap/derived_data/v3_all_g0_time_summary.csv;agent-dev/manuscript_integration/20260729_v03_figure_set_integration/final_figure_scripts/package_scripts/sum159_label_swap/derived_data/v3_cytoplasmic_size_standardized_pair_contrasts.csv;agent-dev/manuscript_integration/20260729_v03_figure_set_integration/final_figure_scripts/package_scripts/sum159_label_swap/derived_data/v3_cytoplasmic_size_stratum_contrasts.csv;agent-dev/manuscript_integration/20260729_v03_figure_set_integration/final_figure_scripts/package_scripts/sum159_label_swap/derived_data/v3_field_confluence_summary_24_48h.csv;agent-dev/manuscript_integration/20260729_v03_figure_set_integration/final_figure_scripts/package_scripts/sum159_label_swap/derived_data/v3_same_2n_ratios_shared_g0.csv;agent-dev/manuscript_integration/20260729_v03_figure_set_integration/final_figure_scripts/package_scripts/sum159_label_swap/layout/SUM159_evidence_1_layout_preview.png;agent-dev/manuscript_integration/20260729_v03_figure_set_integration/final_figure_scripts/package_scripts/sum159_label_swap/layout/SUM159_evidence_2_layout_preview.png;agent-dev/manuscript_integration/20260729_v03_figure_set_integration/final_figure_scripts/package_scripts/sum159_label_swap/layout/SUM159_evidence_3_layout_preview.png;agent-dev/manuscript_integration/20260729_v03_figure_set_integration/final_figure_scripts/package_scripts/sum159_label_swap/layout/SUM159_evidence_4_layout_preview.png;agent-dev/manuscript_integration/20260729_v03_figure_set_integration/final_figure_scripts/package_scripts/sum159_label_swap/layout/layout_plan.csv;agent-dev/manuscript_integration/20260729_v03_figure_set_integration/final_figure_scripts/package_scripts/sum159_label_swap/layout/layout_report.md;agent-dev/manuscript_integration/20260729_v03_figure_set_integration/final_figure_scripts/package_scripts/sum159_label_swap/layout/subpanel_dimensions.csv;agent-dev/manuscript_integration/20260729_v03_figure_set_integration/final_figure_scripts/package_scripts/sum159_label_swap/notes.md;agent-dev/manuscript_integration/20260729_v03_figure_set_integration/final_figure_scripts/package_scripts/sum159_label_swap/panel_map.csv;agent-dev/manuscript_integration/20260729_v03_figure_set_integration/final_figure_scripts/package_scripts/sum159_label_swap/provenance.csv;agent-dev/manuscript_integration/20260729_v03_figure_set_integration/final_figure_scripts/package_scripts/sum159_label_swap/scripts/__pycache__/extract_cytoplasmic_mask_areas.cpython-39.pyc;agent-dev/manuscript_integration/20260729_v03_figure_set_integration/final_figure_scripts/package_scripts/sum159_label_swap/scripts/__pycache__/make_multimodal_figure.cpython-39.pyc;agent-dev/manuscript_integration/20260729_v03_figure_set_integration/final_figure_scripts/package_scripts/sum159_label_swap/scripts/__pycache__/make_representative_crops.cpython-39.pyc;agent-dev/manuscript_integration/20260729_v03_figure_set_integration/final_figure_scripts/package_scripts/sum159_label_swap/scripts/classify_sum159_cytoplasmic_gfp.py;agent-dev/manuscript_integration/20260729_v03_figure_set_integration/final_figure_scripts/package_scripts/sum159_label_swap/scripts/extract_cytoplasmic_mask_areas.py;agent-dev/manuscript_integration/20260729_v03_figure_set_integration/final_figure_scripts/package_scripts/sum159_label_swap/scripts/make_area_companion_views.R;agent-dev/manuscript_integration/20260729_v03_figure_set_integration/final_figure_scripts/package_scripts/sum159_label_swap/scripts/make_evidence_figures.R;agent-dev/manuscript_integration/20260729_v03_figure_set_integration/final_figure_scripts/package_scripts/sum159_label_swap/scripts/measure_cytoplasmic_red.py;agent-dev/manuscript_integration/20260729_v03_figure_set_integration/final_figure_scripts/package_scripts/sum159_label_swap/scripts/polish_figures.R;agent-dev/manuscript_integration/20260729_v03_figure_set_integration/final_figure_scripts/package_scripts/sum159_label_swap/validation_report.json;agent-dev/manuscript_integration/20260729_v03_figure_set_integration/final_figure_scripts/package_scripts/sum159_label_swap/visual_qc.md	NA
package_wrapper	Figure S16	S16	agent-dev/manuscript_integration/20260729_v03_figure_set_integration	agent-dev/manuscript_integration/20260729_v03_figure_set_integration/final_figure_scripts/run_all_figures.sh	.	agent-dev/manuscript_integration/20260729_v03_figure_set_integration/final_figure_scripts/run_all_figures.sh	agent-dev/manuscript_integration/20260729_v03_figure_set_integration/final_images/S16.png	220612d1108b26912c2c93cbd16a3c6294c4b4fe9acaf2010326d417760fb8d2	agent-dev/manuscript_integration/20260729_v03_figure_set_integration/final_images/S16.png	220612d1108b26912c2c93cbd16a3c6294c4b4fe9acaf2010326d417760fb8d2	match	data/image_processing_runs/full_segmentation_classification_nuclear/run_20260721_163410/merged/objects.csv;data/image_processing_runs/full_segmentation_classification_nuclear/run_20260721_163410/summaries/cell_nuclear_area_summaries.Rds;manuscript_figures/20260729_sum159_label_swap_evidence_figures/polishing/derived_data/competition_ploidy_cytoplasmic_gfp_full/sum159_competition_object_ploidy_calls.csv.gz	agent-dev/manuscript_integration/20260729_v03_figure_set_integration/normalize_verified_rebuilds.py	NA
integration	Figure S17	S17	manuscript_figures/20260729_sum159_label_swap_evidence_figures/polishing	agent-dev/manuscript_integration/20260729_v03_figure_set_integration/package_rebuilds/sum159_label_swap/scripts/polish_figures.R	.	scripts/agentRrunner.sh agent-dev/manuscript_integration/20260729_v03_figure_set_integration/package_rebuilds/sum159_label_swap/scripts/polish_figures.R --phase final	manuscript_figures/20260729_sum159_label_swap_evidence_figures/polishing/final_images/figure_3_focused_distributions_and_same_2n.png	24f4af0607975068e53f1f96197ba0a959b833c83afa78d1a80f2cde76da8300	agent-dev/manuscript_integration/20260729_v03_figure_set_integration/package_rebuilds/sum159_label_swap/final_images/figure_3_focused_distributions_and_same_2n.png	24f4af0607975068e53f1f96197ba0a959b833c83afa78d1a80f2cde76da8300	match	data/image_processing_runs/full_segmentation_classification_nuclear/run_20260721_163410/merged/objects.csv;data/image_processing_runs/full_segmentation_classification_nuclear/run_20260721_163410/summaries/cell_nuclear_area_summaries.Rds;manuscript_figures/20260729_sum159_label_swap_evidence_figures/polishing/derived_data/competition_ploidy_cytoplasmic_gfp_full/sum159_competition_object_ploidy_calls.csv.gz	agent-dev/manuscript_integration/20260729_v03_figure_set_integration/final_figure_scripts/package_scripts/sum159_label_swap/contract.json;agent-dev/manuscript_integration/20260729_v03_figure_set_integration/final_figure_scripts/package_scripts/sum159_label_swap/derived_data/area_companion_views/sum159_full_scope_well_platemap_summary.csv;agent-dev/manuscript_integration/20260729_v03_figure_set_integration/final_figure_scripts/package_scripts/sum159_label_swap/derived_data/area_context_summary.csv;agent-dev/manuscript_integration/20260729_v03_figure_set_integration/final_figure_scripts/package_scripts/sum159_label_swap/derived_data/area_histogram_bins.csv;agent-dev/manuscript_integration/20260729_v03_figure_set_integration/final_figure_scripts/package_scripts/sum159_label_swap/derived_data/area_time_quantiles.csv;agent-dev/manuscript_integration/20260729_v03_figure_set_integration/final_figure_scripts/package_scripts/sum159_label_swap/derived_data/area_vs_total_segmented_area.csv;agent-dev/manuscript_integration/20260729_v03_figure_set_integration/final_figure_scripts/package_scripts/sum159_label_swap/derived_data/broad_glucose_area_summary_24_48h.csv;agent-dev/manuscript_integration/20260729_v03_figure_set_integration/final_figure_scripts/package_scripts/sum159_label_swap/derived_data/competition_ploidy_cytoplasmic_gfp_full/sum159_competition_object_ploidy_calls.csv.gz;agent-dev/manuscript_integration/20260729_v03_figure_set_integration/final_figure_scripts/package_scripts/sum159_label_swap/derived_data/cytoplasmic_cell_area_from_exact_masks.csv.gz;agent-dev/manuscript_integration/20260729_v03_figure_set_integration/final_figure_scripts/package_scripts/sum159_label_swap/derived_data/cytoplasmic_red_image_medians.csv;agent-dev/manuscript_integration/20260729_v03_figure_set_integration/final_figure_scripts/package_scripts/sum159_label_swap/derived_data/cytoplasmic_red_matched_contrasts.csv;agent-dev/manuscript_integration/20260729_v03_figure_set_integration/final_figure_scripts/package_scripts/sum159_label_swap/derived_data/cytoplasmic_red_quantification/per_cell_cytoplasmic_red.csv.gz;agent-dev/manuscript_integration/20260729_v03_figure_set_integration/final_figure_scripts/package_scripts/sum159_label_swap/derived_data/cytoplasmic_red_quantification/sample_manifest.csv;agent-dev/manuscript_integration/20260729_v03_figure_set_integration/final_figure_scripts/package_scripts/sum159_label_swap/derived_data/multimodal_field_manifest.csv;agent-dev/manuscript_integration/20260729_v03_figure_set_integration/final_figure_scripts/package_scripts/sum159_label_swap/derived_data/representative_crop_manifest.csv;agent-dev/manuscript_integration/20260729_v03_figure_set_integration/final_figure_scripts/package_scripts/sum159_label_swap/derived_data/same_2n_area_ratios_to_chem_24_48h.csv;agent-dev/manuscript_integration/20260729_v03_figure_set_integration/final_figure_scripts/package_scripts/sum159_label_swap/derived_data/v3_all_g0_time_summary.csv;agent-dev/manuscript_integration/20260729_v03_figure_set_integration/final_figure_scripts/package_scripts/sum159_label_swap/derived_data/v3_cytoplasmic_size_standardized_pair_contrasts.csv;agent-dev/manuscript_integration/20260729_v03_figure_set_integration/final_figure_scripts/package_scripts/sum159_label_swap/derived_data/v3_cytoplasmic_size_stratum_contrasts.csv;agent-dev/manuscript_integration/20260729_v03_figure_set_integration/final_figure_scripts/package_scripts/sum159_label_swap/derived_data/v3_field_confluence_summary_24_48h.csv;agent-dev/manuscript_integration/20260729_v03_figure_set_integration/final_figure_scripts/package_scripts/sum159_label_swap/derived_data/v3_same_2n_ratios_shared_g0.csv;agent-dev/manuscript_integration/20260729_v03_figure_set_integration/final_figure_scripts/package_scripts/sum159_label_swap/layout/SUM159_evidence_1_layout_preview.png;agent-dev/manuscript_integration/20260729_v03_figure_set_integration/final_figure_scripts/package_scripts/sum159_label_swap/layout/SUM159_evidence_2_layout_preview.png;agent-dev/manuscript_integration/20260729_v03_figure_set_integration/final_figure_scripts/package_scripts/sum159_label_swap/layout/SUM159_evidence_3_layout_preview.png;agent-dev/manuscript_integration/20260729_v03_figure_set_integration/final_figure_scripts/package_scripts/sum159_label_swap/layout/SUM159_evidence_4_layout_preview.png;agent-dev/manuscript_integration/20260729_v03_figure_set_integration/final_figure_scripts/package_scripts/sum159_label_swap/layout/layout_plan.csv;agent-dev/manuscript_integration/20260729_v03_figure_set_integration/final_figure_scripts/package_scripts/sum159_label_swap/layout/layout_report.md;agent-dev/manuscript_integration/20260729_v03_figure_set_integration/final_figure_scripts/package_scripts/sum159_label_swap/layout/subpanel_dimensions.csv;agent-dev/manuscript_integration/20260729_v03_figure_set_integration/final_figure_scripts/package_scripts/sum159_label_swap/notes.md;agent-dev/manuscript_integration/20260729_v03_figure_set_integration/final_figure_scripts/package_scripts/sum159_label_swap/panel_map.csv;agent-dev/manuscript_integration/20260729_v03_figure_set_integration/final_figure_scripts/package_scripts/sum159_label_swap/provenance.csv;agent-dev/manuscript_integration/20260729_v03_figure_set_integration/final_figure_scripts/package_scripts/sum159_label_swap/scripts/__pycache__/extract_cytoplasmic_mask_areas.cpython-39.pyc;agent-dev/manuscript_integration/20260729_v03_figure_set_integration/final_figure_scripts/package_scripts/sum159_label_swap/scripts/__pycache__/make_multimodal_figure.cpython-39.pyc;agent-dev/manuscript_integration/20260729_v03_figure_set_integration/final_figure_scripts/package_scripts/sum159_label_swap/scripts/__pycache__/make_representative_crops.cpython-39.pyc;agent-dev/manuscript_integration/20260729_v03_figure_set_integration/final_figure_scripts/package_scripts/sum159_label_swap/scripts/classify_sum159_cytoplasmic_gfp.py;agent-dev/manuscript_integration/20260729_v03_figure_set_integration/final_figure_scripts/package_scripts/sum159_label_swap/scripts/extract_cytoplasmic_mask_areas.py;agent-dev/manuscript_integration/20260729_v03_figure_set_integration/final_figure_scripts/package_scripts/sum159_label_swap/scripts/make_area_companion_views.R;agent-dev/manuscript_integration/20260729_v03_figure_set_integration/final_figure_scripts/package_scripts/sum159_label_swap/scripts/make_evidence_figures.R;agent-dev/manuscript_integration/20260729_v03_figure_set_integration/final_figure_scripts/package_scripts/sum159_label_swap/scripts/measure_cytoplasmic_red.py;agent-dev/manuscript_integration/20260729_v03_figure_set_integration/final_figure_scripts/package_scripts/sum159_label_swap/scripts/polish_figures.R;agent-dev/manuscript_integration/20260729_v03_figure_set_integration/final_figure_scripts/package_scripts/sum159_label_swap/validation_report.json;agent-dev/manuscript_integration/20260729_v03_figure_set_integration/final_figure_scripts/package_scripts/sum159_label_swap/visual_qc.md	NA
package_wrapper	Figure S17	S17	agent-dev/manuscript_integration/20260729_v03_figure_set_integration	agent-dev/manuscript_integration/20260729_v03_figure_set_integration/final_figure_scripts/run_all_figures.sh	.	agent-dev/manuscript_integration/20260729_v03_figure_set_integration/final_figure_scripts/run_all_figures.sh	agent-dev/manuscript_integration/20260729_v03_figure_set_integration/final_images/S17.png	24f4af0607975068e53f1f96197ba0a959b833c83afa78d1a80f2cde76da8300	agent-dev/manuscript_integration/20260729_v03_figure_set_integration/final_images/S17.png	24f4af0607975068e53f1f96197ba0a959b833c83afa78d1a80f2cde76da8300	match	data/image_processing_runs/full_segmentation_classification_nuclear/run_20260721_163410/merged/objects.csv;data/image_processing_runs/full_segmentation_classification_nuclear/run_20260721_163410/summaries/cell_nuclear_area_summaries.Rds;manuscript_figures/20260729_sum159_label_swap_evidence_figures/polishing/derived_data/competition_ploidy_cytoplasmic_gfp_full/sum159_competition_object_ploidy_calls.csv.gz	agent-dev/manuscript_integration/20260729_v03_figure_set_integration/normalize_verified_rebuilds.py	NA
integration	Figure S18	S18	manuscript_figures/20260729_sum159_label_swap_evidence_figures/polishing	agent-dev/manuscript_integration/20260729_v03_figure_set_integration/package_rebuilds/sum159_label_swap/scripts/polish_figures.R	.	scripts/agentRrunner.sh agent-dev/manuscript_integration/20260729_v03_figure_set_integration/package_rebuilds/sum159_label_swap/scripts/polish_figures.R --phase final	manuscript_figures/20260729_sum159_label_swap_evidence_figures/polishing/final_images/figure_4_cytoplasmic_signal_and_multimodal_fields.png	7a4b0caf518491ef40009e88155a26c65909b31d474127b382161ce84b228652	agent-dev/manuscript_integration/20260729_v03_figure_set_integration/package_rebuilds/sum159_label_swap/final_images/figure_4_cytoplasmic_signal_and_multimodal_fields.png	7a4b0caf518491ef40009e88155a26c65909b31d474127b382161ce84b228652	match	/share/lab_crd/lab_crd/HighPloidy_CostBenefits/data/BreastCancerCellLines/SUM-159/J00_IncucyteRawDataLiveDead_Competition/Green/Green_G11_2_01d16h00m.tif;/share/lab_crd/lab_crd/HighPloidy_CostBenefits/data/BreastCancerCellLines/SUM-159/J00_IncucyteRawDataLiveDead_Competition/NIR/NIR__G11_2_01d16h00m.tif;/share/lab_crd/lab_crd/HighPloidy_CostBenefits/data/BreastCancerCellLines/SUM-159/J00_IncucyteRawDataLiveDead_Competition/Red/Red_G11_2_01d16h00m.tif;/share/lab_crd/lab_crd/HighPloidy_CostBenefits/data/BreastCancerCellLines/SUM-159/J00_IncucyteRawDataLiveDead_Competition/phase/Phase_G11_2_01d16h00m.tif;all_raw/SUM-159_C00-IncucyteRawDataLiveDead-varyGlucose_alive_C4_2_01d16h00m.tif;all_raw/SUM-159_C00-IncucyteRawDataLiveDead-varyGlucose_alive_C9_2_01d16h00m.tif;all_raw/SUM-159_C00-IncucyteRawDataLiveDead-varyGlucose_dead_C4_2_01d16h00m.tif;all_raw/SUM-159_C00-IncucyteRawDataLiveDead-varyGlucose_dead_C9_2_01d16h00m.tif;all_raw/SUM-159_C00-IncucyteRawDataLiveDead-varyGlucose_phase_C4_2_01d16h00m.tif;all_raw/SUM-159_C00-IncucyteRawDataLiveDead-varyGlucose_phase_C9_2_01d16h00m.tif;all_raw/SUM-159_I00-IncucyteRawDataLiveDead-varyGlucose_alive_D11_3_01d08h00m.tif;all_raw/SUM-159_I00-IncucyteRawDataLiveDead-varyGlucose_alive_D6_3_01d08h00m.tif;all_raw/SUM-159_I00-IncucyteRawDataLiveDead-varyGlucose_dead_D11_3_01d08h00m.tif;all_raw/SUM-159_I00-IncucyteRawDataLiveDead-varyGlucose_dead_D6_3_01d08h00m.tif;all_raw/SUM-159_I00-IncucyteRawDataLiveDead-varyGlucose_phase_D11_3_01d08h00m.tif;all_raw/SUM-159_I00-IncucyteRawDataLiveDead-varyGlucose_phase_D6_3_01d08h00m.tif;all_raw/SUM-159_M00b-IncucyteRawDataLiveDead-varyGlucose_alive_C11_2_01d08h00m.tif;all_raw/SUM-159_M00b-IncucyteRawDataLiveDead-varyGlucose_alive_C6_2_01d08h00m.tif;all_raw/SUM-159_M00b-IncucyteRawDataLiveDead-varyGlucose_dead_C11_2_01d08h00m.tif;all_raw/SUM-159_M00b-IncucyteRawDataLiveDead-varyGlucose_dead_C6_2_01d08h00m.tif;all_raw/SUM-159_M00b-IncucyteRawDataLiveDead-varyGlucose_phase_C11_2_01d08h00m.tif;all_raw/SUM-159_M00b-IncucyteRawDataLiveDead-varyGlucose_phase_C6_2_01d08h00m.tif;data/image_processing_runs/sum159_competition_resegmentation/run_20260720_143217/masks/cell/SUM159_J00_Competition_G11_2_01d16h00m_cell_masks.tif;data/image_processing_runs/sum159_targeted_nuclear_area/run_20260721_114700/shards/shard_000/masks/cell/SUM-159_C00-IncucyteRawDataLiveDead-varyGlucose_C9_2_01d16h00m_cell_masks.tif;data/image_processing_runs/sum159_targeted_nuclear_area/run_20260721_114700/shards/shard_000/masks/cell/SUM-159_M00b-IncucyteRawDataLiveDead-varyGlucose_C11_2_01d08h00m_cell_masks.tif;data/image_processing_runs/sum159_targeted_nuclear_area/run_20260721_114700/shards/shard_001/masks/cell/SUM-159_I00-IncucyteRawDataLiveDead-varyGlucose_D11_3_01d08h00m_cell_masks.tif;data/image_processing_runs/sum159_targeted_nuclear_area/run_20260721_114700/shards/shard_002/masks/cell/SUM-159_C00-IncucyteRawDataLiveDead-varyGlucose_C4_2_01d16h00m_cell_masks.tif;data/image_processing_runs/sum159_targeted_nuclear_area/run_20260721_114700/shards/shard_002/masks/cell/SUM-159_M00b-IncucyteRawDataLiveDead-varyGlucose_C6_2_01d08h00m_cell_masks.tif;data/image_processing_runs/sum159_targeted_nuclear_area/run_20260721_114700/shards/shard_003/masks/cell/SUM-159_I00-IncucyteRawDataLiveDead-varyGlucose_D6_3_01d08h00m_cell_masks.tif;manuscript_figures/20260729_sum159_label_swap_evidence_figures/polishing/derived_data/cytoplasmic_cell_area_from_exact_masks.csv.gz;manuscript_figures/20260729_sum159_label_swap_evidence_figures/polishing/derived_data/cytoplasmic_red_quantification/per_cell_cytoplasmic_red.csv.gz;manuscript_figures/20260729_sum159_label_swap_evidence_figures/polishing/derived_data/cytoplasmic_red_quantification/sample_manifest.csv;manuscript_figures/20260729_sum159_label_swap_evidence_figures/polishing/derived_data/multimodal_field_manifest.csv	agent-dev/manuscript_integration/20260729_v03_figure_set_integration/final_figure_scripts/package_scripts/sum159_label_swap/contract.json;agent-dev/manuscript_integration/20260729_v03_figure_set_integration/final_figure_scripts/package_scripts/sum159_label_swap/derived_data/area_companion_views/sum159_full_scope_well_platemap_summary.csv;agent-dev/manuscript_integration/20260729_v03_figure_set_integration/final_figure_scripts/package_scripts/sum159_label_swap/derived_data/area_context_summary.csv;agent-dev/manuscript_integration/20260729_v03_figure_set_integration/final_figure_scripts/package_scripts/sum159_label_swap/derived_data/area_histogram_bins.csv;agent-dev/manuscript_integration/20260729_v03_figure_set_integration/final_figure_scripts/package_scripts/sum159_label_swap/derived_data/area_time_quantiles.csv;agent-dev/manuscript_integration/20260729_v03_figure_set_integration/final_figure_scripts/package_scripts/sum159_label_swap/derived_data/area_vs_total_segmented_area.csv;agent-dev/manuscript_integration/20260729_v03_figure_set_integration/final_figure_scripts/package_scripts/sum159_label_swap/derived_data/broad_glucose_area_summary_24_48h.csv;agent-dev/manuscript_integration/20260729_v03_figure_set_integration/final_figure_scripts/package_scripts/sum159_label_swap/derived_data/competition_ploidy_cytoplasmic_gfp_full/sum159_competition_object_ploidy_calls.csv.gz;agent-dev/manuscript_integration/20260729_v03_figure_set_integration/final_figure_scripts/package_scripts/sum159_label_swap/derived_data/cytoplasmic_cell_area_from_exact_masks.csv.gz;agent-dev/manuscript_integration/20260729_v03_figure_set_integration/final_figure_scripts/package_scripts/sum159_label_swap/derived_data/cytoplasmic_red_image_medians.csv;agent-dev/manuscript_integration/20260729_v03_figure_set_integration/final_figure_scripts/package_scripts/sum159_label_swap/derived_data/cytoplasmic_red_matched_contrasts.csv;agent-dev/manuscript_integration/20260729_v03_figure_set_integration/final_figure_scripts/package_scripts/sum159_label_swap/derived_data/cytoplasmic_red_quantification/per_cell_cytoplasmic_red.csv.gz;agent-dev/manuscript_integration/20260729_v03_figure_set_integration/final_figure_scripts/package_scripts/sum159_label_swap/derived_data/cytoplasmic_red_quantification/sample_manifest.csv;agent-dev/manuscript_integration/20260729_v03_figure_set_integration/final_figure_scripts/package_scripts/sum159_label_swap/derived_data/multimodal_field_manifest.csv;agent-dev/manuscript_integration/20260729_v03_figure_set_integration/final_figure_scripts/package_scripts/sum159_label_swap/derived_data/representative_crop_manifest.csv;agent-dev/manuscript_integration/20260729_v03_figure_set_integration/final_figure_scripts/package_scripts/sum159_label_swap/derived_data/same_2n_area_ratios_to_chem_24_48h.csv;agent-dev/manuscript_integration/20260729_v03_figure_set_integration/final_figure_scripts/package_scripts/sum159_label_swap/derived_data/v3_all_g0_time_summary.csv;agent-dev/manuscript_integration/20260729_v03_figure_set_integration/final_figure_scripts/package_scripts/sum159_label_swap/derived_data/v3_cytoplasmic_size_standardized_pair_contrasts.csv;agent-dev/manuscript_integration/20260729_v03_figure_set_integration/final_figure_scripts/package_scripts/sum159_label_swap/derived_data/v3_cytoplasmic_size_stratum_contrasts.csv;agent-dev/manuscript_integration/20260729_v03_figure_set_integration/final_figure_scripts/package_scripts/sum159_label_swap/derived_data/v3_field_confluence_summary_24_48h.csv;agent-dev/manuscript_integration/20260729_v03_figure_set_integration/final_figure_scripts/package_scripts/sum159_label_swap/derived_data/v3_same_2n_ratios_shared_g0.csv;agent-dev/manuscript_integration/20260729_v03_figure_set_integration/final_figure_scripts/package_scripts/sum159_label_swap/layout/SUM159_evidence_1_layout_preview.png;agent-dev/manuscript_integration/20260729_v03_figure_set_integration/final_figure_scripts/package_scripts/sum159_label_swap/layout/SUM159_evidence_2_layout_preview.png;agent-dev/manuscript_integration/20260729_v03_figure_set_integration/final_figure_scripts/package_scripts/sum159_label_swap/layout/SUM159_evidence_3_layout_preview.png;agent-dev/manuscript_integration/20260729_v03_figure_set_integration/final_figure_scripts/package_scripts/sum159_label_swap/layout/SUM159_evidence_4_layout_preview.png;agent-dev/manuscript_integration/20260729_v03_figure_set_integration/final_figure_scripts/package_scripts/sum159_label_swap/layout/layout_plan.csv;agent-dev/manuscript_integration/20260729_v03_figure_set_integration/final_figure_scripts/package_scripts/sum159_label_swap/layout/layout_report.md;agent-dev/manuscript_integration/20260729_v03_figure_set_integration/final_figure_scripts/package_scripts/sum159_label_swap/layout/subpanel_dimensions.csv;agent-dev/manuscript_integration/20260729_v03_figure_set_integration/final_figure_scripts/package_scripts/sum159_label_swap/notes.md;agent-dev/manuscript_integration/20260729_v03_figure_set_integration/final_figure_scripts/package_scripts/sum159_label_swap/panel_map.csv;agent-dev/manuscript_integration/20260729_v03_figure_set_integration/final_figure_scripts/package_scripts/sum159_label_swap/provenance.csv;agent-dev/manuscript_integration/20260729_v03_figure_set_integration/final_figure_scripts/package_scripts/sum159_label_swap/scripts/__pycache__/extract_cytoplasmic_mask_areas.cpython-39.pyc;agent-dev/manuscript_integration/20260729_v03_figure_set_integration/final_figure_scripts/package_scripts/sum159_label_swap/scripts/__pycache__/make_multimodal_figure.cpython-39.pyc;agent-dev/manuscript_integration/20260729_v03_figure_set_integration/final_figure_scripts/package_scripts/sum159_label_swap/scripts/__pycache__/make_representative_crops.cpython-39.pyc;agent-dev/manuscript_integration/20260729_v03_figure_set_integration/final_figure_scripts/package_scripts/sum159_label_swap/scripts/classify_sum159_cytoplasmic_gfp.py;agent-dev/manuscript_integration/20260729_v03_figure_set_integration/final_figure_scripts/package_scripts/sum159_label_swap/scripts/extract_cytoplasmic_mask_areas.py;agent-dev/manuscript_integration/20260729_v03_figure_set_integration/final_figure_scripts/package_scripts/sum159_label_swap/scripts/make_area_companion_views.R;agent-dev/manuscript_integration/20260729_v03_figure_set_integration/final_figure_scripts/package_scripts/sum159_label_swap/scripts/make_evidence_figures.R;agent-dev/manuscript_integration/20260729_v03_figure_set_integration/final_figure_scripts/package_scripts/sum159_label_swap/scripts/measure_cytoplasmic_red.py;agent-dev/manuscript_integration/20260729_v03_figure_set_integration/final_figure_scripts/package_scripts/sum159_label_swap/scripts/polish_figures.R;agent-dev/manuscript_integration/20260729_v03_figure_set_integration/final_figure_scripts/package_scripts/sum159_label_swap/validation_report.json;agent-dev/manuscript_integration/20260729_v03_figure_set_integration/final_figure_scripts/package_scripts/sum159_label_swap/visual_qc.md	NA
package_wrapper	Figure S18	S18	agent-dev/manuscript_integration/20260729_v03_figure_set_integration	agent-dev/manuscript_integration/20260729_v03_figure_set_integration/final_figure_scripts/run_all_figures.sh	.	agent-dev/manuscript_integration/20260729_v03_figure_set_integration/final_figure_scripts/run_all_figures.sh	agent-dev/manuscript_integration/20260729_v03_figure_set_integration/final_images/S18.png	7a4b0caf518491ef40009e88155a26c65909b31d474127b382161ce84b228652	agent-dev/manuscript_integration/20260729_v03_figure_set_integration/final_images/S18.png	7a4b0caf518491ef40009e88155a26c65909b31d474127b382161ce84b228652	match	/share/lab_crd/lab_crd/HighPloidy_CostBenefits/data/BreastCancerCellLines/SUM-159/J00_IncucyteRawDataLiveDead_Competition/Green/Green_G11_2_01d16h00m.tif;/share/lab_crd/lab_crd/HighPloidy_CostBenefits/data/BreastCancerCellLines/SUM-159/J00_IncucyteRawDataLiveDead_Competition/NIR/NIR__G11_2_01d16h00m.tif;/share/lab_crd/lab_crd/HighPloidy_CostBenefits/data/BreastCancerCellLines/SUM-159/J00_IncucyteRawDataLiveDead_Competition/Red/Red_G11_2_01d16h00m.tif;/share/lab_crd/lab_crd/HighPloidy_CostBenefits/data/BreastCancerCellLines/SUM-159/J00_IncucyteRawDataLiveDead_Competition/phase/Phase_G11_2_01d16h00m.tif;all_raw/SUM-159_C00-IncucyteRawDataLiveDead-varyGlucose_alive_C4_2_01d16h00m.tif;all_raw/SUM-159_C00-IncucyteRawDataLiveDead-varyGlucose_alive_C9_2_01d16h00m.tif;all_raw/SUM-159_C00-IncucyteRawDataLiveDead-varyGlucose_dead_C4_2_01d16h00m.tif;all_raw/SUM-159_C00-IncucyteRawDataLiveDead-varyGlucose_dead_C9_2_01d16h00m.tif;all_raw/SUM-159_C00-IncucyteRawDataLiveDead-varyGlucose_phase_C4_2_01d16h00m.tif;all_raw/SUM-159_C00-IncucyteRawDataLiveDead-varyGlucose_phase_C9_2_01d16h00m.tif;all_raw/SUM-159_I00-IncucyteRawDataLiveDead-varyGlucose_alive_D11_3_01d08h00m.tif;all_raw/SUM-159_I00-IncucyteRawDataLiveDead-varyGlucose_alive_D6_3_01d08h00m.tif;all_raw/SUM-159_I00-IncucyteRawDataLiveDead-varyGlucose_dead_D11_3_01d08h00m.tif;all_raw/SUM-159_I00-IncucyteRawDataLiveDead-varyGlucose_dead_D6_3_01d08h00m.tif;all_raw/SUM-159_I00-IncucyteRawDataLiveDead-varyGlucose_phase_D11_3_01d08h00m.tif;all_raw/SUM-159_I00-IncucyteRawDataLiveDead-varyGlucose_phase_D6_3_01d08h00m.tif;all_raw/SUM-159_M00b-IncucyteRawDataLiveDead-varyGlucose_alive_C11_2_01d08h00m.tif;all_raw/SUM-159_M00b-IncucyteRawDataLiveDead-varyGlucose_alive_C6_2_01d08h00m.tif;all_raw/SUM-159_M00b-IncucyteRawDataLiveDead-varyGlucose_dead_C11_2_01d08h00m.tif;all_raw/SUM-159_M00b-IncucyteRawDataLiveDead-varyGlucose_dead_C6_2_01d08h00m.tif;all_raw/SUM-159_M00b-IncucyteRawDataLiveDead-varyGlucose_phase_C11_2_01d08h00m.tif;all_raw/SUM-159_M00b-IncucyteRawDataLiveDead-varyGlucose_phase_C6_2_01d08h00m.tif;data/image_processing_runs/sum159_competition_resegmentation/run_20260720_143217/masks/cell/SUM159_J00_Competition_G11_2_01d16h00m_cell_masks.tif;data/image_processing_runs/sum159_targeted_nuclear_area/run_20260721_114700/shards/shard_000/masks/cell/SUM-159_C00-IncucyteRawDataLiveDead-varyGlucose_C9_2_01d16h00m_cell_masks.tif;data/image_processing_runs/sum159_targeted_nuclear_area/run_20260721_114700/shards/shard_000/masks/cell/SUM-159_M00b-IncucyteRawDataLiveDead-varyGlucose_C11_2_01d08h00m_cell_masks.tif;data/image_processing_runs/sum159_targeted_nuclear_area/run_20260721_114700/shards/shard_001/masks/cell/SUM-159_I00-IncucyteRawDataLiveDead-varyGlucose_D11_3_01d08h00m_cell_masks.tif;data/image_processing_runs/sum159_targeted_nuclear_area/run_20260721_114700/shards/shard_002/masks/cell/SUM-159_C00-IncucyteRawDataLiveDead-varyGlucose_C4_2_01d16h00m_cell_masks.tif;data/image_processing_runs/sum159_targeted_nuclear_area/run_20260721_114700/shards/shard_002/masks/cell/SUM-159_M00b-IncucyteRawDataLiveDead-varyGlucose_C6_2_01d08h00m_cell_masks.tif;data/image_processing_runs/sum159_targeted_nuclear_area/run_20260721_114700/shards/shard_003/masks/cell/SUM-159_I00-IncucyteRawDataLiveDead-varyGlucose_D6_3_01d08h00m_cell_masks.tif;manuscript_figures/20260729_sum159_label_swap_evidence_figures/polishing/derived_data/cytoplasmic_cell_area_from_exact_masks.csv.gz;manuscript_figures/20260729_sum159_label_swap_evidence_figures/polishing/derived_data/cytoplasmic_red_quantification/per_cell_cytoplasmic_red.csv.gz;manuscript_figures/20260729_sum159_label_swap_evidence_figures/polishing/derived_data/cytoplasmic_red_quantification/sample_manifest.csv;manuscript_figures/20260729_sum159_label_swap_evidence_figures/polishing/derived_data/multimodal_field_manifest.csv	agent-dev/manuscript_integration/20260729_v03_figure_set_integration/normalize_verified_rebuilds.py	NA
