context,G0_mM,ploidy_state,n_cells,bin_left_px,bin_right_px,metric,fraction_cells,median_px
C00 fuse,0.1,low,1732,1140.62492385132,1301.02521691083,cell,0.0874614957329698,1664
C00 fuse,0.1,low,44,305.99496872072,349.025487895958,cell,0.002221885572893,1664
C00 fuse,0.1,low,55,398.107170553497,454.090961097248,cell,0.00277735696611625,1664
C00 fuse,0.1,low,339,673.862716803094,768.624610039774,cell,0.0171186183911529,1664
C00 fuse,0.1,low,601,768.624610039774,876.712387296869,cell,0.030348937029743,1664
C00 fuse,0.1,low,1815,2202.20194998738,2511.88643150958,cell,0.0916527798818361,1664
C00 fuse,0.1,low,2296,1301.02521691083,1483.98178896756,cell,0.115942028985507,1664
C00 fuse,0.1,low,2671,1692.66661503788,1930.69772888325,cell,0.134878553754482,1664
C00 fuse,0.1,low,2340,1930.69772888325,2202.20194998738,cell,0.1181639145584,1664
C00 fuse,0.1,low,370,3268.02758941013,3727.59372031494,cell,0.0186840377720547,1664
C00 fuse,0.1,low,1173,2511.88643150958,2865.12026966378,cell,0.0592334494773519,1664
C00 fuse,0.1,low,2675,1483.98178896756,1692.66661503788,cell,0.135080543352017,1664
C00 fuse,0.1,low,1214,1000,1140.62492385132,cell,0.0613038428520931,1664
C00 fuse,0.1,low,790,876.712387296869,1000,cell,0.0398929455133061,1664
C00 fuse,0.1,low,76,4849.6934285282,5531.68119761723,cell,0.00383780235317881,1664
C00 fuse,0.1,low,657,2865.12026966378,3268.02758941013,cell,0.0331767913952432,1664
C00 fuse,0.1,low,118,517.947467923121,590.783791158794,cell,0.00595869312730394,1664
C00 fuse,0.1,low,191,3727.59372031494,4251.78630338289,cell,0.00964500328233096,1664
C00 fuse,0.1,low,9,7196.85673001152,8208.91415963826,cell,0.000454476594455386,1664
C00 fuse,0.1,low,44,349.025487895958,398.107170553497,cell,0.002221885572893,1664
C00 fuse,0.1,low,23,268.269579527973,305.99496872072,cell,0.00116144018583043,1664
C00 fuse,0.1,low,98,454.090961097248,517.947467923121,cell,0.00494874513962531,1664
C00 fuse,0.1,low,46,5531.68119761723,6309.57344480193,cell,0.00232288037166086,1664
C00 fuse,0.1,low,137,4251.78630338289,4849.6934285282,cell,0.00691814371559865,1664
C00 fuse,0.1,low,8,180.776867696343,206.198600950222,cell,0.000403979195071454,1664
C00 fuse,0.1,low,201,590.783791158794,673.862716803094,cell,0.0101499772761703,1664
C00 fuse,0.1,low,22,6309.57344480193,7196.85673001152,cell,0.0011109427864465,1664
C00 fuse,0.1,low,15,8208.91415963826,9363.29208823942,cell,0.000757460990758976,1664
C00 fuse,0.1,low,16,206.198600950222,235.195263507096,cell,0.000807958390142908,1664
C00 fuse,0.1,low,2,158.489319246111,180.776867696343,cell,0.000100994798767863,1664
C00 fuse,0.1,low,4,138.949549437314,158.489319246111,cell,0.000201989597535727,1664
C00 fuse,0.1,low,11,235.195263507096,268.269579527973,cell,0.000555471393223249,1664
C00 fuse,0.5,low,409,768.624610039774,876.712387296869,cell,0.0148387330842071,2019
C00 fuse,0.5,low,173,517.947467923121,590.783791158794,cell,0.00627653013097268,2019
C00 fuse,0.5,low,1950,1301.02521691083,1483.98178896756,cell,0.0707470159271487,2019
C00 fuse,0.5,low,322,673.862716803094,768.624610039774,cell,0.0116823277582266,2019
C00 fuse,0.5,low,3446,1692.66661503788,1930.69772888325,cell,0.125022675325618,2019
C00 fuse,0.5,low,137,454.090961097248,517.947467923121,cell,0.00497043137539455,2019
C00 fuse,0.5,low,2703,1483.98178896756,1692.66661503788,cell,0.0980662482313246,2019
C00 fuse,0.5,low,3622,1930.69772888325,2202.20194998738,cell,0.131408047019555,2019
C00 fuse,0.5,low,1390,1140.62492385132,1301.02521691083,cell,0.0504299241737111,2019
C00 fuse,0.5,low,632,876.712387296869,1000,cell,0.0229292892645938,2019
C00 fuse,0.5,low,2805,2511.88643150958,2865.12026966378,cell,0.101766861372129,2019
C00 fuse,0.5,low,878,1000,1140.62492385132,cell,0.0318542974277111,2019
C00 fuse,0.5,low,2027,2865.12026966378,3268.02758941013,cell,0.0735406160432464,2019
C00 fuse,0.5,low,3405,2202.20194998738,2511.88643150958,cell,0.123535173965098,2019
C00 fuse,0.5,low,503,4251.78630338289,4849.6934285282,cell,0.0182491020571055,2019
C00 fuse,0.5,low,805,3727.59372031494,4251.78630338289,cell,0.0292058193955665,2019
C00 fuse,0.5,low,60,305.99496872072,349.025487895958,cell,0.00217683125929688,2019
C00 fuse,0.5,low,1297,3268.02758941013,3727.59372031494,cell,0.047055835721801,2019
C00 fuse,0.5,low,63,349.025487895958,398.107170553497,cell,0.00228567282226173,2019
C00 fuse,0.5,low,192,590.783791158794,673.862716803094,cell,0.00696586002975003,2019
C00 fuse,0.5,low,62,6309.57344480193,7196.85673001152,cell,0.00224939230127345,2019
C00 fuse,0.5,low,9,121.818791201012,138.949549437314,cell,0.000326524688894533,2019
C00 fuse,0.5,low,56,268.269579527973,305.99496872072,cell,0.00203170917534376,2019
C00 fuse,0.5,low,138,5531.68119761723,6309.57344480193,cell,0.00500671189638283,2019
C00 fuse,0.5,low,227,4849.6934285282,5531.68119761723,cell,0.00823567826433988,2019
C00 fuse,0.5,low,13,8208.91415963826,9363.29208823942,cell,0.000471646772847658,2019
C00 fuse,0.5,low,32,7196.85673001152,8208.91415963826,cell,0.001160976671625,2019
C00 fuse,0.5,low,47,235.195263507096,268.269579527973,cell,0.00170518448644923,2019
C00 fuse,0.5,low,6,158.489319246111,180.776867696343,cell,0.000217683125929688,2019
C00 fuse,0.5,low,90,398.107170553497,454.090961097248,cell,0.00326524688894533,2019
C00 fuse,0.5,low,4,10680.0043251458,12181.8791201012,cell,0.000145122083953126,2019
C00 fuse,0.5,low,11,180.776867696343,206.198600950222,cell,0.000399085730871095,2019
C00 fuse,0.5,low,7,138.949549437314,158.489319246111,cell,0.00025396364691797,2019
C00 fuse,0.5,low,17,206.198600950222,235.195263507096,cell,0.000616768856800784,2019
C00 fuse,1,low,804,876.712387296869,1000,cell,0.024143419116543,1952
C00 fuse,1,low,1801,1140.62492385132,1301.02521691083,cell,0.0540824599861866,1952
C00 fuse,1,low,132,398.107170553497,454.090961097248,cell,0.00396384492958169,1952
C00 fuse,1,low,220,517.947467923121,590.783791158794,cell,0.00660640821596949,1952
C00 fuse,1,low,1184,1000,1140.62492385132,cell,0.0355544878532176,1952
C00 fuse,1,low,3874,2202.20194998738,2511.88643150958,cell,0.116332842857572,1952
C00 fuse,1,low,2688,1301.02521691083,1483.98178896756,cell,0.0807182967478454,1952
C00 fuse,1,low,4270,1692.66661503788,1930.69772888325,cell,0.128224377646317,1952
C00 fuse,1,low,4350,1930.69772888325,2202.20194998738,cell,0.130626707906669,1952
C00 fuse,1,low,1462,3268.02758941013,3727.59372031494,cell,0.0439025855079427,1952
C00 fuse,1,low,3542,1483.98178896756,1692.66661503788,cell,0.106363172277109,1952
C00 fuse,1,low,47,7196.85673001152,8208.91415963826,cell,0.00141136902795712,1952
C00 fuse,1,low,2950,2511.88643150958,2865.12026966378,cell,0.0885859283505,1952
C00 fuse,1,low,2083,2865.12026966378,3268.02758941013,cell,0.0625506741539293,1952
C00 fuse,1,low,405,4849.6934285282,5531.68119761723,cell,0.0121617969430347,1952
C00 fuse,1,low,525,768.624610039774,876.712387296869,cell,0.0157652923335636,1952
C00 fuse,1,low,600,4251.78630338289,4849.6934285282,cell,0.0180174769526441,1952
C00 fuse,1,low,145,454.090961097248,517.947467923121,cell,0.00435422359688898,1952
C00 fuse,1,low,9,138.949549437314,158.489319246111,cell,0.000270262154289661,1952
C00 fuse,1,low,898,3727.59372031494,4251.78630338289,cell,0.0269661571724573,1952
C00 fuse,1,low,369,673.862716803094,768.624610039774,cell,0.0110807483258761,1952
C00 fuse,1,low,284,590.783791158794,673.862716803094,cell,0.00852827242425152,1952
C00 fuse,1,low,73,305.99496872072,349.025487895958,cell,0.00219212636257169,1952
C00 fuse,1,low,86,349.025487895958,398.107170553497,cell,0.00258250502987898,1952
C00 fuse,1,low,16,9363.29208823942,10680.0043251458,cell,0.000480466052070509,1952
C00 fuse,1,low,10,10680.0043251458,12181.8791201012,cell,0.000300291282544068,1952
C00 fuse,1,low,201,5531.68119761723,6309.57344480193,cell,0.00603585477913576,1952
C00 fuse,1,low,115,6309.57344480193,7196.85673001152,cell,0.00345334974925678,1952
C00 fuse,1,low,17,8208.91415963826,9363.29208823942,cell,0.000510495180324915,1952
C00 fuse,1,low,49,268.269579527973,305.99496872072,cell,0.00147142728446593,1952
C00 fuse,1,low,17,180.776867696343,206.198600950222,cell,0.000510495180324915,1952
C00 fuse,1,low,30,235.195263507096,268.269579527973,cell,0.000900873847632203,1952
C00 fuse,1,low,24,206.198600950222,235.195263507096,cell,0.000720699078105763,1952
C00 fuse,1,low,8,121.818791201012,138.949549437314,cell,0.000240233026035254,1952
C00 fuse,1,low,9,158.489319246111,180.776867696343,cell,0.000270262154289661,1952
C00 fuse,0.1,high,1659,1692.66661503788,1930.69772888325,cell,0.101885401952957,1423
C00 fuse,0.1,high,1456,1000,1140.62492385132,cell,0.0894184118405699,1423
C00 fuse,0.1,high,164,454.090961097248,517.947467923121,cell,0.0100718540809433,1423
C00 fuse,0.1,high,1702,1140.62492385132,1301.02521691083,cell,0.104526192961985,1423
C00 fuse,0.1,high,1854,1483.98178896756,1692.66661503788,cell,0.113861082110176,1423
C00 fuse,0.1,high,1825,1301.02521691083,1483.98178896756,cell,0.112080083522692,1423
C00 fuse,0.1,high,39,305.99496872072,349.025487895958,cell,0.00239513603144384,1423
C00 fuse,0.1,high,1105,876.712387296869,1000,cell,0.0678621875575754,1423
C00 fuse,0.1,high,1458,1930.69772888325,2202.20194998738,cell,0.0895412393293619,1423
C00 fuse,0.1,high,1054,2202.20194998738,2511.88643150958,cell,0.0647300865933796,1423
C00 fuse,0.1,high,629,673.862716803094,768.624610039774,cell,0.0386292452250814,1423
C00 fuse,0.1,high,921,768.624610039774,876.712387296869,cell,0.0565620585887122,1423
C00 fuse,0.1,high,220,3268.02758941013,3727.59372031494,cell,0.0135110237671191,1423
C00 fuse,0.1,high,745,2511.88643150958,2865.12026966378,cell,0.0457532395750169,1423
C00 fuse,0.1,high,20,4849.6934285282,5531.68119761723,cell,0.00122827488791992,1423
C00 fuse,0.1,high,392,2865.12026966378,3268.02758941013,cell,0.0240741878032304,1423
C00 fuse,0.1,high,396,590.783791158794,673.862716803094,cell,0.0243198427808143,1423
C00 fuse,0.1,high,53,4251.78630338289,4849.6934285282,cell,0.00325492845298778,1423
C00 fuse,0.1,high,239,517.947467923121,590.783791158794,cell,0.014677884910643,1423
C00 fuse,0.1,high,23,235.195263507096,268.269579527973,cell,0.0014125161211079,1423
C00 fuse,0.1,high,1,93.6329208823942,106.800043251458,cell,6.14137443959958e-05,1423
C00 fuse,0.1,high,55,349.025487895958,398.107170553497,cell,0.00337775594177977,1423
C00 fuse,0.1,high,103,3727.59372031494,4251.78630338289,cell,0.00632561567278757,1423
C00 fuse,0.1,high,90,398.107170553497,454.090961097248,cell,0.00552723699563962,1423
C00 fuse,0.1,high,20,268.269579527973,305.99496872072,cell,0.00122827488791992,1423
C00 fuse,0.1,high,8,5531.68119761723,6309.57344480193,cell,0.000491309955167967,1423
C00 fuse,0.1,high,19,206.198600950222,235.195263507096,cell,0.00116686114352392,1423
C00 fuse,0.5,high,1820,2202.20194998738,2511.88643150958,cell,0.0597760042040267,1398
C00 fuse,0.5,high,2316,876.712387296869,1000,cell,0.0760666075475416,1398
C00 fuse,0.5,high,2954,1692.66661503788,1930.69772888325,cell,0.0970210529773048,1398
C00 fuse,0.5,high,3333,1140.62492385132,1301.02521691083,cell,0.109468913193418,1398
C00 fuse,0.5,high,1119,673.862716803094,768.624610039774,cell,0.0367523893979702,1398
C00 fuse,0.5,high,64,305.99496872072,349.025487895958,cell,0.00210201333464709,1398
C00 fuse,0.5,high,3483,1301.02521691083,1483.98178896756,cell,0.114395506946497,1398
C00 fuse,0.5,high,2880,1000,1140.62492385132,cell,0.0945906000591191,1398
C00 fuse,0.5,high,111,349.025487895958,398.107170553497,cell,0.00364567937727855,1398
C00 fuse,0.5,high,796,590.783791158794,673.862716803094,cell,0.0261437908496732,1398
C00 fuse,0.5,high,2478,1930.69772888325,2202.20194998738,cell,0.0813873288008671,1398
C00 fuse,0.5,high,3363,1483.98178896756,1692.66661503788,cell,0.110454231944034,1398
C00 fuse,0.5,high,271,454.090961097248,517.947467923121,cell,0.00890071271389628,1398
C00 fuse,0.5,high,194,398.107170553497,454.090961097248,cell,0.006371727920649,1398
C00 fuse,0.5,high,1647,768.624610039774,876.712387296869,cell,0.0540939994088088,1398
C00 fuse,0.5,high,772,2865.12026966378,3268.02758941013,cell,0.0253555358491805,1398
C00 fuse,0.5,high,1321,2511.88643150958,2865.12026966378,cell,0.0433868689854501,1398
C00 fuse,0.5,high,502,517.947467923121,590.783791158794,cell,0.0164876670936381,1398
C00 fuse,0.5,high,43,268.269579527973,305.99496872072,cell,0.00141229020921601,1398
C00 fuse,0.5,high,425,3268.02758941013,3727.59372031494,cell,0.0139586823003908,1398
C00 fuse,0.5,high,121,4251.78630338289,4849.6934285282,cell,0.00397411896081716,1398
C00 fuse,0.5,high,275,3727.59372031494,4251.78630338289,cell,0.00903208854731172,1398
C00 fuse,0.5,high,28,5531.68119761723,6309.57344480193,cell,0.000919630833908103,1398
C00 fuse,0.5,high,10,180.776867696343,206.198600950222,cell,0.000328439583538608,1398
C00 fuse,0.5,high,19,206.198600950222,235.195263507096,cell,0.000624035208723355,1398
C00 fuse,0.5,high,41,4849.6934285282,5531.68119761723,cell,0.00134660229250829,1398
C00 fuse,0.5,high,8,158.489319246111,180.776867696343,cell,0.000262751666830886,1398
C00 fuse,0.5,high,29,235.195263507096,268.269579527973,cell,0.000952474792261963,1398
C00 fuse,0.5,high,12,6309.57344480193,7196.85673001152,cell,0.00039412750024633,1398
C00 fuse,0.5,high,2,138.949549437314,158.489319246111,cell,6.56879167077216e-05,1398
C00 fuse,1,high,3933,1692.66661503788,1930.69772888325,cell,0.0931129998342764,1322
C00 fuse,1,high,2554,768.624610039774,876.712387296869,cell,0.0604654466251569,1322
C00 fuse,1,high,4117,1000,1140.62492385132,cell,0.0974691635692133,1322
C00 fuse,1,high,1333,590.783791158794,673.862716803094,cell,0.0315585122753853,1322
C00 fuse,1,high,4692,1483.98178896756,1692.66661503788,cell,0.111082175240891,1322
C00 fuse,1,high,615,454.090961097248,517.947467923121,cell,0.0145600037879685,1322
C00 fuse,1,high,112,305.99496872072,349.025487895958,cell,0.00265157792561377,1322
C00 fuse,1,high,365,398.107170553497,454.090961097248,cell,0.00864130306115202,1322
C00 fuse,1,high,5074,1301.02521691083,1483.98178896756,cell,0.120125949951467,1322
C00 fuse,1,high,4852,1140.62492385132,1301.02521691083,cell,0.114870143706054,1322
C00 fuse,1,high,1313,2511.88643150958,2865.12026966378,cell,0.03108501621724,1322
C00 fuse,1,high,3357,876.712387296869,1000,cell,0.0794763133596913,1322
C00 fuse,1,high,753,2865.12026966378,3268.02758941013,cell,0.0178271265891711,1322
C00 fuse,1,high,2985,1930.69772888325,2202.20194998738,cell,0.0706692866781884,1322
C00 fuse,1,high,27,5531.68119761723,6309.57344480193,cell,0.000639219678496177,1322
C00 fuse,1,high,123,4251.78630338289,4849.6934285282,cell,0.00291200075759369,1322
C00 fuse,1,high,1929,673.862716803094,768.624610039774,cell,0.0456686948081157,1322
C00 fuse,1,high,2069,2202.20194998738,2511.88643150958,cell,0.0489831672151329,1322
C00 fuse,1,high,917,517.947467923121,590.783791158794,cell,0.0217097942659627,1322
C00 fuse,1,high,194,349.025487895958,398.107170553497,cell,0.00459291176400957,1322
C00 fuse,1,high,434,3268.02758941013,3727.59372031494,cell,0.0102748644617534,1322
C00 fuse,1,high,231,3727.59372031494,4251.78630338289,cell,0.0054688794715784,1322
C00 fuse,1,high,15,158.489319246111,180.776867696343,cell,0.000355122043608987,1322
C00 fuse,1,high,58,4849.6934285282,5531.68119761723,cell,0.00137313856862142,1322
C00 fuse,1,high,13,6309.57344480193,7196.85673001152,cell,0.000307772437794455,1322
C00 fuse,1,high,24,206.198600950222,235.195263507096,cell,0.000568195269774379,1322
C00 fuse,1,high,66,268.269579527973,305.99496872072,cell,0.00156253699187954,1322
C00 fuse,1,high,55,235.195263507096,268.269579527973,cell,0.00130211415989962,1322
C00 fuse,1,high,6,138.949549437314,158.489319246111,cell,0.000142048817443595,1322
C00 fuse,1,high,13,180.776867696343,206.198600950222,cell,0.000307772437794455,1322
C00 fuse,0.5,low,5,106.800043251458,121.818791201012,cell,0.000181402604941407,2019
C00 fuse,0.5,low,5,9363.29208823942,10680.0043251458,cell,0.000181402604941407,2019
C00 fuse,0.5,low,2,12181.8791201012,13894.9549437314,cell,7.25610419765628e-05,2019
C00 fuse,0.5,low,3,13894.9549437314,15848.9319246111,cell,0.000108841562964844,2019
C00 fuse,0.1,high,15,180.776867696343,206.198600950222,cell,0.000921206165939937,1423
C00 fuse,0.1,high,6,158.489319246111,180.776867696343,cell,0.000368482466375975,1423
C00 fuse,0.1,high,2,121.818791201012,138.949549437314,cell,0.000122827488791992,1423
C00 fuse,0.1,high,1,48.496934285282,55.3168119761723,cell,6.14137443959958e-05,1423
C00 fuse,0.5,high,3,121.818791201012,138.949549437314,cell,9.85318750615824e-05,1398
C00 fuse,1,high,3,121.818791201012,138.949549437314,cell,7.10244087217974e-05,1322
C00 fuse,1,high,2,93.6329208823942,106.800043251458,cell,4.73496058145316e-05,1322
C00 fuse,1,high,1,8208.91415963826,9363.29208823942,cell,2.36748029072658e-05,1322
C00 fuse,1,high,3,7196.85673001152,8208.91415963826,cell,7.10244087217974e-05,1322
C00 fuse,0.1,low,2,12181.8791201012,13894.9549437314,cell,0.000100994798767863,1664
C00 fuse,0.1,low,1,121.818791201012,138.949549437314,cell,5.04973993839317e-05,1664
C00 fuse,0.1,low,5,9363.29208823942,10680.0043251458,cell,0.000252486996919659,1664
C00 fuse,0.5,low,3,15848.9319246111,18077.6867696343,cell,0.000108841562964844,2019
C00 fuse,0.5,low,6,18077.6867696343,20619.8600950222,cell,0.000217683125929688,2019
C00 fuse,1,low,1,106.800043251458,121.818791201012,cell,3.00291282544068e-05,1952
C00 fuse,0.1,high,1,82.0891415963825,93.6329208823942,cell,6.14137443959958e-05,1423
C00 fuse,0.1,high,2,138.949549437314,158.489319246111,cell,0.000122827488791992,1423
C00 fuse,0.5,high,3,7196.85673001152,8208.91415963826,cell,9.85318750615824e-05,1398
C00 fuse,0.5,high,1,8208.91415963826,9363.29208823942,cell,3.28439583538608e-05,1398
C00 fuse,1,high,1,106.800043251458,121.818791201012,cell,2.36748029072658e-05,1322
C00 fuse,0.1,high,3,7196.85673001152,8208.91415963826,cell,0.000184241233187987,1423
C00 fuse,0.1,high,1,9363.29208823942,10680.0043251458,cell,6.14137443959958e-05,1423
C00 fuse,0.1,high,1,6309.57344480193,7196.85673001152,cell,6.14137443959958e-05,1423
C00 fuse,0.5,high,3,106.800043251458,121.818791201012,cell,9.85318750615824e-05,1398
C00 fuse,0.1,low,2,10680.0043251458,12181.8791201012,cell,0.000100994798767863,1664
C00 fuse,0.5,low,1,93.6329208823942,106.800043251458,cell,3.62805209882814e-05,2019
C00 fuse,1,low,1,12181.8791201012,13894.9549437314,cell,3.00291282544068e-05,1952
C00 fuse,1,low,1,13894.9549437314,15848.9319246111,cell,3.00291282544068e-05,1952
C00 fuse,1,low,1,15848.9319246111,18077.6867696343,cell,3.00291282544068e-05,1952
C00 fuse,0.1,high,1,106.800043251458,121.818791201012,cell,6.14137443959958e-05,1423
I00 fuse,0.5,high,931,590.783791158794,673.862716803094,cell,0.0313964860216504,1316
I00 fuse,0.5,high,3503,1483.98178896756,1692.66661503788,cell,0.118133072539035,1316
I00 fuse,0.5,high,263,398.107170553497,454.090961097248,cell,0.00886925437561124,1316
I00 fuse,0.5,high,200,3268.02758941013,3727.59372031494,cell,0.00674468013354467,1316
I00 fuse,0.5,high,363,2865.12026966378,3268.02758941013,cell,0.0122415944423836,1316
I00 fuse,0.5,high,1763,768.624610039774,876.712387296869,cell,0.0594543553771962,1316
I00 fuse,0.5,high,2948,1692.66661503788,1930.69772888325,cell,0.0994165851684484,1316
I00 fuse,0.5,high,1268,2202.20194998738,2511.88643150958,cell,0.0427612720466732,1316
I00 fuse,0.5,high,3494,1140.62492385132,1301.02521691083,cell,0.117829561933025,1316
I00 fuse,0.5,high,3687,1301.02521691083,1483.98178896756,cell,0.124338178261896,1316
I00 fuse,0.5,high,3069,1000,1140.62492385132,cell,0.103497116649243,1316
I00 fuse,0.5,high,1354,673.862716803094,768.624610039774,cell,0.0456614845040974,1316
I00 fuse,0.5,high,2337,876.712387296869,1000,cell,0.0788115873604694,1316
I00 fuse,0.5,high,2231,1930.69772888325,2202.20194998738,cell,0.0752369068896908,1316
I00 fuse,0.5,high,589,517.947467923121,590.783791158794,cell,0.019863082993289,1316
I00 fuse,0.5,high,731,2511.88643150958,2865.12026966378,cell,0.0246518058881058,1316
I00 fuse,0.5,high,91,3727.59372031494,4251.78630338289,cell,0.00306882946076282,1316
I00 fuse,0.5,high,385,454.090961097248,517.947467923121,cell,0.0129835092570735,1316
I00 fuse,0.5,high,18,206.198600950222,235.195263507096,cell,0.00060702121201902,1316
I00 fuse,0.5,high,87,305.99496872072,349.025487895958,cell,0.00293393585809193,1316
I00 fuse,0.5,high,5,6309.57344480193,7196.85673001152,cell,0.000168617003338617,1316
I00 fuse,0.5,high,15,180.776867696343,206.198600950222,cell,0.00050585101001585,1316
I00 fuse,0.5,high,142,349.025487895958,398.107170553497,cell,0.00478872289481671,1316
I00 fuse,0.5,high,34,4251.78630338289,4849.6934285282,cell,0.00114659562270259,1316
I00 fuse,0.5,high,36,235.195263507096,268.269579527973,cell,0.00121404242403804,1316
I00 fuse,0.5,high,50,268.269579527973,305.99496872072,cell,0.00168617003338617,1316
I00 fuse,0.5,high,1,7196.85673001152,8208.91415963826,cell,3.37234006677233e-05,1316
I00 fuse,0.5,high,31,4849.6934285282,5531.68119761723,cell,0.00104542542069942,1316
I00 fuse,0.5,high,9,5531.68119761723,6309.57344480193,cell,0.00030351060600951,1316
I00 fuse,0.5,high,6,158.489319246111,180.776867696343,cell,0.00020234040400634,1316
I00 fuse,0.5,high,5,138.949549437314,158.489319246111,cell,0.000168617003338617,1316
I00 fuse,1,high,2465,768.624610039774,876.712387296869,cell,0.0697727079736194,1206
I00 fuse,1,high,736,454.090961097248,517.947467923121,cell,0.0208327436383707,1206
I00 fuse,1,high,2004,673.862716803094,768.624610039774,cell,0.0567239378414334,1206
I00 fuse,1,high,4244,1140.62492385132,1301.02521691083,cell,0.120127940219083,1206
I00 fuse,1,high,276,349.025487895958,398.107170553497,cell,0.00781227886438903,1206
I00 fuse,1,high,74,268.269579527973,305.99496872072,cell,0.0020945965071188,1206
I00 fuse,1,high,2986,1692.66661503788,1930.69772888325,cell,0.0845197995980639,1206
I00 fuse,1,high,1501,590.783791158794,673.862716803094,cell,0.0424863426646664,1206
I00 fuse,1,high,3765,1483.98178896756,1692.66661503788,cell,0.10656967363922,1206
I00 fuse,1,high,4209,1301.02521691083,1483.98178896756,cell,0.119137252681933,1206
I00 fuse,1,high,3866,1000,1140.62492385132,cell,0.109428514817855,1206
I00 fuse,1,high,466,398.107170553497,454.090961097248,cell,0.0131902969232076,1206
I00 fuse,1,high,3175,876.712387296869,1000,cell,0.0898695122986781,1206
I00 fuse,1,high,1159,2202.20194998738,2511.88643150958,cell,0.0328059101587931,1206
I00 fuse,1,high,610,2511.88643150958,2865.12026966378,cell,0.0172662685046279,1206
I00 fuse,1,high,1050,517.947467923121,590.783791158794,cell,0.0297206261145235,1206
I00 fuse,1,high,1964,1930.69772888325,2202.20194998738,cell,0.0555917235132611,1206
I00 fuse,1,high,114,3268.02758941013,3727.59372031494,cell,0.00322681083529112,1206
I00 fuse,1,high,30,4251.78630338289,4849.6934285282,cell,0.000849160746129242,1206
I00 fuse,1,high,266,2865.12026966378,3268.02758941013,cell,0.00752922528234595,1206
I00 fuse,1,high,63,3727.59372031494,4251.78630338289,cell,0.00178323756687141,1206
I00 fuse,1,high,15,180.776867696343,206.198600950222,cell,0.000424580373064621,1206
I00 fuse,1,high,157,305.99496872072,349.025487895958,cell,0.00444394123807637,1206
I00 fuse,1,high,52,235.195263507096,268.269579527973,cell,0.00147187862662402,1206
I00 fuse,1,high,2,106.800043251458,121.818791201012,cell,5.66107164086162e-05,1206
I00 fuse,1,high,6,121.818791201012,138.949549437314,cell,0.000169832149225848,1206
I00 fuse,1,high,5,138.949549437314,158.489319246111,cell,0.00014152679102154,1206
I00 fuse,1,high,26,206.198600950222,235.195263507096,cell,0.00073593931331201,1206
I00 fuse,1,high,7,5531.68119761723,6309.57344480193,cell,0.000198137507430157,1206
I00 fuse,1,high,15,4849.6934285282,5531.68119761723,cell,0.000424580373064621,1206
I00 fuse,1,high,18,158.489319246111,180.776867696343,cell,0.000509496447677545,1206
I00 fuse,0.1,low,480,2865.12026966378,3268.02758941013,cell,0.0279541086715975,1589
I00 fuse,0.1,low,102,454.090961097248,517.947467923121,cell,0.00594024809271446,1589
I00 fuse,0.1,low,2238,1692.66661503788,1930.69772888325,cell,0.130336031681323,1589
I00 fuse,0.1,low,1244,1000,1140.62492385132,cell,0.0724477316405568,1589
I00 fuse,0.1,low,141,517.947467923121,590.783791158794,cell,0.00821151942228175,1589
I00 fuse,0.1,low,16,235.195263507096,268.269579527973,cell,0.000931803622386582,1589
I00 fuse,0.1,low,195,590.783791158794,673.862716803094,cell,0.0113563566478365,1589
I00 fuse,0.1,low,29,268.269579527973,305.99496872072,cell,0.00168889406557568,1589
I00 fuse,0.1,low,1892,1930.69772888325,2202.20194998738,cell,0.110185778347213,1589
I00 fuse,0.1,low,317,673.862716803094,768.624610039774,cell,0.0184613592685342,1589
I00 fuse,0.1,low,2364,1483.98178896756,1692.66661503788,cell,0.137673985207618,1589
I00 fuse,0.1,low,1292,2202.20194998738,2511.88643150958,cell,0.0752431425077165,1589
I00 fuse,0.1,low,1759,1140.62492385132,1301.02521691083,cell,0.102440160736125,1589
I00 fuse,0.1,low,2216,1301.02521691083,1483.98178896756,cell,0.129054801700542,1589
I00 fuse,0.1,low,749,876.712387296869,1000,cell,0.0436200570729719,1589
I00 fuse,0.1,low,454,768.624610039774,876.712387296869,cell,0.0264399277852193,1589
I00 fuse,0.1,low,852,2511.88643150958,2865.12026966378,cell,0.0496185428920855,1589
I00 fuse,0.1,low,272,3268.02758941013,3727.59372031494,cell,0.0158406615805719,1589
I00 fuse,0.1,low,176,3727.59372031494,4251.78630338289,cell,0.0102498398462524,1589
I00 fuse,0.1,low,13,206.198600950222,235.195263507096,cell,0.000757090443189098,1589
I00 fuse,0.1,low,78,398.107170553497,454.090961097248,cell,0.00454254265913459,1589
I00 fuse,0.1,low,2,138.949549437314,158.489319246111,cell,0.000116475452798323,1589
I00 fuse,0.1,low,6,158.489319246111,180.776867696343,cell,0.000349426358394968,1589
I00 fuse,0.1,low,61,4849.6934285282,5531.68119761723,cell,0.00355250131034884,1589
I00 fuse,0.1,low,85,4251.78630338289,4849.6934285282,cell,0.00495020674392872,1589
I00 fuse,0.1,low,27,305.99496872072,349.025487895958,cell,0.00157241861277736,1589
I00 fuse,0.1,low,40,5531.68119761723,6309.57344480193,cell,0.00232950905596646,1589
I00 fuse,0.1,low,42,349.025487895958,398.107170553497,cell,0.00244598450876478,1589
I00 fuse,0.1,low,7,180.776867696343,206.198600950222,cell,0.00040766408479413,1589
I00 fuse,0.1,low,16,6309.57344480193,7196.85673001152,cell,0.000931803622386582,1589
I00 fuse,0.1,low,6,7196.85673001152,8208.91415963826,cell,0.000349426358394968,1589
I00 fuse,0.5,low,2386,2202.20194998738,2511.88643150958,cell,0.0971102971102971,1764
I00 fuse,0.5,low,521,768.624610039774,876.712387296869,cell,0.0212047212047212,1764
I00 fuse,0.5,low,390,673.862716803094,768.624610039774,cell,0.0158730158730159,1764
I00 fuse,0.5,low,1287,2865.12026966378,3268.02758941013,cell,0.0523809523809524,1764
I00 fuse,0.5,low,2960,1930.69772888325,2202.20194998738,cell,0.12047212047212,1764
I00 fuse,0.5,low,1259,1000,1140.62492385132,cell,0.0512413512413512,1764
I00 fuse,0.5,low,3034,1692.66661503788,1930.69772888325,cell,0.123483923483923,1764
I00 fuse,0.5,low,10,180.776867696343,206.198600950222,cell,0.000407000407000407,1764
I00 fuse,0.5,low,1764,2511.88643150958,2865.12026966378,cell,0.0717948717948718,1764
I00 fuse,0.5,low,1838,1140.62492385132,1301.02521691083,cell,0.0748066748066748,1764
I00 fuse,0.5,low,133,4849.6934285282,5531.68119761723,cell,0.00541310541310541,1764
I00 fuse,0.5,low,2442,1301.02521691083,1483.98178896756,cell,0.0993894993894994,1764
I00 fuse,0.5,low,3062,1483.98178896756,1692.66661503788,cell,0.124623524623525,1764
I00 fuse,0.5,low,864,876.712387296869,1000,cell,0.0351648351648352,1764
I00 fuse,0.5,low,465,3727.59372031494,4251.78630338289,cell,0.0189255189255189,1764
I00 fuse,0.5,low,262,4251.78630338289,4849.6934285282,cell,0.0106634106634107,1764
I00 fuse,0.5,low,798,3268.02758941013,3727.59372031494,cell,0.0324786324786325,1764
I00 fuse,0.5,low,191,517.947467923121,590.783791158794,cell,0.00777370777370777,1764
I00 fuse,0.5,low,82,349.025487895958,398.107170553497,cell,0.00333740333740334,1764
I00 fuse,0.5,low,278,590.783791158794,673.862716803094,cell,0.0113146113146113,1764
I00 fuse,0.5,low,1,32.6802758941013,37.2759372031494,cell,4.07000407000407e-05,1764
I00 fuse,0.5,low,25,235.195263507096,268.269579527973,cell,0.00101750101750102,1764
I00 fuse,0.5,low,128,454.090961097248,517.947467923121,cell,0.00520960520960521,1764
I00 fuse,0.5,low,24,7196.85673001152,8208.91415963826,cell,0.000976800976800977,1764
I00 fuse,0.5,low,34,6309.57344480193,7196.85673001152,cell,0.00138380138380138,1764
I00 fuse,0.5,low,39,268.269579527973,305.99496872072,cell,0.00158730158730159,1764
I00 fuse,0.5,low,5,121.818791201012,138.949549437314,cell,0.000203500203500204,1764
I00 fuse,0.5,low,46,305.99496872072,349.025487895958,cell,0.00187220187220187,1764
I00 fuse,0.5,low,96,398.107170553497,454.090961097248,cell,0.00390720390720391,1764
I00 fuse,0.5,low,2,106.800043251458,121.818791201012,cell,8.14000814000814e-05,1764
I00 fuse,0.5,low,72,5531.68119761723,6309.57344480193,cell,0.00293040293040293,1764
I00 fuse,0.5,low,10,138.949549437314,158.489319246111,cell,0.000407000407000407,1764
I00 fuse,0.5,low,1,71.9685673001152,82.0891415963825,cell,4.07000407000407e-05,1764
I00 fuse,0.5,low,19,206.198600950222,235.195263507096,cell,0.000773300773300773,1764
I00 fuse,0.5,low,9,158.489319246111,180.776867696343,cell,0.000366300366300366,1764
I00 fuse,0.5,low,11,8208.91415963826,9363.29208823942,cell,0.000447700447700448,1764
I00 fuse,1,low,116,398.107170553497,454.090961097248,cell,0.00436123016768178,1701
I00 fuse,1,low,2327,2202.20194998738,2511.88643150958,cell,0.0874877810361681,1701
I00 fuse,1,low,677,768.624610039774,876.712387296869,cell,0.0254530415820738,1701
I00 fuse,1,low,2800,1301.02521691083,1483.98178896756,cell,0.105271073013009,1701
I00 fuse,1,low,3566,1692.66661503788,1930.69772888325,cell,0.134070230844424,1701
I00 fuse,1,low,3362,1483.98178896756,1692.66661503788,cell,0.126400481239191,1701
I00 fuse,1,low,714,3268.02758941013,3727.59372031494,cell,0.0268441236183172,1701
I00 fuse,1,low,225,517.947467923121,590.783791158794,cell,0.00845928265283104,1701
I00 fuse,1,low,3104,1930.69772888325,2202.20194998738,cell,0.116700503797278,1701
I00 fuse,1,low,2174,1140.62492385132,1301.02521691083,cell,0.081735468832243,1701
I00 fuse,1,low,1644,2511.88643150958,2865.12026966378,cell,0.0618091585833521,1701
I00 fuse,1,low,458,673.862716803094,768.624610039774,cell,0.017219339799985,1701
I00 fuse,1,low,1084,876.712387296869,1000,cell,0.0407549439807504,1701
I00 fuse,1,low,162,454.090961097248,517.947467923121,cell,0.00609068351003835,1701
I00 fuse,1,low,294,590.783791158794,673.862716803094,cell,0.0110534626663659,1701
I00 fuse,1,low,72,5531.68119761723,6309.57344480193,cell,0.00270697044890593,1701
I00 fuse,1,low,435,3727.59372031494,4251.78630338289,cell,0.0163546131288067,1701
I00 fuse,1,low,15,8208.91415963826,9363.29208823942,cell,0.000563952176855403,1701
I00 fuse,1,low,1523,1000,1140.62492385132,cell,0.0572599443567186,1701
I00 fuse,1,low,1041,2865.12026966378,3268.02758941013,cell,0.0391382810737649,1701
I00 fuse,1,low,155,4849.6934285282,5531.68119761723,cell,0.00582750582750583,1701
I00 fuse,1,low,279,4251.78630338289,4849.6934285282,cell,0.0104895104895105,1701
I00 fuse,1,low,67,305.99496872072,349.025487895958,cell,0.00251898638995413,1701
I00 fuse,1,low,41,268.269579527973,305.99496872072,cell,0.00154146928340477,1701
I00 fuse,1,low,86,349.025487895958,398.107170553497,cell,0.00323332581397098,1701
I00 fuse,1,low,9,138.949549437314,158.489319246111,cell,0.000338371306113242,1701
I00 fuse,1,low,7,9363.29208823942,10680.0043251458,cell,0.000263177682532521,1701
I00 fuse,1,low,35,7196.85673001152,8208.91415963826,cell,0.00131588841266261,1701
I00 fuse,1,low,36,6309.57344480193,7196.85673001152,cell,0.00135348522445297,1701
I00 fuse,1,low,15,180.776867696343,206.198600950222,cell,0.000563952176855403,1701
I00 fuse,1,low,7,10680.0043251458,12181.8791201012,cell,0.000263177682532521,1701
I00 fuse,1,low,38,235.195263507096,268.269579527973,cell,0.00142867884803369,1701
I00 fuse,1,low,19,206.198600950222,235.195263507096,cell,0.000714339424016843,1701
I00 fuse,1,low,4,158.489319246111,180.776867696343,cell,0.000150387247161441,1701
I00 fuse,0.1,high,1772,1930.69772888325,2202.20194998738,cell,0.0899766426322738,1453
I00 fuse,0.1,high,952,768.624610039774,876.712387296869,cell,0.0483395958159846,1453
I00 fuse,0.1,high,2046,1140.62492385132,1301.02521691083,cell,0.103889509495278,1453
I00 fuse,0.1,high,2296,1483.98178896756,1692.66661503788,cell,0.11658373108561,1453
I00 fuse,0.1,high,949,2511.88643150958,2865.12026966378,cell,0.0481872651569006,1453
I00 fuse,0.1,high,333,517.947467923121,590.783791158794,cell,0.0169087031583223,1453
I00 fuse,0.1,high,1683,1000,1140.62492385132,cell,0.0854574997461156,1453
I00 fuse,0.1,high,1368,2202.20194998738,2511.88643150958,cell,0.0694627805422971,1453
I00 fuse,0.1,high,2073,1692.66661503788,1930.69772888325,cell,0.105260485427034,1453
I00 fuse,0.1,high,307,3268.02758941013,3727.59372031494,cell,0.0155885041129278,1453
I00 fuse,0.1,high,532,2865.12026966378,3268.02758941013,cell,0.0270133035442267,1453
I00 fuse,0.1,high,26,4849.6934285282,5531.68119761723,cell,0.00132019904539454,1453
I00 fuse,0.1,high,2204,1301.02521691083,1483.98178896756,cell,0.111912257540368,1453
I00 fuse,0.1,high,729,673.862716803094,768.624610039774,cell,0.0370163501574084,1453
I00 fuse,0.1,high,460,590.783791158794,673.862716803094,cell,0.023357367726211,1453
I00 fuse,0.1,high,1295,876.712387296869,1000,cell,0.0657560678379202,1453
I00 fuse,0.1,high,70,349.025487895958,398.107170553497,cell,0.00355438204529298,1453
I00 fuse,0.1,high,105,398.107170553497,454.090961097248,cell,0.00533157306793947,1453
I00 fuse,0.1,high,193,454.090961097248,517.947467923121,cell,0.00979993906773637,1453
I00 fuse,0.1,high,47,4251.78630338289,4849.6934285282,cell,0.00238651365898243,1453
I00 fuse,0.1,high,33,268.269579527973,305.99496872072,cell,0.00167563724992383,1453
I00 fuse,0.1,high,8,180.776867696343,206.198600950222,cell,0.000406215090890627,1453
I00 fuse,0.1,high,37,305.99496872072,349.025487895958,cell,0.00187874479536915,1453
I00 fuse,0.1,high,121,3727.59372031494,4251.78630338289,cell,0.00614400324972073,1453
I00 fuse,0.1,high,1,71.9685673001152,82.0891415963825,cell,5.07768863613283e-05,1453
I00 fuse,0.1,high,15,206.198600950222,235.195263507096,cell,0.000761653295419925,1453
I00 fuse,0.1,high,11,235.195263507096,268.269579527973,cell,0.000558545749974612,1453
I00 fuse,0.1,high,10,5531.68119761723,6309.57344480193,cell,0.000507768863613283,1453
I00 fuse,0.1,high,1,106.800043251458,121.818791201012,cell,5.07768863613283e-05,1453
I00 fuse,0.5,high,4,121.818791201012,138.949549437314,cell,0.000134893602670893,1316
I00 fuse,0.5,high,2,106.800043251458,121.818791201012,cell,6.74468013354467e-05,1316
I00 fuse,1,high,2,8208.91415963826,9363.29208823942,cell,5.66107164086162e-05,1206
I00 fuse,0.5,low,5,10680.0043251458,12181.8791201012,cell,0.000203500203500204,1764
I00 fuse,0.5,low,1,13894.9549437314,15848.9319246111,cell,4.07000407000407e-05,1764
I00 fuse,0.5,low,6,9363.29208823942,10680.0043251458,cell,0.000244200244200244,1764
I00 fuse,0.5,low,2,82.0891415963825,93.6329208823942,cell,8.14000814000814e-05,1764
I00 fuse,0.5,low,1,93.6329208823942,106.800043251458,cell,4.07000407000407e-05,1764
I00 fuse,0.5,low,2,18077.6867696343,20619.8600950222,cell,8.14000814000814e-05,1764
I00 fuse,0.5,low,2,20619.8600950222,23519.5263507096,cell,8.14000814000814e-05,1764
I00 fuse,1,low,3,121.818791201012,138.949549437314,cell,0.000112790435371081,1701
I00 fuse,1,low,1,93.6329208823942,106.800043251458,cell,3.75968117903602e-05,1701
I00 fuse,1,low,1,12181.8791201012,13894.9549437314,cell,3.75968117903602e-05,1701
I00 fuse,0.1,high,5,158.489319246111,180.776867696343,cell,0.000253884431806642,1453
I00 fuse,0.1,high,1,138.949549437314,158.489319246111,cell,5.07768863613283e-05,1453
I00 fuse,0.1,high,4,121.818791201012,138.949549437314,cell,0.000203107545445313,1453
I00 fuse,0.5,high,1,93.6329208823942,106.800043251458,cell,3.37234006677233e-05,1316
I00 fuse,0.5,low,3,12181.8791201012,13894.9549437314,cell,0.000122100122100122,1764
I00 fuse,1,low,2,106.800043251458,121.818791201012,cell,7.51936235807204e-05,1701
I00 fuse,0.1,high,3,6309.57344480193,7196.85673001152,cell,0.000152330659083985,1453
I00 fuse,0.1,high,1,9363.29208823942,10680.0043251458,cell,5.07768863613283e-05,1453
I00 fuse,0.1,high,2,10680.0043251458,12181.8791201012,cell,0.000101553772722657,1453
I00 fuse,0.1,high,1,8208.91415963826,9363.29208823942,cell,5.07768863613283e-05,1453
I00 fuse,1,high,1,93.6329208823942,106.800043251458,cell,2.83053582043081e-05,1206
M00b chem,0.5,high,215,517.947467923121,590.783791158794,cell,0.0207248891459418,1584
M00b chem,0.5,high,389,673.862716803094,768.624610039774,cell,0.0374975901291691,1584
M00b chem,0.5,high,856,1483.98178896756,1692.66661503788,cell,0.0825139772508194,1584
M00b chem,0.5,high,14,268.269579527973,305.99496872072,cell,0.00134952766531714,1584
M00b chem,0.5,high,740,2202.20194998738,2511.88643150958,cell,0.0713321765953345,1584
M00b chem,0.5,high,929,1692.66661503788,1930.69772888325,cell,0.0895508000771159,1584
M00b chem,0.5,high,875,1301.02521691083,1483.98178896756,cell,0.0843454790823212,1584
M00b chem,0.5,high,820,1930.69772888325,2202.20194998738,cell,0.0790437632542896,1584
M00b chem,0.5,high,390,3268.02758941013,3727.59372031494,cell,0.037593984962406,1584
M00b chem,0.5,high,681,2511.88643150958,2865.12026966378,cell,0.0656448814343551,1584
M00b chem,0.5,high,707,1000,1140.62492385132,cell,0.0681511470985155,1584
M00b chem,0.5,high,69,5531.68119761723,6309.57344480193,cell,0.00665124349334876,1584
M00b chem,0.5,high,493,2865.12026966378,3268.02758941013,cell,0.0475226527858107,1584
M00b chem,0.5,high,298,590.783791158794,673.862716803094,cell,0.0287256603046077,1584
M00b chem,0.5,high,618,876.712387296869,1000,cell,0.059572006940428,1584
M00b chem,0.5,high,798,1140.62492385132,1301.02521691083,cell,0.0769230769230769,1584
M00b chem,0.5,high,58,349.025487895958,398.107170553497,cell,0.00559090032774243,1584
M00b chem,0.5,high,527,768.624610039774,876.712387296869,cell,0.0508000771158666,1584
M00b chem,0.5,high,254,3727.59372031494,4251.78630338289,cell,0.0244842876421824,1584
M00b chem,0.5,high,132,454.090961097248,517.947467923121,cell,0.0127241179872759,1584
M00b chem,0.5,high,9,206.198600950222,235.195263507096,cell,0.000867553499132447,1584
M00b chem,0.5,high,183,4251.78630338289,4849.6934285282,cell,0.0176402544823597,1584
M00b chem,0.5,high,73,398.107170553497,454.090961097248,cell,0.00703682282629651,1584
M00b chem,0.5,high,31,305.99496872072,349.025487895958,cell,0.00298823983034509,1584
M00b chem,0.5,high,113,4849.6934285282,5531.68119761723,cell,0.0108926161557741,1584
M00b chem,0.5,high,15,7196.85673001152,8208.91415963826,cell,0.00144592249855408,1584
M00b chem,0.5,high,36,6309.57344480193,7196.85673001152,cell,0.00347021399652979,1584
M00b chem,0.5,high,11,235.195263507096,268.269579527973,cell,0.00106034316560632,1584
M00b chem,0.5,high,4,180.776867696343,206.198600950222,cell,0.000385579332947754,1584
M00b chem,0.5,high,1,48.496934285282,55.3168119761723,cell,9.63948332369385e-05,1584
M00b chem,1,high,403,590.783791158794,673.862716803094,cell,0.0296519755720698,1483
M00b chem,1,high,1137,1692.66661503788,1930.69772888325,cell,0.0836583032889412,1483
M00b chem,1,high,1184,1483.98178896756,1692.66661503788,cell,0.0871164741372967,1483
M00b chem,1,high,1106,1000,1140.62492385132,cell,0.0813773820910897,1483
M00b chem,1,high,1146,1140.62492385132,1301.02521691083,cell,0.0843205062173497,1483
M00b chem,1,high,1196,1301.02521691083,1483.98178896756,cell,0.0879994113751748,1483
M00b chem,1,high,751,768.624610039774,876.712387296869,cell,0.055257155470532,1483
M00b chem,1,high,820,876.712387296869,1000,cell,0.0603340445883305,1483
M00b chem,1,high,736,2511.88643150958,2865.12026966378,cell,0.0541534839231845,1483
M00b chem,1,high,542,2865.12026966378,3268.02758941013,cell,0.0398793319108233,1483
M00b chem,1,high,1110,1930.69772888325,2202.20194998738,cell,0.0816716945037157,1483
M00b chem,1,high,165,4251.78630338289,4849.6934285282,cell,0.0121403870208226,1483
M00b chem,1,high,566,673.862716803094,768.624610039774,cell,0.0416452063865794,1483
M00b chem,1,high,943,2202.20194998738,2511.88643150958,cell,0.0693841512765801,1483
M00b chem,1,high,308,517.947467923121,590.783791158794,cell,0.0226620557722022,1483
M00b chem,1,high,205,454.090961097248,517.947467923121,cell,0.0150835111470826,1483
M00b chem,1,high,396,3268.02758941013,3727.59372031494,cell,0.0291369288499743,1483
M00b chem,1,high,264,3727.59372031494,4251.78630338289,cell,0.0194246192333162,1483
M00b chem,1,high,125,398.107170553497,454.090961097248,cell,0.00919726289456258,1483
M00b chem,1,high,36,305.99496872072,349.025487895958,cell,0.00264881171363402,1483
M00b chem,1,high,79,349.025487895958,398.107170553497,cell,0.00581267014936355,1483
M00b chem,1,high,22,268.269579527973,305.99496872072,cell,0.00161871826944301,1483
M00b chem,1,high,42,6309.57344480193,7196.85673001152,cell,0.00309028033257303,1483
M00b chem,1,high,5,138.949549437314,158.489319246111,cell,0.000367890515782503,1483
M00b chem,1,high,81,5531.68119761723,6309.57344480193,cell,0.00595982635567655,1483
M00b chem,1,high,29,7196.85673001152,8208.91415963826,cell,0.00213376499153852,1483
M00b chem,1,high,130,4849.6934285282,5531.68119761723,cell,0.00956515341034508,1483
M00b chem,1,high,14,235.195263507096,268.269579527973,cell,0.00103009344419101,1483
M00b chem,1,high,2,121.818791201012,138.949549437314,cell,0.000147156206313001,1483
M00b chem,1,high,21,8208.91415963826,9363.29208823942,cell,0.00154514016628651,1483
M00b chem,1,high,2,158.489319246111,180.776867696343,cell,0.000147156206313001,1483
M00b chem,1,high,9,206.198600950222,235.195263507096,cell,0.000662202928408506,1483
M00b chem,1,high,4,180.776867696343,206.198600950222,cell,0.000294312412626003,1483
M00b chem,1,high,6,9363.29208823942,10680.0043251458,cell,0.000441468618939004,1483
M00b chem,0.1,low,490,1301.02521691083,1483.98178896756,cell,0.0995530272247054,1058
M00b chem,0.1,low,368,1483.98178896756,1692.66661503788,cell,0.0747663551401869,1058
M00b chem,0.1,low,139,454.090961097248,517.947467923121,cell,0.0282405526208858,1058
M00b chem,0.1,low,264,590.783791158794,673.862716803094,cell,0.0536367330353515,1058
M00b chem,0.1,low,384,673.862716803094,768.624610039774,cell,0.0780170662332385,1058
M00b chem,0.1,low,195,517.947467923121,590.783791158794,cell,0.0396180414465664,1058
M00b chem,0.1,low,260,1692.66661503788,1930.69772888325,cell,0.0528240552620886,1058
M00b chem,0.1,low,465,768.624610039774,876.712387296869,cell,0.0944737911418123,1058
M00b chem,0.1,low,152,1930.69772888325,2202.20194998738,cell,0.0308817553839902,1058
M00b chem,0.1,low,605,1140.62492385132,1301.02521691083,cell,0.122917513206014,1058
M00b chem,0.1,low,634,1000,1140.62492385132,cell,0.12880942706217,1058
M00b chem,0.1,low,575,876.712387296869,1000,cell,0.116822429906542,1058
M00b chem,0.1,low,36,349.025487895958,398.107170553497,cell,0.00731409995936611,1058
M00b chem,0.1,low,66,398.107170553497,454.090961097248,cell,0.0134091832588379,1058
M00b chem,0.1,low,13,268.269579527973,305.99496872072,cell,0.00264120276310443,1058
M00b chem,0.1,low,7,206.198600950222,235.195263507096,cell,0.00142218610321008,1058
M00b chem,0.1,low,98,2202.20194998738,2511.88643150958,cell,0.0199106054449411,1058
M00b chem,0.1,low,7,4251.78630338289,4849.6934285282,cell,0.00142218610321008,1058
M00b chem,0.1,low,6,235.195263507096,268.269579527973,cell,0.00121901665989435,1058
M00b chem,0.1,low,18,305.99496872072,349.025487895958,cell,0.00365704997968306,1058
M00b chem,0.1,low,17,3268.02758941013,3727.59372031494,cell,0.00345388053636733,1058
M00b chem,0.1,low,2,158.489319246111,180.776867696343,cell,0.000406338886631451,1058
M00b chem,0.1,low,54,2511.88643150958,2865.12026966378,cell,0.0109711499390492,1058
M00b chem,0.1,low,28,2865.12026966378,3268.02758941013,cell,0.00568874441284031,1058
M00b chem,0.1,low,4,180.776867696343,206.198600950222,cell,0.000812677773262901,1058
M00b chem,0.1,low,1,63.0957344480193,71.9685673001152,cell,0.000203169443315725,1058
M00b chem,0.1,low,6,93.6329208823942,106.800043251458,cell,0.00121901665989435,1058
M00b chem,0.1,low,2,4849.6934285282,5531.68119761723,cell,0.000406338886631451,1058
M00b chem,0.5,low,425,1930.69772888325,2202.20194998738,cell,0.040580540437315,1136
M00b chem,0.5,low,1343,1000,1140.62492385132,cell,0.128234507781915,1136
M00b chem,0.5,low,184,2511.88643150958,2865.12026966378,cell,0.0175689869187434,1136
M00b chem,0.5,low,953,1483.98178896756,1692.66661503788,cell,0.090995894204144,1136
M00b chem,0.5,low,1333,1140.62492385132,1301.02521691083,cell,0.127279671536332,1136
M00b chem,0.5,low,924,768.624610039774,876.712387296869,cell,0.0882268690919507,1136
M00b chem,0.5,low,10,180.776867696343,206.198600950222,cell,0.000954836245583882,1136
M00b chem,0.5,low,435,590.783791158794,673.862716803094,cell,0.0415353766828989,1136
M00b chem,0.5,low,1165,1301.02521691083,1483.98178896756,cell,0.111238422610522,1136
M00b chem,0.5,low,1170,876.712387296869,1000,cell,0.111715840733314,1136
M00b chem,0.5,low,287,2202.20194998738,2511.88643150958,cell,0.0274038002482574,1136
M00b chem,0.5,low,81,2865.12026966378,3268.02758941013,cell,0.00773417358922945,1136
M00b chem,0.5,low,632,673.862716803094,768.624610039774,cell,0.0603456507209014,1136
M00b chem,0.5,low,650,1692.66661503788,1930.69772888325,cell,0.0620643559629524,1136
M00b chem,0.5,low,75,349.025487895958,398.107170553497,cell,0.00716127184187912,1136
M00b chem,0.5,low,177,454.090961097248,517.947467923121,cell,0.0169006015468347,1136
M00b chem,0.5,low,301,517.947467923121,590.783791158794,cell,0.0287405709920749,1136
M00b chem,0.5,low,5,158.489319246111,180.776867696343,cell,0.000477418122791941,1136
M00b chem,0.5,low,38,305.99496872072,349.025487895958,cell,0.00362837773321875,1136
M00b chem,0.5,low,3,6309.57344480193,7196.85673001152,cell,0.000286450873675165,1136
M00b chem,0.5,low,112,398.107170553497,454.090961097248,cell,0.0106941659505395,1136
M00b chem,0.5,low,16,4251.78630338289,4849.6934285282,cell,0.00152773799293421,1136
M00b chem,0.5,low,24,268.269579527973,305.99496872072,cell,0.00229160698940132,1136
M00b chem,0.5,low,4,4849.6934285282,5531.68119761723,cell,0.000381934498233553,1136
M00b chem,0.5,low,32,3727.59372031494,4251.78630338289,cell,0.00305547598586842,1136
M00b chem,0.5,low,59,3268.02758941013,3727.59372031494,cell,0.00563353384894491,1136
M00b chem,0.5,low,1,106.800043251458,121.818791201012,cell,9.54836245583882e-05,1136
M00b chem,0.5,low,15,206.198600950222,235.195263507096,cell,0.00143225436837582,1136
M00b chem,0.5,low,14,235.195263507096,268.269579527973,cell,0.00133677074381744,1136
M00b chem,0.5,low,2,121.818791201012,138.949549437314,cell,0.000190967249116776,1136
M00b chem,1,low,1244,1301.02521691083,1483.98178896756,cell,0.103116710875332,1066
M00b chem,1,low,951,673.862716803094,768.624610039774,cell,0.078829575596817,1066
M00b chem,1,low,1406,876.712387296869,1000,cell,0.116545092838196,1066
M00b chem,1,low,595,590.783791158794,673.862716803094,cell,0.0493202917771883,1066
M00b chem,1,low,456,517.947467923121,590.783791158794,cell,0.0377984084880637,1066
M00b chem,1,low,1477,1140.62492385132,1301.02521691083,cell,0.122430371352785,1066
M00b chem,1,low,1137,768.624610039774,876.712387296869,cell,0.0942473474801061,1066
M00b chem,1,low,98,349.025487895958,398.107170553497,cell,0.00812334217506631,1066
M00b chem,1,low,181,398.107170553497,454.090961097248,cell,0.0150033156498674,1066
M00b chem,1,low,955,1483.98178896756,1692.66661503788,cell,0.0791611405835544,1066
M00b chem,1,low,1598,1000,1140.62492385132,cell,0.132460212201592,1066
M00b chem,1,low,563,1692.66661503788,1930.69772888325,cell,0.0466677718832891,1066
M00b chem,1,low,271,454.090961097248,517.947467923121,cell,0.0224635278514589,1066
M00b chem,1,low,397,1930.69772888325,2202.20194998738,cell,0.032907824933687,1066
M00b chem,1,low,139,2511.88643150958,2865.12026966378,cell,0.0115218832891247,1066
M00b chem,1,low,223,2202.20194998738,2511.88643150958,cell,0.0184847480106101,1066
M00b chem,1,low,26,235.195263507096,268.269579527973,cell,0.0021551724137931,1066
M00b chem,1,low,58,3268.02758941013,3727.59372031494,cell,0.00480769230769231,1066
M00b chem,1,low,91,2865.12026966378,3268.02758941013,cell,0.00754310344827586,1066
M00b chem,1,low,12,206.198600950222,235.195263507096,cell,0.000994694960212202,1066
M00b chem,1,low,30,268.269579527973,305.99496872072,cell,0.0024867374005305,1066
M00b chem,1,low,31,3727.59372031494,4251.78630338289,cell,0.00256962864721485,1066
M00b chem,1,low,61,305.99496872072,349.025487895958,cell,0.00505636604774536,1066
M00b chem,1,low,6,4849.6934285282,5531.68119761723,cell,0.000497347480106101,1066
M00b chem,1,low,11,4251.78630338289,4849.6934285282,cell,0.000911803713527851,1066
M00b chem,1,low,1,42.5178630338289,48.496934285282,cell,8.28912466843501e-05,1066
M00b chem,1,low,14,180.776867696343,206.198600950222,cell,0.0011604774535809,1066
M00b chem,1,low,5,158.489319246111,180.776867696343,cell,0.000414456233421751,1066
M00b chem,1,low,5,121.818791201012,138.949549437314,cell,0.000414456233421751,1066
M00b chem,1,low,5,5531.68119761723,6309.57344480193,cell,0.000414456233421751,1066
M00b chem,1,low,8,138.949549437314,158.489319246111,cell,0.000663129973474801,1066
M00b chem,1,low,1,6309.57344480193,7196.85673001152,cell,8.28912466843501e-05,1066
M00b chem,0.1,high,765,1483.98178896756,1692.66661503788,cell,0.0934408208134848,1561
M00b chem,0.1,high,170,3727.59372031494,4251.78630338289,cell,0.0207646268474411,1561
M00b chem,0.1,high,35,349.025487895958,398.107170553497,cell,0.00427507023329669,1561
M00b chem,0.1,high,366,768.624610039774,876.712387296869,cell,0.0447050201539025,1561
M00b chem,0.1,high,101,454.090961097248,517.947467923121,cell,0.0123366312446562,1561
M00b chem,0.1,high,481,876.712387296869,1000,cell,0.0587516794918774,1561
M00b chem,0.1,high,724,1930.69772888325,2202.20194998738,cell,0.0884328813973372,1561
M00b chem,0.1,high,277,673.862716803094,768.624610039774,cell,0.0338341272749481,1561
M00b chem,0.1,high,675,1140.62492385132,1301.02521691083,cell,0.0824477830707219,1561
M00b chem,0.1,high,814,1692.66661503788,1930.69772888325,cell,0.0994259191401002,1561
M00b chem,0.1,high,228,590.783791158794,673.862716803094,cell,0.0278490289483327,1561
M00b chem,0.1,high,485,2511.88643150958,2865.12026966378,cell,0.0592402589471113,1561
M00b chem,0.1,high,226,3268.02758941013,3727.59372031494,cell,0.0276047392207158,1561
M00b chem,0.1,high,772,1301.02521691083,1483.98178896756,cell,0.0942958348601441,1561
M00b chem,0.1,high,617,1000,1140.62492385132,cell,0.0753633809698302,1561
M00b chem,0.1,high,604,2202.20194998738,2511.88643150958,cell,0.07377549774032,1561
M00b chem,0.1,high,112,4251.78630338289,4849.6934285282,cell,0.0136802247465494,1561
M00b chem,0.1,high,120,517.947467923121,590.783791158794,cell,0.0146573836570172,1561
M00b chem,0.1,high,392,2865.12026966378,3268.02758941013,cell,0.0478807866129229,1561
M00b chem,0.1,high,60,4849.6934285282,5531.68119761723,cell,0.00732869182850861,1561
M00b chem,0.1,high,67,398.107170553497,454.090961097248,cell,0.00818370587516795,1561
M00b chem,0.1,high,23,5531.68119761723,6309.57344480193,cell,0.00280933186759497,1561
M00b chem,0.1,high,10,235.195263507096,268.269579527973,cell,0.00122144863808477,1561
M00b chem,0.1,high,1,48.496934285282,55.3168119761723,cell,0.000122144863808477,1561
M00b chem,0.1,high,13,305.99496872072,349.025487895958,cell,0.0015878832295102,1561
M00b chem,0.1,high,4,180.776867696343,206.198600950222,cell,0.000488579455233907,1561
M00b chem,0.1,high,13,6309.57344480193,7196.85673001152,cell,0.0015878832295102,1561
M00b chem,0.1,high,4,9363.29208823942,10680.0043251458,cell,0.000488579455233907,1561
M00b chem,0.1,high,8,268.269579527973,305.99496872072,cell,0.000977158910467815,1561
M00b chem,0.1,high,8,7196.85673001152,8208.91415963826,cell,0.000977158910467815,1561
M00b chem,0.1,high,2,158.489319246111,180.776867696343,cell,0.000244289727616954,1561
M00b chem,0.5,high,14,8208.91415963826,9363.29208823942,cell,0.00134952766531714,1584
M00b chem,0.5,high,7,10680.0043251458,12181.8791201012,cell,0.00067476383265857,1584
M00b chem,0.5,high,1,15848.9319246111,18077.6867696343,cell,9.63948332369385e-05,1584
M00b chem,0.5,high,2,13894.9549437314,15848.9319246111,cell,0.000192789666473877,1584
M00b chem,0.5,high,2,12181.8791201012,13894.9549437314,cell,0.000192789666473877,1584
M00b chem,0.5,high,4,9363.29208823942,10680.0043251458,cell,0.000385579332947754,1584
M00b chem,0.5,high,2,158.489319246111,180.776867696343,cell,0.000192789666473877,1584
M00b chem,0.5,high,2,138.949549437314,158.489319246111,cell,0.000192789666473877,1584
M00b chem,1,high,1,63.0957344480193,71.9685673001152,cell,7.35781031565006e-05,1483
M00b chem,0.1,low,4,3727.59372031494,4251.78630338289,cell,0.000812677773262901,1058
M00b chem,0.1,low,5,138.949549437314,158.489319246111,cell,0.00101584721657863,1058
M00b chem,0.1,low,1,121.818791201012,138.949549437314,cell,0.000203169443315725,1058
M00b chem,0.5,low,1,37.2759372031494,42.5178630338289,cell,9.54836245583882e-05,1136
M00b chem,0.5,low,1,82.0891415963825,93.6329208823942,cell,9.54836245583882e-05,1136
M00b chem,1,low,1,55.3168119761723,63.0957344480193,cell,8.28912466843501e-05,1066
M00b chem,1,low,2,106.800043251458,121.818791201012,cell,0.0001657824933687,1066
M00b chem,1,low,2,71.9685673001152,82.0891415963825,cell,0.0001657824933687,1066
M00b chem,0.1,high,5,8208.91415963826,9363.29208823942,cell,0.000610724319042384,1561
M00b chem,0.5,high,1,121.818791201012,138.949549437314,cell,9.63948332369385e-05,1584
M00b chem,1,high,5,10680.0043251458,12181.8791201012,cell,0.000367890515782503,1483
M00b chem,0.1,low,6,106.800043251458,121.818791201012,cell,0.00121901665989435,1058
M00b chem,0.1,low,2,82.0891415963825,93.6329208823942,cell,0.000406338886631451,1058
M00b chem,0.1,low,3,71.9685673001152,82.0891415963825,cell,0.000609508329947176,1058
M00b chem,0.1,low,1,5531.68119761723,6309.57344480193,cell,0.000203169443315725,1058
M00b chem,0.1,low,2,48.496934285282,55.3168119761723,cell,0.000406338886631451,1058
M00b chem,0.1,low,1,22.0220194998738,25.1188643150958,cell,0.000203169443315725,1058
M00b chem,0.5,low,1,138.949549437314,158.489319246111,cell,9.54836245583882e-05,1136
M00b chem,0.1,high,2,206.198600950222,235.195263507096,cell,0.000244289727616954,1561
M00b chem,0.1,high,1,121.818791201012,138.949549437314,cell,0.000122144863808477,1561
M00b chem,0.1,high,1,106.800043251458,121.818791201012,cell,0.000122144863808477,1561
M00b chem,0.1,high,1,82.0891415963825,93.6329208823942,cell,0.000122144863808477,1561
M00b chem,0.1,low,1,28.6512026966378,32.6802758941013,cell,0.000203169443315725,1058
M00b chem,1,low,1,82.0891415963825,93.6329208823942,cell,8.28912466843501e-05,1066
M00b chem,1,low,1,7196.85673001152,8208.91415963826,cell,8.28912466843501e-05,1066
M00b chem,1,low,1,28.6512026966378,32.6802758941013,cell,8.28912466843501e-05,1066
J00 mixture,0.1,high,239,673.862716803094,768.624610039774,cell,0.0266949625823746,1596
J00 mixture,0.1,high,907,1930.69772888325,2202.20194998738,cell,0.101306824528091,1596
J00 mixture,0.1,low,1226,1483.98178896756,1692.66661503788,cell,0.132583540607765,1465
J00 mixture,0.1,high,1098,1483.98178896756,1692.66661503788,cell,0.122640455713169,1596
J00 mixture,0.1,low,806,1930.69772888325,2202.20194998738,cell,0.0871634043473559,1465
J00 mixture,0.1,high,647,1000,1140.62492385132,cell,0.0722662794593991,1596
J00 mixture,0.1,high,151,590.783791158794,673.862716803094,cell,0.0168658550206635,1596
J00 mixture,0.1,high,843,1140.62492385132,1301.02521691083,cell,0.0941583826650285,1596
J00 mixture,0.1,low,417,768.624610039774,876.712387296869,cell,0.0450957067156916,1465
J00 mixture,0.1,high,748,2202.20194998738,2511.88643150958,cell,0.0835474142745449,1596
J00 mixture,0.1,high,308,768.624610039774,876.712387296869,cell,0.0344018764659891,1596
J00 mixture,0.1,low,527,876.712387296869,1000,cell,0.0569914566886558,1465
J00 mixture,0.1,low,1028,1692.66661503788,1930.69772888325,cell,0.111171190656429,1465
J00 mixture,0.1,high,508,2511.88643150958,2865.12026966378,cell,0.0567407572880599,1596
J00 mixture,0.1,high,983,1301.02521691083,1483.98178896756,cell,0.109795599240478,1596
J00 mixture,0.1,high,1127,1692.66661503788,1930.69772888325,cell,0.125879593432369,1596
J00 mixture,0.1,low,760,1000,1140.62492385132,cell,0.0821888179950254,1465
J00 mixture,0.1,low,997,1140.62492385132,1301.02521691083,cell,0.107818752027685,1465
J00 mixture,0.1,high,442,876.712387296869,1000,cell,0.0493689266167765,1596
J00 mixture,0.1,low,1288,1301.02521691083,1483.98178896756,cell,0.139288417865254,1465
J00 mixture,0.1,low,589,2202.20194998738,2511.88643150958,cell,0.0636963339461447,1465
J00 mixture,0.1,low,41,4251.78630338289,4849.6934285282,cell,0.00443387044446848,1465
J00 mixture,0.1,low,250,673.862716803094,768.624610039774,cell,0.0270357953931005,1465
J00 mixture,0.1,low,193,2865.12026966378,3268.02758941013,cell,0.0208716340434736,1465
J00 mixture,0.1,low,351,2511.88643150958,2865.12026966378,cell,0.0379582567319131,1465
J00 mixture,0.1,high,325,2865.12026966378,3268.02758941013,cell,0.0363006813358651,1596
J00 mixture,0.1,high,105,517.947467923121,590.783791158794,cell,0.0117279124315872,1596
J00 mixture,0.1,low,80,454.090961097248,517.947467923121,cell,0.00865145452579215,1465
J00 mixture,0.1,high,19,4849.6934285282,5531.68119761723,cell,0.00212219367809673,1596
J00 mixture,0.1,low,11,5531.68119761723,6309.57344480193,cell,0.00118957499729642,1465
J00 mixture,0.1,high,210,3268.02758941013,3727.59372031494,cell,0.0234558248631744,1596
J00 mixture,0.1,low,172,590.783791158794,673.862716803094,cell,0.0186006272304531,1465
J00 mixture,0.1,low,25,305.99496872072,349.025487895958,cell,0.00270357953931005,1465
J00 mixture,0.1,low,47,398.107170553497,454.090961097248,cell,0.00508272953390289,1465
J00 mixture,0.1,high,29,398.107170553497,454.090961097248,cell,0.00323913771920027,1596
J00 mixture,0.1,low,101,517.947467923121,590.783791158794,cell,0.0109224613388126,1465
J00 mixture,0.1,low,12,6309.57344480193,7196.85673001152,cell,0.00129771817886882,1465
J00 mixture,0.1,low,129,3268.02758941013,3727.59372031494,cell,0.0139504704228398,1465
J00 mixture,0.1,high,1,138.949549437314,158.489319246111,cell,0.000111694404110354,1596
J00 mixture,0.1,high,59,454.090961097248,517.947467923121,cell,0.00658996984251089,1596
J00 mixture,0.1,low,29,349.025487895958,398.107170553497,cell,0.00313615226559965,1465
J00 mixture,0.1,high,3,6309.57344480193,7196.85673001152,cell,0.000335083212331062,1596
J00 mixture,0.1,high,52,4251.78630338289,4849.6934285282,cell,0.00580810901373841,1596
J00 mixture,0.1,low,14,268.269579527973,305.99496872072,cell,0.00151400454201363,1465
J00 mixture,0.1,low,18,4849.6934285282,5531.68119761723,cell,0.00194657726830323,1465
J00 mixture,0.1,high,7,206.198600950222,235.195263507096,cell,0.000781860828772479,1596
J00 mixture,0.1,high,7,5531.68119761723,6309.57344480193,cell,0.000781860828772479,1596
J00 mixture,0.1,high,86,3727.59372031494,4251.78630338289,cell,0.00960571875349045,1596
J00 mixture,0.1,high,8,235.195263507096,268.269579527973,cell,0.000893555232882833,1596
J00 mixture,0.1,low,8,206.198600950222,235.195263507096,cell,0.000865145452579215,1465
J00 mixture,0.1,low,97,3727.59372031494,4251.78630338289,cell,0.010489888612523,1465
J00 mixture,0.1,low,13,235.195263507096,268.269579527973,cell,0.00140586136044122,1465
J00 mixture,0.1,low,5,158.489319246111,180.776867696343,cell,0.000540715907862009,1465
J00 mixture,0.1,high,15,349.025487895958,398.107170553497,cell,0.00167541606165531,1596
J00 mixture,0.1,high,9,305.99496872072,349.025487895958,cell,0.00100524963699319,1596
J00 mixture,0.1,high,9,268.269579527973,305.99496872072,cell,0.00100524963699319,1596
J00 mixture,0.1,low,3,7196.85673001152,8208.91415963826,cell,0.000324429544717206,1465
J00 mixture,0.1,low,2,138.949549437314,158.489319246111,cell,0.000216286363144804,1465
J00 mixture,0.1,low,6,9363.29208823942,10680.0043251458,cell,0.000648859089434411,1465
J00 mixture,0.5,high,849,876.712387296869,1000,cell,0.0628283874787242,1471
J00 mixture,0.5,high,1428,1140.62492385132,1301.02521691083,cell,0.105676015688596,1471
J00 mixture,0.5,low,1174,1140.62492385132,1301.02521691083,cell,0.0970087588828293,1596
J00 mixture,0.5,low,58,398.107170553497,454.090961097248,cell,0.00479259626508015,1596
J00 mixture,0.5,high,1664,1301.02521691083,1483.98178896756,cell,0.123140679345815,1471
J00 mixture,0.5,high,583,768.624610039774,876.712387296869,cell,0.0431436394582994,1471
J00 mixture,0.5,low,15,268.269579527973,305.99496872072,cell,0.00123946455131383,1596
J00 mixture,0.5,low,1487,1483.98178896756,1692.66661503788,cell,0.122872252520245,1596
J00 mixture,0.5,low,1381,1301.02521691083,1483.98178896756,cell,0.11411336969096,1596
J00 mixture,0.5,low,265,673.862716803094,768.624610039774,cell,0.021897207073211,1596
J00 mixture,0.5,low,84,454.090961097248,517.947467923121,cell,0.00694100148735746,1596
J00 mixture,0.5,high,19,268.269579527973,305.99496872072,cell,0.00140605343003034,1471
J00 mixture,0.5,high,5,4849.6934285282,5531.68119761723,cell,0.0003700140605343,1471
J00 mixture,0.5,high,1316,1930.69772888325,2202.20194998738,cell,0.0973877007326278,1471
J00 mixture,0.5,low,43,349.025487895958,398.107170553497,cell,0.00355313171376632,1596
J00 mixture,0.5,low,1482,1692.66661503788,1930.69772888325,cell,0.122459097669807,1596
J00 mixture,0.5,high,415,673.862716803094,768.624610039774,cell,0.0307111670243469,1471
J00 mixture,0.5,high,1100,1000,1140.62492385132,cell,0.0814030933175461,1471
J00 mixture,0.5,low,1223,1930.69772888325,2202.20194998738,cell,0.101057676417121,1596
J00 mixture,0.5,low,582,876.712387296869,1000,cell,0.0480912245909767,1596
J00 mixture,0.5,high,1708,1692.66661503788,1930.69772888325,cell,0.126396803078517,1471
J00 mixture,0.5,low,1002,2202.20194998738,2511.88643150958,cell,0.082796232027764,1596
J00 mixture,0.5,high,520,2511.88643150958,2865.12026966378,cell,0.0384814622955672,1471
J00 mixture,0.5,low,834,1000,1140.62492385132,cell,0.0689142290530491,1596
J00 mixture,0.5,high,302,590.783791158794,673.862716803094,cell,0.0223488492562717,1471
J00 mixture,0.5,high,847,2202.20194998738,2511.88643150958,cell,0.0626803818545105,1471
J00 mixture,0.5,low,399,768.624610039774,876.712387296869,cell,0.0329697570649479,1596
J00 mixture,0.5,low,731,2511.88643150958,2865.12026966378,cell,0.0604032391340274,1596
J00 mixture,0.5,low,206,590.783791158794,673.862716803094,cell,0.0170219798380433,1596
J00 mixture,0.5,high,249,2865.12026966378,3268.02758941013,cell,0.0184267002146082,1471
J00 mixture,0.5,high,1798,1483.98178896756,1692.66661503788,cell,0.133057056168134,1471
J00 mixture,0.5,low,258,3268.02758941013,3727.59372031494,cell,0.0213187902825979,1596
J00 mixture,0.5,low,413,2865.12026966378,3268.02758941013,cell,0.0341265906461742,1596
J00 mixture,0.5,high,194,517.947467923121,590.783791158794,cell,0.0143565455487309,1471
J00 mixture,0.5,high,3,138.949549437314,158.489319246111,cell,0.00022200843632058,1471
J00 mixture,0.5,high,64,3727.59372031494,4251.78630338289,cell,0.00473617997483904,1471
J00 mixture,0.5,high,118,3268.02758941013,3727.59372031494,cell,0.00873233182860949,1471
J00 mixture,0.5,low,78,4251.78630338289,4849.6934285282,cell,0.00644521566683193,1596
J00 mixture,0.5,low,114,517.947467923121,590.783791158794,cell,0.00941993058998513,1596
J00 mixture,0.5,low,25,305.99496872072,349.025487895958,cell,0.00206577425218972,1596
J00 mixture,0.5,high,84,398.107170553497,454.090961097248,cell,0.00621623621697625,1471
J00 mixture,0.5,low,23,5531.68119761723,6309.57344480193,cell,0.00190051231201454,1596
J00 mixture,0.5,high,57,349.025487895958,398.107170553497,cell,0.00421816029009102,1471
J00 mixture,0.5,low,113,3727.59372031494,4251.78630338289,cell,0.00933729961989754,1596
J00 mixture,0.5,low,11,235.195263507096,268.269579527973,cell,0.000908940670963477,1596
J00 mixture,0.5,high,104,454.090961097248,517.947467923121,cell,0.00769629245911345,1471
J00 mixture,0.5,high,35,305.99496872072,349.025487895958,cell,0.0025900984237401,1471
J00 mixture,0.5,low,6,180.776867696343,206.198600950222,cell,0.000495785820525533,1596
J00 mixture,0.5,high,1,6309.57344480193,7196.85673001152,cell,7.40028121068601e-05,1471
J00 mixture,0.5,high,20,4251.78630338289,4849.6934285282,cell,0.0014800562421372,1471
J00 mixture,0.5,low,5,9363.29208823942,10680.0043251458,cell,0.000413154850437944,1596
J00 mixture,0.5,low,18,6309.57344480193,7196.85673001152,cell,0.0014873574615766,1596
J00 mixture,0.5,low,38,4849.6934285282,5531.68119761723,cell,0.00313997686332838,1596
J00 mixture,0.5,low,1,13894.9549437314,15848.9319246111,cell,8.26309700875888e-05,1596
J00 mixture,0.5,low,2,15848.9319246111,18077.6867696343,cell,0.000165261940175178,1596
J00 mixture,0.5,low,11,7196.85673001152,8208.91415963826,cell,0.000908940670963477,1596
J00 mixture,0.5,high,10,235.195263507096,268.269579527973,cell,0.000740028121068601,1471
J00 mixture,0.5,low,1,121.818791201012,138.949549437314,cell,8.26309700875888e-05,1596
J00 mixture,0.5,low,6,8208.91415963826,9363.29208823942,cell,0.000495785820525533,1596
J00 mixture,0.5,low,2,10680.0043251458,12181.8791201012,cell,0.000165261940175178,1596
J00 mixture,0.5,high,10,206.198600950222,235.195263507096,cell,0.000740028121068601,1471
J00 mixture,0.5,high,7,158.489319246111,180.776867696343,cell,0.000518019684748021,1471
J00 mixture,0.5,low,5,206.198600950222,235.195263507096,cell,0.000413154850437944,1596
J00 mixture,0.5,low,3,20619.8600950222,23519.5263507096,cell,0.000247892910262766,1596
J00 mixture,1,low,33,268.269579527973,305.99496872072,cell,0.00235445205479452,1571
J00 mixture,1,low,485,768.624610039774,876.712387296869,cell,0.0346033105022831,1571
J00 mixture,1,high,1401,1000,1140.62492385132,cell,0.0937437269989963,1358
J00 mixture,1,high,1615,1692.66661503788,1930.69772888325,cell,0.108062897290064,1358
J00 mixture,1,high,2023,1301.02521691083,1483.98178896756,cell,0.13536299765808,1358
J00 mixture,1,high,1111,876.712387296869,1000,cell,0.074339243894279,1358
J00 mixture,1,high,1719,1140.62492385132,1301.02521691083,cell,0.115021746403479,1358
J00 mixture,1,low,1464,1930.69772888325,2202.20194998738,cell,0.104452054794521,1571
J00 mixture,1,low,1712,1692.66661503788,1930.69772888325,cell,0.122146118721461,1571
J00 mixture,1,high,667,2202.20194998738,2511.88643150958,cell,0.0446303111408498,1358
J00 mixture,1,high,1947,1483.98178896756,1692.66661503788,cell,0.13027768484443,1358
J00 mixture,1,low,687,2511.88643150958,2865.12026966378,cell,0.0490154109589041,1571
J00 mixture,1,low,1365,1140.62492385132,1301.02521691083,cell,0.097388698630137,1571
J00 mixture,1,high,760,768.624610039774,876.712387296869,cell,0.0508531281365005,1358
J00 mixture,1,low,1612,1301.02521691083,1483.98178896756,cell,0.115011415525114,1571
J00 mixture,1,low,1035,2202.20194998738,2511.88643150958,cell,0.0738441780821918,1571
J00 mixture,1,low,1843,1483.98178896756,1692.66661503788,cell,0.131492579908676,1571
J00 mixture,1,low,1000,1000,1140.62492385132,cell,0.0713470319634703,1571
J00 mixture,1,low,703,876.712387296869,1000,cell,0.0501569634703196,1571
J00 mixture,1,low,237,3268.02758941013,3727.59372031494,cell,0.0169092465753425,1571
J00 mixture,1,high,1182,1930.69772888325,2202.20194998738,cell,0.0790899966543995,1358
J00 mixture,1,high,566,673.862716803094,768.624610039774,cell,0.0378721980595517,1358
J00 mixture,1,high,194,454.090961097248,517.947467923121,cell,0.0129809300769488,1358
J00 mixture,1,high,116,398.107170553497,454.090961097248,cell,0.00776179324188692,1358
J00 mixture,1,high,463,590.783791158794,673.862716803094,cell,0.0309802609568418,1358
J00 mixture,1,high,85,3268.02758941013,3727.59372031494,cell,0.00568752091000335,1358
J00 mixture,1,low,359,673.862716803094,768.624610039774,cell,0.0256135844748858,1571
J00 mixture,1,high,298,517.947467923121,590.783791158794,cell,0.0199397791903647,1358
J00 mixture,1,high,15,4251.78630338289,4849.6934285282,cell,0.00100368016058883,1358
J00 mixture,1,high,164,2865.12026966378,3268.02758941013,cell,0.0109735697557712,1358
J00 mixture,1,low,121,454.090961097248,517.947467923121,cell,0.00863299086757991,1571
J00 mixture,1,high,3,5531.68119761723,6309.57344480193,cell,0.000200736032117765,1358
J00 mixture,1,low,76,398.107170553497,454.090961097248,cell,0.00542237442922374,1571
J00 mixture,1,low,204,590.783791158794,673.862716803094,cell,0.0145547945205479,1571
J00 mixture,1,low,453,2865.12026966378,3268.02758941013,cell,0.0323202054794521,1571
J00 mixture,1,high,371,2511.88643150958,2865.12026966378,cell,0.024824355971897,1358
J00 mixture,1,low,140,517.947467923121,590.783791158794,cell,0.00998858447488584,1571
J00 mixture,1,high,34,268.269579527973,305.99496872072,cell,0.00227500836400134,1358
J00 mixture,1,high,48,305.99496872072,349.025487895958,cell,0.00321177651388424,1358
J00 mixture,1,high,10,4849.6934285282,5531.68119761723,cell,0.000669120107059217,1358
J00 mixture,1,low,49,349.025487895958,398.107170553497,cell,0.00349600456621005,1571
J00 mixture,1,low,115,4251.78630338289,4849.6934285282,cell,0.00820490867579909,1571
J00 mixture,1,low,138,3727.59372031494,4251.78630338289,cell,0.0098458904109589,1571
J00 mixture,1,high,75,349.025487895958,398.107170553497,cell,0.00501840080294413,1358
J00 mixture,1,high,31,3727.59372031494,4251.78630338289,cell,0.00207427233188357,1358
J00 mixture,1,low,16,235.195263507096,268.269579527973,cell,0.00114155251141553,1571
J00 mixture,1,high,3,7196.85673001152,8208.91415963826,cell,0.000200736032117765,1358
J00 mixture,1,low,33,305.99496872072,349.025487895958,cell,0.00235445205479452,1571
J00 mixture,1,low,5,180.776867696343,206.198600950222,cell,0.000356735159817352,1571
J00 mixture,1,high,1,121.818791201012,138.949549437314,cell,6.69120107059217e-05,1358
J00 mixture,1,low,7,158.489319246111,180.776867696343,cell,0.000499429223744292,1571
J00 mixture,1,low,60,4849.6934285282,5531.68119761723,cell,0.00428082191780822,1571
J00 mixture,1,high,1,8208.91415963826,9363.29208823942,cell,6.69120107059217e-05,1358
J00 mixture,1,high,7,180.776867696343,206.198600950222,cell,0.000468384074941452,1358
J00 mixture,1,low,7,7196.85673001152,8208.91415963826,cell,0.000499429223744292,1571
J00 mixture,1,low,11,6309.57344480193,7196.85673001152,cell,0.000784817351598174,1571
J00 mixture,1,low,1,138.949549437314,158.489319246111,cell,7.13470319634703e-05,1571
J00 mixture,1,high,5,158.489319246111,180.776867696343,cell,0.000334560053529609,1358
J00 mixture,1,high,17,235.195263507096,268.269579527973,cell,0.00113750418200067,1358
J00 mixture,1,low,34,5531.68119761723,6309.57344480193,cell,0.00242579908675799,1571
J00 mixture,1,low,2,8208.91415963826,9363.29208823942,cell,0.000142694063926941,1571
J00 mixture,1,low,9,206.198600950222,235.195263507096,cell,0.000642123287671233,1571
J00 mixture,1,high,1,138.949549437314,158.489319246111,cell,6.69120107059217e-05,1358
J00 mixture,1,high,4,6309.57344480193,7196.85673001152,cell,0.000267648042823687,1358
J00 mixture,1,high,8,206.198600950222,235.195263507096,cell,0.000535296085647374,1358
J00 mixture,0.1,low,2,8208.91415963826,9363.29208823942,cell,0.000216286363144804,1465
J00 mixture,0.1,high,2,180.776867696343,206.198600950222,cell,0.000223388808220708,1596
J00 mixture,0.1,high,1,7196.85673001152,8208.91415963826,cell,0.000111694404110354,1596
J00 mixture,0.1,high,1,121.818791201012,138.949549437314,cell,0.000111694404110354,1596
J00 mixture,0.1,high,1,8208.91415963826,9363.29208823942,cell,0.000111694404110354,1596
J00 mixture,0.1,high,1,9363.29208823942,10680.0043251458,cell,0.000111694404110354,1596
J00 mixture,0.1,high,2,158.489319246111,180.776867696343,cell,0.000223388808220708,1596
J00 mixture,0.5,low,2,158.489319246111,180.776867696343,cell,0.000165261940175178,1596
J00 mixture,0.5,low,1,138.949549437314,158.489319246111,cell,8.26309700875888e-05,1596
J00 mixture,0.5,high,1,180.776867696343,206.198600950222,cell,7.40028121068601e-05,1471
J00 mixture,0.5,high,2,5531.68119761723,6309.57344480193,cell,0.00014800562421372,1471
C00 fuse,0.1,low,1513,130.102521691083,143.596170196222,nuclear,0.0764064235935764,182
C00 fuse,0.1,low,63,71.9685673001152,79.4328234724281,nuclear,0.00318149681850318,182
C00 fuse,0.1,low,177,96.7641053709454,106.800043251458,nuclear,0.00893849106150894,182
C00 fuse,0.1,low,2724,158.489319246111,174.927118743984,nuclear,0.137561862438138,182
C00 fuse,0.1,low,111,425.178630338289,469.276245934884,nuclear,0.00560549439450561,182
C00 fuse,0.1,low,1152,235.195263507096,259.58865861264,nuclear,0.0581759418240582,182
C00 fuse,0.1,low,33,630.957344480193,696.397402962432,nuclear,0.00166649833350167,182
C00 fuse,0.1,low,2717,193.069772888325,213.09410153668,nuclear,0.137208362791637,182
C00 fuse,0.1,low,158,385.224842003675,425.178630338289,nuclear,0.00797899202100798,182
C00 fuse,0.1,low,1974,213.09410153668,235.195263507096,nuclear,0.0996869003130997,182
C00 fuse,0.1,low,668,259.58865861264,286.512026966378,nuclear,0.0337339662660337,182
C00 fuse,0.1,low,2271,143.596170196222,158.489319246111,nuclear,0.114685385314615,182
C00 fuse,0.1,low,932,117.876863479359,130.102521691083,nuclear,0.0470659529340471,182
C00 fuse,0.1,low,3185,174.927118743984,193.069772888325,nuclear,0.160842339157661,182
C00 fuse,0.1,low,419,106.800043251458,117.876863479359,nuclear,0.0211594788405212,182
C00 fuse,0.1,low,14,768.624610039774,848.342898244073,nuclear,0.000706999293000707,182
C00 fuse,0.1,low,27,43.9397056076079,48.496934285282,nuclear,0.00136349863650136,182
C00 fuse,0.1,low,257,349.025487895958,385.224842003675,nuclear,0.012978487021513,182
C00 fuse,0.1,low,429,286.512026966378,316.227766016838,nuclear,0.0216644783355217,182
C00 fuse,0.1,low,272,316.227766016838,349.025487895958,nuclear,0.0137359862640137,182
C00 fuse,0.1,low,108,87.6712387296868,96.7641053709454,nuclear,0.00545399454600545,182
C00 fuse,0.1,low,42,65.2057229342861,71.9685673001152,nuclear,0.00212099787900212,182
C00 fuse,0.1,low,41,53.5268182284711,59.0783791158794,nuclear,0.00207049792950207,182
C00 fuse,0.1,low,9,936.329208823942,1033.44106388056,nuclear,0.000454499545500455,182
C00 fuse,0.1,low,31,32.6802758941013,36.0697271532629,nuclear,0.00156549843450157,182
C00 fuse,0.1,low,69,79.4328234724281,87.6712387296868,nuclear,0.00348449651550349,182
C00 fuse,0.1,low,88,469.276245934884,517.947467923121,nuclear,0.00444399555600444,182
C00 fuse,0.1,low,13,29.6093293962708,32.6802758941013,nuclear,0.000656499343500656,182
C00 fuse,0.1,low,70,517.947467923121,571.666650191362,nuclear,0.00353499646500354,182
C00 fuse,0.1,low,23,48.496934285282,53.5268182284711,nuclear,0.00116149883850116,182
C00 fuse,0.1,low,29,39.8107170553497,43.9397056076079,nuclear,0.00146449853550146,182
C00 fuse,0.1,low,41,571.666650191362,630.957344480193,nuclear,0.00207049792950207,182
C00 fuse,0.1,low,17,696.397402962432,768.624610039774,nuclear,0.000858499141500859,182
C00 fuse,0.1,low,16,36.0697271532629,39.8107170553497,nuclear,0.000807999192000808,182
C00 fuse,0.1,low,7,19.9526231496888,22.0220194998738,nuclear,0.000353499646500354,182
C00 fuse,0.1,low,33,59.0783791158794,65.2057229342861,nuclear,0.00166649833350167,182
C00 fuse,0.1,low,19,26.8269579527973,29.6093293962708,nuclear,0.000959499040500959,182
C00 fuse,0.1,low,9,22.0220194998738,24.3060443338441,nuclear,0.000454499545500455,182
C00 fuse,0.1,low,7,16.3789370695407,18.0776867696343,nuclear,0.000353499646500354,182
C00 fuse,0.1,low,5,1140.62492385132,1258.92541179417,nuclear,0.000252499747500253,182
C00 fuse,0.5,low,580,349.025487895958,385.224842003675,nuclear,0.0210472838117357,220
C00 fuse,0.5,low,4064,213.09410153668,235.195263507096,nuclear,0.14747614036361,220
C00 fuse,0.5,low,3689,193.069772888325,213.09410153668,nuclear,0.133867982726712,220
C00 fuse,0.5,low,61,48.496934285282,53.5268182284711,nuclear,0.00221359364226875,220
C00 fuse,0.5,low,3768,235.195263507096,259.58865861264,nuclear,0.136734767935552,220
C00 fuse,0.5,low,128,87.6712387296868,96.7641053709454,nuclear,0.00464491780672787,220
C00 fuse,0.5,low,472,117.876863479359,130.102521691083,nuclear,0.017128134412309,220
C00 fuse,0.5,low,750,130.102521691083,143.596170196222,nuclear,0.0272163152737961,220
C00 fuse,0.5,low,3014,174.927118743984,193.069772888325,nuclear,0.109373298980295,220
C00 fuse,0.5,low,1247,143.596170196222,158.489319246111,nuclear,0.0452516601952317,220
C00 fuse,0.5,low,64,53.5268182284711,59.0783791158794,nuclear,0.00232245890336394,220
C00 fuse,0.5,low,285,106.800043251458,117.876863479359,nuclear,0.0103421998040425,220
C00 fuse,0.5,low,409,385.224842003675,425.178630338289,nuclear,0.0148419639293102,220
C00 fuse,0.5,low,1947,158.489319246111,174.927118743984,nuclear,0.0706535544507748,220
C00 fuse,0.5,low,1702,286.512026966378,316.227766016838,nuclear,0.0617628914613347,220
C00 fuse,0.5,low,116,79.4328234724281,87.6712387296868,nuclear,0.00420945676234714,220
C00 fuse,0.5,low,2815,259.58865861264,286.512026966378,nuclear,0.102151903327648,220
C00 fuse,0.5,low,112,517.947467923121,571.666650191362,nuclear,0.00406430308088689,220
C00 fuse,0.5,low,185,96.7641053709454,106.800043251458,nuclear,0.00671335776753638,220
C00 fuse,0.5,low,925,316.227766016838,349.025487895958,nuclear,0.0335667888376819,220
C00 fuse,0.5,low,71,571.666650191362,630.957344480193,nuclear,0.00257647784591937,220
C00 fuse,0.5,low,162,469.276245934884,517.947467923121,nuclear,0.00587872409913997,220
C00 fuse,0.5,low,289,425.178630338289,469.276245934884,nuclear,0.0104873534855028,220
C00 fuse,0.5,low,18,19.9526231496888,22.0220194998738,nuclear,0.000653191566571107,220
C00 fuse,0.5,low,54,43.9397056076079,48.496934285282,nuclear,0.00195957469971332,220
C00 fuse,0.5,low,51,696.397402962432,768.624610039774,nuclear,0.00185070943861814,220
C00 fuse,0.5,low,120,71.9685673001152,79.4328234724281,nuclear,0.00435461044380738,220
C00 fuse,0.5,low,38,768.624610039774,848.342898244073,nuclear,0.00137895997387234,220
C00 fuse,0.5,low,38,32.6802758941013,36.0697271532629,nuclear,0.00137895997387234,220
C00 fuse,0.5,low,54,630.957344480193,696.397402962432,nuclear,0.00195957469971332,220
C00 fuse,0.5,low,79,65.2057229342861,71.9685673001152,nuclear,0.00286678520883986,220
C00 fuse,0.5,low,14,22.0220194998738,24.3060443338441,nuclear,0.000508037885110861,220
C00 fuse,0.5,low,23,29.6093293962708,32.6802758941013,nuclear,0.000834633668396415,220
C00 fuse,0.5,low,48,39.8107170553497,43.9397056076079,nuclear,0.00174184417752295,220
C00 fuse,0.5,low,54,59.0783791158794,65.2057229342861,nuclear,0.00195957469971332,220
C00 fuse,0.5,low,8,1033.44106388056,1140.62492385132,nuclear,0.000290307362920492,220
C00 fuse,0.5,low,22,26.8269579527973,29.6093293962708,nuclear,0.000798345248031353,220
C00 fuse,0.5,low,10,936.329208823942,1033.44106388056,nuclear,0.000362884203650615,220
C00 fuse,0.5,low,34,36.0697271532629,39.8107170553497,nuclear,0.00123380629241209,220
C00 fuse,0.5,low,3,11.0371550320276,12.1818791201012,nuclear,0.000108865261095185,220
C00 fuse,0.5,low,11,848.342898244073,936.329208823942,nuclear,0.000399172624015677,220
C00 fuse,0.5,low,7,24.3060443338441,26.8269579527973,nuclear,0.000254018942555431,220
C00 fuse,1,low,83,53.5268182284711,59.0783791158794,nuclear,0.00249264220073278,227
C00 fuse,1,low,3260,174.927118743984,193.069772888325,nuclear,0.097903778004685,227
C00 fuse,1,low,257,96.7641053709454,106.800043251458,nuclear,0.00771818127214848,227
C00 fuse,1,low,630,117.876863479359,130.102521691083,nuclear,0.0189200552585741,227
C00 fuse,1,low,828,130.102521691083,143.596170196222,nuclear,0.0248663583398402,227
C00 fuse,1,low,1426,316.227766016838,349.025487895958,nuclear,0.0428253949186137,227
C00 fuse,1,low,2050,158.489319246111,174.927118743984,nuclear,0.0615652591747252,227
C00 fuse,1,low,3925,193.069772888325,213.09410153668,nuclear,0.117874947444291,227
C00 fuse,1,low,4747,213.09410153668,235.195263507096,nuclear,0.142561114781669,227
C00 fuse,1,low,4494,235.195263507096,259.58865861264,nuclear,0.134963060844495,227
C00 fuse,1,low,3727,259.58865861264,286.512026966378,nuclear,0.111928644363025,227
C00 fuse,1,low,629,385.224842003675,425.178630338289,nuclear,0.0188900234248303,227
C00 fuse,1,low,2330,286.512026966378,316.227766016838,nuclear,0.0699741726229804,227
C00 fuse,1,low,1456,143.596170196222,158.489319246111,nuclear,0.0437263499309268,227
C00 fuse,1,low,102,630.957344480193,696.397402962432,nuclear,0.00306324704186438,227
C00 fuse,1,low,80,48.496934285282,53.5268182284711,nuclear,0.00240254669950147,227
C00 fuse,1,low,116,571.666650191362,630.957344480193,nuclear,0.00348369271427713,227
C00 fuse,1,low,2,13.4453288429976,14.8398178896757,nuclear,6.00636674875368e-05,227
C00 fuse,1,low,381,106.800043251458,117.876863479359,nuclear,0.0114421286563758,227
C00 fuse,1,low,432,425.178630338289,469.276245934884,nuclear,0.0129737521773079,227
C00 fuse,1,low,836,349.025487895958,385.224842003675,nuclear,0.0251066130097904,227
C00 fuse,1,low,89,59.0783791158794,65.2057229342861,nuclear,0.00267283320319539,227
C00 fuse,1,low,129,79.4328234724281,87.6712387296868,nuclear,0.00387410655294612,227
C00 fuse,1,low,53,39.8107170553497,43.9397056076079,nuclear,0.00159168718841973,227
C00 fuse,1,low,117,71.9685673001152,79.4328234724281,nuclear,0.0035137245480209,227
C00 fuse,1,low,66,43.9397056076079,48.496934285282,nuclear,0.00198210102708871,227
C00 fuse,1,low,284,469.276245934884,517.947467923121,nuclear,0.00852904078323022,227
C00 fuse,1,low,14,936.329208823942,1033.44106388056,nuclear,0.000420445672412758,227
C00 fuse,1,low,202,517.947467923121,571.666650191362,nuclear,0.00606643041624122,227
C00 fuse,1,low,178,87.6712387296868,96.7641053709454,nuclear,0.00534566640639077,227
C00 fuse,1,low,35,768.624610039774,848.342898244073,nuclear,0.00105111418103189,227
C00 fuse,1,low,96,65.2057229342861,71.9685673001152,nuclear,0.00288305603940177,227
C00 fuse,1,low,47,32.6802758941013,36.0697271532629,nuclear,0.00141149618595711,227
C00 fuse,1,low,21,848.342898244073,936.329208823942,nuclear,0.000630668508619136,227
C00 fuse,1,low,37,36.0697271532629,39.8107170553497,nuclear,0.00111117784851943,227
C00 fuse,1,low,42,696.397402962432,768.624610039774,nuclear,0.00126133701723827,227
C00 fuse,1,low,4,1258.92541179417,1389.49549437314,nuclear,0.000120127334975074,227
C00 fuse,1,low,12,19.9526231496888,22.0220194998738,nuclear,0.000360382004925221,227
C00 fuse,1,low,24,29.6093293962708,32.6802758941013,nuclear,0.000720764009850442,227
C00 fuse,1,low,16,26.8269579527973,29.6093293962708,nuclear,0.000480509339900294,227
C00 fuse,1,low,4,16.3789370695407,18.0776867696343,nuclear,0.000120127334975074,227
C00 fuse,0.1,high,156,385.224842003675,425.178630338289,nuclear,0.00958584244807669,209
C00 fuse,0.1,high,1905,235.195263507096,259.58865861264,nuclear,0.117057883740936,209
C00 fuse,0.1,high,47,71.9685673001152,79.4328234724281,nuclear,0.0028880422760231,209
C00 fuse,0.1,high,2319,174.927118743984,193.069772888325,nuclear,0.14249723485314,209
C00 fuse,0.1,high,2295,213.09410153668,235.195263507096,nuclear,0.141022489861128,209
C00 fuse,0.1,high,479,130.102521691083,143.596170196222,nuclear,0.0294334521322355,209
C00 fuse,0.1,high,286,117.876863479359,130.102521691083,nuclear,0.0175740444881406,209
C00 fuse,0.1,high,1010,143.596170196222,158.489319246111,nuclear,0.0620621850804965,209
C00 fuse,0.1,high,14,36.0697271532629,39.8107170553497,nuclear,0.000860267912006882,209
C00 fuse,0.1,high,1533,158.489319246111,174.927118743984,nuclear,0.0941993363647536,209
C00 fuse,0.1,high,2478,193.069772888325,213.09410153668,nuclear,0.152267420425218,209
C00 fuse,0.1,high,1289,259.58865861264,286.512026966378,nuclear,0.0792060956126336,209
C00 fuse,0.1,high,128,106.800043251458,117.876863479359,nuclear,0.00786530662406292,209
C00 fuse,0.1,high,790,286.512026966378,316.227766016838,nuclear,0.0485436893203884,209
C00 fuse,0.1,high,27,53.5268182284711,59.0783791158794,nuclear,0.00165908811601327,209
C00 fuse,0.1,high,449,316.227766016838,349.025487895958,nuclear,0.0275900208922207,209
C00 fuse,0.1,high,37,630.957344480193,696.397402962432,nuclear,0.00227356519601819,209
C00 fuse,0.1,high,265,349.025487895958,385.224842003675,nuclear,0.0162836426201303,209
C00 fuse,0.1,high,72,87.6712387296868,96.7641053709454,nuclear,0.00442423497603539,209
C00 fuse,0.1,high,80,96.7641053709454,106.800043251458,nuclear,0.00491581664003933,209
C00 fuse,0.1,high,45,571.666650191362,630.957344480193,nuclear,0.00276514686002212,209
C00 fuse,0.1,high,70,469.276245934884,517.947467923121,nuclear,0.00430133956003441,209
C00 fuse,0.1,high,20,32.6802758941013,36.0697271532629,nuclear,0.00122895416000983,209
C00 fuse,0.1,high,123,425.178630338289,469.276245934884,nuclear,0.00755806808406047,209
C00 fuse,0.1,high,9,24.3060443338441,26.8269579527973,nuclear,0.000553029372004424,209
C00 fuse,0.1,high,30,59.0783791158794,65.2057229342861,nuclear,0.00184343124001475,209
C00 fuse,0.1,high,72,517.947467923121,571.666650191362,nuclear,0.00442423497603539,209
C00 fuse,0.1,high,11,19.9526231496888,22.0220194998738,nuclear,0.000675924788005407,209
C00 fuse,0.1,high,15,22.0220194998738,24.3060443338441,nuclear,0.000921715620007374,209
C00 fuse,0.1,high,28,65.2057229342861,71.9685673001152,nuclear,0.00172053582401376,209
C00 fuse,0.1,high,53,79.4328234724281,87.6712387296868,nuclear,0.00325672852402605,209
C00 fuse,0.1,high,17,696.397402962432,768.624610039774,nuclear,0.00104461103600836,209
C00 fuse,0.1,high,14,39.8107170553497,43.9397056076079,nuclear,0.000860267912006882,209
C00 fuse,0.1,high,17,26.8269579527973,29.6093293962708,nuclear,0.00104461103600836,209
C00 fuse,0.1,high,23,43.9397056076079,48.496934285282,nuclear,0.00141329728401131,209
C00 fuse,0.1,high,14,29.6093293962708,32.6802758941013,nuclear,0.000860267912006882,209
C00 fuse,0.1,high,2,18.0776867696343,19.9526231496888,nuclear,0.000122895416000983,209
C00 fuse,0.1,high,24,48.496934285282,53.5268182284711,nuclear,0.0014747449920118,209
C00 fuse,0.5,high,2169,286.512026966378,316.227766016838,nuclear,0.0712549277266754,221
C00 fuse,0.5,high,3149,259.58865861264,286.512026966378,nuclear,0.103449408672799,221
C00 fuse,0.5,high,3933,235.195263507096,259.58865861264,nuclear,0.129204993429698,221
C00 fuse,0.5,high,840,130.102521691083,143.596170196222,nuclear,0.0275952693823916,221
C00 fuse,0.5,high,518,117.876863479359,130.102521691083,nuclear,0.0170170827858081,221
C00 fuse,0.5,high,3398,174.927118743984,193.069772888325,nuclear,0.111629434954008,221
C00 fuse,0.5,high,4351,213.09410153668,235.195263507096,nuclear,0.142936925098555,221
C00 fuse,0.5,high,394,385.224842003675,425.178630338289,nuclear,0.0129434954007884,221
C00 fuse,0.5,high,163,96.7641053709454,106.800043251458,nuclear,0.00535479632063075,221
C00 fuse,0.5,high,23,39.8107170553497,43.9397056076079,nuclear,0.000755584756898817,221
C00 fuse,0.5,high,122,87.6712387296868,96.7641053709454,nuclear,0.00400788436268068,221
C00 fuse,0.5,high,2248,158.489319246111,174.927118743984,nuclear,0.073850197109067,221
C00 fuse,0.5,high,4142,193.069772888325,213.09410153668,nuclear,0.136070959264126,221
C00 fuse,0.5,high,1433,143.596170196222,158.489319246111,nuclear,0.0470762155059133,221
C00 fuse,0.5,high,254,106.800043251458,117.876863479359,nuclear,0.00834428383705651,221
C00 fuse,0.5,high,10,19.9526231496888,22.0220194998738,nuclear,0.000328515111695138,221
C00 fuse,0.5,high,1273,316.227766016838,349.025487895958,nuclear,0.0418199737187911,221
C00 fuse,0.5,high,237,425.178630338289,469.276245934884,nuclear,0.00778580814717477,221
C00 fuse,0.5,high,56,71.9685673001152,79.4328234724281,nuclear,0.00183968462549277,221
C00 fuse,0.5,high,54,65.2057229342861,71.9685673001152,nuclear,0.00177398160315375,221
C00 fuse,0.5,high,44,59.0783791158794,65.2057229342861,nuclear,0.00144546649145861,221
C00 fuse,0.5,high,68,630.957344480193,696.397402962432,nuclear,0.00223390275952694,221
C00 fuse,0.5,high,47,53.5268182284711,59.0783791158794,nuclear,0.00154402102496715,221
C00 fuse,0.5,high,716,349.025487895958,385.224842003675,nuclear,0.0235216819973719,221
C00 fuse,0.5,high,73,571.666650191362,630.957344480193,nuclear,0.00239816031537451,221
C00 fuse,0.5,high,179,469.276245934884,517.947467923121,nuclear,0.00588042049934297,221
C00 fuse,0.5,high,37,32.6802758941013,36.0697271532629,nuclear,0.00121550591327201,221
C00 fuse,0.5,high,123,517.947467923121,571.666650191362,nuclear,0.0040407358738502,221
C00 fuse,0.5,high,43,43.9397056076079,48.496934285282,nuclear,0.00141261498028909,221
C00 fuse,0.5,high,23,29.6093293962708,32.6802758941013,nuclear,0.000755584756898817,221
C00 fuse,0.5,high,7,18.0776867696343,19.9526231496888,nuclear,0.000229960578186597,221
C00 fuse,0.5,high,32,48.496934285282,53.5268182284711,nuclear,0.00105124835742444,221
C00 fuse,0.5,high,38,696.397402962432,768.624610039774,nuclear,0.00124835742444152,221
C00 fuse,0.5,high,79,79.4328234724281,87.6712387296868,nuclear,0.00259526938239159,221
C00 fuse,0.5,high,11,1033.44106388056,1140.62492385132,nuclear,0.000361366622864652,221
C00 fuse,0.5,high,26,36.0697271532629,39.8107170553497,nuclear,0.000854139290407359,221
C00 fuse,0.5,high,30,768.624610039774,848.342898244073,nuclear,0.000985545335085414,221
C00 fuse,0.5,high,10,24.3060443338441,26.8269579527973,nuclear,0.000328515111695138,221
C00 fuse,0.5,high,22,26.8269579527973,29.6093293962708,nuclear,0.000722733245729304,221
C00 fuse,0.5,high,2,10,11.0371550320276,nuclear,6.57030223390276e-05,221
C00 fuse,0.5,high,6,16.3789370695407,18.0776867696343,nuclear,0.000197109067017083,221
C00 fuse,0.5,high,20,848.342898244073,936.329208823942,nuclear,0.000657030223390276,221
C00 fuse,1,high,4753,259.58865861264,286.512026966378,nuclear,0.112539659989582,222
C00 fuse,1,high,283,96.7641053709454,106.800043251458,nuclear,0.0067007624189042,222
C00 fuse,1,high,59,48.496934285282,53.5268182284711,nuclear,0.00139697873751006,222
C00 fuse,1,high,493,385.224842003675,425.178630338289,nuclear,0.0116730596202112,222
C00 fuse,1,high,63,630.957344480193,696.397402962432,nuclear,0.0014916891603921,222
C00 fuse,1,high,4414,174.927118743984,193.069772888325,nuclear,0.104512951650329,222
C00 fuse,1,high,5584,193.069772888325,213.09410153668,nuclear,0.132215750343325,222
C00 fuse,1,high,2864,158.489319246111,174.927118743984,nuclear,0.0678126627835393,222
C00 fuse,1,high,79,65.2057229342861,71.9685673001152,nuclear,0.00187053085192025,222
C00 fuse,1,high,66,43.9397056076079,48.496934285282,nuclear,0.00156272197755363,222
C00 fuse,1,high,149,79.4328234724281,87.6712387296868,nuclear,0.00352796325235592,222
C00 fuse,1,high,399,106.800043251458,117.876863479359,nuclear,0.00944736468248331,222
C00 fuse,1,high,78,59.0783791158794,65.2057229342861,nuclear,0.00184685324619974,222
C00 fuse,1,high,817,117.876863479359,130.102521691083,nuclear,0.0193446038736563,222
C00 fuse,1,high,1952,143.596170196222,158.489319246111,nuclear,0.0462186863664346,222
C00 fuse,1,high,282,425.178630338289,469.276245934884,nuclear,0.00667708481318369,222
C00 fuse,1,high,1593,316.227766016838,349.025487895958,nuclear,0.0377184259127717,222
C00 fuse,1,high,5870,235.195263507096,259.58865861264,nuclear,0.138987545579391,222
C00 fuse,1,high,167,87.6712387296868,96.7641053709454,nuclear,0.00395416015532509,222
C00 fuse,1,high,6290,213.09410153668,235.195263507096,nuclear,0.148932139982005,222
C00 fuse,1,high,3063,286.512026966378,316.227766016838,nuclear,0.0725245063219207,222
C00 fuse,1,high,1135,130.102521691083,143.596170196222,nuclear,0.0268740824927783,222
C00 fuse,1,high,25,26.8269579527973,29.6093293962708,nuclear,0.000591940143012739,222
C00 fuse,1,high,71,53.5268182284711,59.0783791158794,nuclear,0.00168111000615618,222
C00 fuse,1,high,200,469.276245934884,517.947467923121,nuclear,0.00473552114410191,222
C00 fuse,1,high,15,19.9526231496888,22.0220194998738,nuclear,0.000355164085807643,222
C00 fuse,1,high,38,39.8107170553497,43.9397056076079,nuclear,0.000899749017379363,222
C00 fuse,1,high,37,36.0697271532629,39.8107170553497,nuclear,0.000876071411658853,222
C00 fuse,1,high,130,517.947467923121,571.666650191362,nuclear,0.00307808874366624,222
C00 fuse,1,high,110,71.9685673001152,79.4328234724281,nuclear,0.00260453662925605,222
C00 fuse,1,high,90,571.666650191362,630.957344480193,nuclear,0.00213098451484586,222
C00 fuse,1,high,809,349.025487895958,385.224842003675,nuclear,0.0191551830278922,222
C00 fuse,1,high,43,32.6802758941013,36.0697271532629,nuclear,0.00101813704598191,222
C00 fuse,1,high,27,768.624610039774,848.342898244073,nuclear,0.000639295354453758,222
C00 fuse,1,high,23,24.3060443338441,26.8269579527973,nuclear,0.00054458493157172,222
C00 fuse,1,high,31,29.6093293962708,32.6802758941013,nuclear,0.000734005777335796,222
C00 fuse,1,high,12,1033.44106388056,1140.62492385132,nuclear,0.000284131268646115,222
C00 fuse,1,high,11,22.0220194998738,24.3060443338441,nuclear,0.000260453662925605,222
C00 fuse,1,high,7,16.3789370695407,18.0776867696343,nuclear,0.000165743240043567,222
C00 fuse,1,high,9,14.8398178896757,16.3789370695407,nuclear,0.000213098451484586,222
C00 fuse,1,high,43,696.397402962432,768.624610039774,nuclear,0.00101813704598191,222
C00 fuse,1,high,14,936.329208823942,1033.44106388056,nuclear,0.000331486480087134,222
C00 fuse,1,high,4,18.0776867696343,19.9526231496888,nuclear,9.47104228820382e-05,222
C00 fuse,0.1,low,7,24.3060443338441,26.8269579527973,nuclear,0.000353499646500354,182
C00 fuse,0.1,low,4,1033.44106388056,1140.62492385132,nuclear,0.000201999798000202,182
C00 fuse,0.1,low,12,848.342898244073,936.329208823942,nuclear,0.000605999394000606,182
C00 fuse,0.5,low,1,10,11.0371550320276,nuclear,3.62884203650615e-05,220
C00 fuse,1,low,15,22.0220194998738,24.3060443338441,nuclear,0.000450477506156526,227
C00 fuse,1,low,4,1140.62492385132,1258.92541179417,nuclear,0.000120127334975074,227
C00 fuse,1,low,6,24.3060443338441,26.8269579527973,nuclear,0.00018019100246261,227
C00 fuse,0.1,high,6,768.624610039774,848.342898244073,nuclear,0.00036868624800295,209
C00 fuse,0.1,high,3,848.342898244073,936.329208823942,nuclear,0.000184343124001475,209
C00 fuse,0.1,high,4,14.8398178896757,16.3789370695407,nuclear,0.000245790832001966,209
C00 fuse,0.1,high,2,10,11.0371550320276,nuclear,0.000122895416000983,209
C00 fuse,0.5,high,12,22.0220194998738,24.3060443338441,nuclear,0.000394218134034166,221
C00 fuse,0.5,high,4,14.8398178896757,16.3789370695407,nuclear,0.000131406044678055,221
C00 fuse,0.5,high,11,936.329208823942,1033.44106388056,nuclear,0.000361366622864652,221
C00 fuse,0.5,high,3,1258.92541179417,1389.49549437314,nuclear,9.85545335085414e-05,221
C00 fuse,0.5,high,1,1389.49549437314,1533.60771877001,nuclear,3.28515111695138e-05,221
C00 fuse,1,high,19,848.342898244073,936.329208823942,nuclear,0.000449874508689681,222
C00 fuse,1,high,3,1258.92541179417,1389.49549437314,nuclear,7.10328171615286e-05,222
C00 fuse,0.1,low,2,14.8398178896757,16.3789370695407,nuclear,0.000100999899000101,182
C00 fuse,0.5,low,4,16.3789370695407,18.0776867696343,nuclear,0.000145153681460246,220
C00 fuse,0.5,low,1,2511.88643150958,2772.40799674178,nuclear,3.62884203650615e-05,220
C00 fuse,1,low,3,1389.49549437314,1533.60771877001,nuclear,9.00955012313052e-05,227
C00 fuse,0.1,high,3,16.3789370695407,18.0776867696343,nuclear,0.000184343124001475,209
C00 fuse,0.1,high,2,936.329208823942,1033.44106388056,nuclear,0.000122895416000983,209
C00 fuse,0.5,high,2,13.4453288429976,14.8398178896757,nuclear,6.57030223390276e-05,221
C00 fuse,0.5,high,4,1140.62492385132,1258.92541179417,nuclear,0.000131406044678055,221
C00 fuse,1,high,1,10,11.0371550320276,nuclear,2.36776057205095e-05,222
C00 fuse,1,high,1,1533.60771877001,1692.66661503788,nuclear,2.36776057205095e-05,222
C00 fuse,1,high,3,1140.62492385132,1258.92541179417,nuclear,7.10328171615286e-05,222
C00 fuse,0.5,low,2,18.0776867696343,19.9526231496888,nuclear,7.2576840730123e-05,220
C00 fuse,0.5,low,2,1258.92541179417,1389.49549437314,nuclear,7.2576840730123e-05,220
C00 fuse,0.5,low,1,1389.49549437314,1533.60771877001,nuclear,3.62884203650615e-05,220
C00 fuse,0.5,low,2,1533.60771877001,1692.66661503788,nuclear,7.2576840730123e-05,220
C00 fuse,1,low,5,1033.44106388056,1140.62492385132,nuclear,0.000150159168718842,227
C00 fuse,1,low,2,14.8398178896757,16.3789370695407,nuclear,6.00636674875368e-05,227
C00 fuse,0.1,high,4,13.4453288429976,14.8398178896757,nuclear,0.000245790832001966,209
C00 fuse,0.1,high,2,1140.62492385132,1258.92541179417,nuclear,0.000122895416000983,209
C00 fuse,0.1,high,1,1033.44106388056,1140.62492385132,nuclear,6.14477080004916e-05,209
C00 fuse,1,high,2,12.1818791201012,13.4453288429976,nuclear,4.73552114410191e-05,222
C00 fuse,0.1,low,1,18.0776867696343,19.9526231496888,nuclear,5.04999495000505e-05,182
C00 fuse,0.1,low,2,1258.92541179417,1389.49549437314,nuclear,0.000100999899000101,182
C00 fuse,0.5,low,2,1140.62492385132,1258.92541179417,nuclear,7.2576840730123e-05,220
C00 fuse,0.5,low,1,1868.22238477104,2061.98600950222,nuclear,3.62884203650615e-05,220
C00 fuse,1,low,1,12.1818791201012,13.4453288429976,nuclear,3.00318337437684e-05,227
C00 fuse,0.1,high,1,11.0371550320276,12.1818791201012,nuclear,6.14477080004916e-05,209
C00 fuse,1,high,2,11.0371550320276,12.1818791201012,nuclear,4.73552114410191e-05,222
C00 fuse,1,high,1,13.4453288429976,14.8398178896757,nuclear,2.36776057205095e-05,222
C00 fuse,0.1,low,1,12.1818791201012,13.4453288429976,nuclear,5.04999495000505e-05,182
C00 fuse,1,low,1,10,11.0371550320276,nuclear,3.00318337437684e-05,227
I00 fuse,0.5,high,37,32.6802758941013,36.0697271532629,nuclear,0.00124797625472207,210.5
I00 fuse,0.5,high,4488,193.069772888325,213.09410153668,nuclear,0.151376146788991,210.5
I00 fuse,0.5,high,46,48.496934285282,53.5268182284711,nuclear,0.00155153804641123,210.5
I00 fuse,0.5,high,34,26.8269579527973,29.6093293962708,nuclear,0.00114678899082569,210.5
I00 fuse,0.5,high,191,385.224842003675,425.178630338289,nuclear,0.00644225580140313,210.5
I00 fuse,0.5,high,3696,235.195263507096,259.58865861264,nuclear,0.124662709120345,210.5
I00 fuse,0.5,high,2720,259.58865861264,286.512026966378,nuclear,0.091743119266055,210.5
I00 fuse,0.5,high,162,87.6712387296868,96.7641053709454,nuclear,0.00546411225040475,210.5
I00 fuse,0.5,high,733,316.227766016838,349.025487895958,nuclear,0.0247234214786832,210.5
I00 fuse,0.5,high,4585,213.09410153668,235.195263507096,nuclear,0.154647868321641,210.5
I00 fuse,0.5,high,3617,174.927118743984,193.069772888325,nuclear,0.121998111171074,210.5
I00 fuse,0.5,high,2522,158.489319246111,174.927118743984,nuclear,0.0850647598488937,210.5
I00 fuse,0.5,high,1658,143.596170196222,158.489319246111,nuclear,0.055922827846735,210.5
I00 fuse,0.5,high,1061,130.102521691083,143.596170196222,nuclear,0.0357865623313546,210.5
I00 fuse,0.5,high,238,96.7641053709454,106.800043251458,nuclear,0.00802752293577982,210.5
I00 fuse,0.5,high,90,469.276245934884,517.947467923121,nuclear,0.00303561791689153,210.5
I00 fuse,0.5,high,1484,286.512026966378,316.227766016838,nuclear,0.0500539665407447,210.5
I00 fuse,0.5,high,643,117.876863479359,130.102521691083,nuclear,0.0216878035617917,210.5
I00 fuse,0.5,high,106,425.178630338289,469.276245934884,nuclear,0.00357528332433891,210.5
I00 fuse,0.5,high,423,106.800043251458,117.876863479359,nuclear,0.0142674042093902,210.5
I00 fuse,0.5,high,104,79.4328234724281,87.6712387296868,nuclear,0.00350782514840799,210.5
I00 fuse,0.5,high,340,349.025487895958,385.224842003675,nuclear,0.0114678899082569,210.5
I00 fuse,0.5,high,17,768.624610039774,848.342898244073,nuclear,0.000573394495412844,210.5
I00 fuse,0.5,high,85,71.9685673001152,79.4328234724281,nuclear,0.00286697247706422,210.5
I00 fuse,0.5,high,66,59.0783791158794,65.2057229342861,nuclear,0.00222611980572045,210.5
I00 fuse,0.5,high,35,571.666650191362,630.957344480193,nuclear,0.00118051807879115,210.5
I00 fuse,0.5,high,40,630.957344480193,696.397402962432,nuclear,0.00134916351861846,210.5
I00 fuse,0.5,high,28,696.397402962432,768.624610039774,nuclear,0.00094441446303292,210.5
I00 fuse,0.5,high,76,517.947467923121,571.666650191362,nuclear,0.00256341068537507,210.5
I00 fuse,0.5,high,37,39.8107170553497,43.9397056076079,nuclear,0.00124797625472207,210.5
I00 fuse,0.5,high,22,19.9526231496888,22.0220194998738,nuclear,0.000742039935240151,210.5
I00 fuse,0.5,high,8,16.3789370695407,18.0776867696343,nuclear,0.000269832703723691,210.5
I00 fuse,0.5,high,69,65.2057229342861,71.9685673001152,nuclear,0.00232730706961684,210.5
I00 fuse,0.5,high,49,43.9397056076079,48.496934285282,nuclear,0.00165272531030761,210.5
I00 fuse,0.5,high,28,29.6093293962708,32.6802758941013,nuclear,0.00094441446303292,210.5
I00 fuse,0.5,high,14,24.3060443338441,26.8269579527973,nuclear,0.00047220723151646,210.5
I00 fuse,0.5,high,20,36.0697271532629,39.8107170553497,nuclear,0.000674581759309228,210.5
I00 fuse,0.5,high,45,53.5268182284711,59.0783791158794,nuclear,0.00151780895844576,210.5
I00 fuse,0.5,high,9,22.0220194998738,24.3060443338441,nuclear,0.000303561791689153,210.5
I00 fuse,0.5,high,6,14.8398178896757,16.3789370695407,nuclear,0.000202374527792768,210.5
I00 fuse,0.5,high,2,936.329208823942,1033.44106388056,nuclear,6.74581759309228e-05,210.5
I00 fuse,1,high,42,43.9397056076079,48.496934285282,nuclear,0.00118889234862853,208
I00 fuse,1,high,5210,213.09410153668,235.195263507096,nuclear,0.147479265151301,208
I00 fuse,1,high,4483,174.927118743984,193.069772888325,nuclear,0.126900104735755,208
I00 fuse,1,high,52,48.496934285282,53.5268182284711,nuclear,0.00147196195544484,208
I00 fuse,1,high,1321,130.102521691083,143.596170196222,nuclear,0.0373934950604354,208
I00 fuse,1,high,139,71.9685673001152,79.4328234724281,nuclear,0.00393466753474679,208
I00 fuse,1,high,4950,193.069772888325,213.09410153668,nuclear,0.140119455374077,208
I00 fuse,1,high,919,117.876863479359,130.102521691083,nuclear,0.0260140968664195,208
I00 fuse,1,high,202,87.6712387296868,96.7641053709454,nuclear,0.00571800605768959,208
I00 fuse,1,high,3152,158.489319246111,174.927118743984,nuclear,0.0892235400685028,208
I00 fuse,1,high,501,106.800043251458,117.876863479359,nuclear,0.0141817873014974,208
I00 fuse,1,high,3184,259.58865861264,286.512026966378,nuclear,0.0901293628103151,208
I00 fuse,1,high,345,96.7641053709454,106.800043251458,nuclear,0.00976590143516291,208
I00 fuse,1,high,2219,143.596170196222,158.489319246111,nuclear,0.0628131457525405,208
I00 fuse,1,high,4467,235.195263507096,259.58865861264,nuclear,0.126447193364848,208
I00 fuse,1,high,835,316.227766016838,349.025487895958,nuclear,0.0236363121691624,208
I00 fuse,1,high,191,385.224842003675,425.178630338289,nuclear,0.00540662949019164,208
I00 fuse,1,high,1849,286.512026966378,316.227766016838,nuclear,0.0523395703003369,208
I00 fuse,1,high,76,65.2057229342861,71.9685673001152,nuclear,0.002151329011804,208
I00 fuse,1,high,46,571.666650191362,630.957344480193,nuclear,0.00130212019135505,208
I00 fuse,1,high,350,349.025487895958,385.224842003675,nuclear,0.00990743623857106,208
I00 fuse,1,high,20,768.624610039774,848.342898244073,nuclear,0.000566139213632632,208
I00 fuse,1,high,52,517.947467923121,571.666650191362,nuclear,0.00147196195544484,208
I00 fuse,1,high,22,36.0697271532629,39.8107170553497,nuclear,0.000622753134995896,208
I00 fuse,1,high,30,32.6802758941013,36.0697271532629,nuclear,0.000849208820448948,208
I00 fuse,1,high,63,469.276245934884,517.947467923121,nuclear,0.00178333852294279,208
I00 fuse,1,high,31,39.8107170553497,43.9397056076079,nuclear,0.00087751578113058,208
I00 fuse,1,high,60,53.5268182284711,59.0783791158794,nuclear,0.0016984176408979,208
I00 fuse,1,high,67,59.0783791158794,65.2057229342861,nuclear,0.00189656636566932,208
I00 fuse,1,high,12,22.0220194998738,24.3060443338441,nuclear,0.000339683528179579,208
I00 fuse,1,high,3,14.8398178896757,16.3789370695407,nuclear,8.49208820448948e-05,208
I00 fuse,1,high,152,79.4328234724281,87.6712387296868,nuclear,0.00430265802360801,208
I00 fuse,1,high,29,696.397402962432,768.624610039774,nuclear,0.000820901859767317,208
I00 fuse,1,high,24,19.9526231496888,22.0220194998738,nuclear,0.000679367056359159,208
I00 fuse,1,high,17,24.3060443338441,26.8269579527973,nuclear,0.000481218331587737,208
I00 fuse,1,high,22,29.6093293962708,32.6802758941013,nuclear,0.000622753134995896,208
I00 fuse,1,high,5,13.4453288429976,14.8398178896757,nuclear,0.000141534803408158,208
I00 fuse,1,high,100,425.178630338289,469.276245934884,nuclear,0.00283069606816316,208
I00 fuse,1,high,30,630.957344480193,696.397402962432,nuclear,0.000849208820448948,208
I00 fuse,1,high,26,26.8269579527973,29.6093293962708,nuclear,0.000735980977722422,208
I00 fuse,1,high,5,848.342898244073,936.329208823942,nuclear,0.000141534803408158,208
I00 fuse,1,high,1,1140.62492385132,1258.92541179417,nuclear,2.83069606816316e-05,208
I00 fuse,1,high,8,1033.44106388056,1140.62492385132,nuclear,0.000226455685453053,208
I00 fuse,1,high,1,10,11.0371550320276,nuclear,2.83069606816316e-05,208
I00 fuse,0.1,low,501,259.58865861264,286.512026966378,nuclear,0.0291821994408201,173
I00 fuse,0.1,low,2190,143.596170196222,158.489319246111,nuclear,0.127562907735322,173
I00 fuse,0.1,low,1270,213.09410153668,235.195263507096,nuclear,0.0739748369058714,173
I00 fuse,0.1,low,2572,158.489319246111,174.927118743984,nuclear,0.149813606710158,173
I00 fuse,0.1,low,231,96.7641053709454,106.800043251458,nuclear,0.013455265610438,173
I00 fuse,0.1,low,31,48.496934285282,53.5268182284711,nuclear,0.00180568499534017,173
I00 fuse,0.1,low,32,43.9397056076079,48.496934285282,nuclear,0.00186393289841566,173
I00 fuse,0.1,low,2712,174.927118743984,193.069772888325,nuclear,0.157968313140727,173
I00 fuse,0.1,low,14,24.3060443338441,26.8269579527973,nuclear,0.00081547064305685,173
I00 fuse,0.1,low,42,59.0783791158794,65.2057229342861,nuclear,0.00244641192917055,173
I00 fuse,0.1,low,105,87.6712387296868,96.7641053709454,nuclear,0.00611602982292638,173
I00 fuse,0.1,low,2028,193.069772888325,213.09410153668,nuclear,0.118126747437092,173
I00 fuse,0.1,low,357,286.512026966378,316.227766016838,nuclear,0.0207945013979497,173
I00 fuse,0.1,low,1136,117.876863479359,130.102521691083,nuclear,0.0661696178937558,173
I00 fuse,0.1,low,1593,130.102521691083,143.596170196222,nuclear,0.0927889095992544,173
I00 fuse,0.1,low,497,106.800043251458,117.876863479359,nuclear,0.0289492078285182,173
I00 fuse,0.1,low,165,349.025487895958,385.224842003675,nuclear,0.00961090400745573,173
I00 fuse,0.1,low,758,235.195263507096,259.58865861264,nuclear,0.0441519105312209,173
I00 fuse,0.1,low,111,385.224842003675,425.178630338289,nuclear,0.00646551724137931,173
I00 fuse,0.1,low,249,316.227766016838,349.025487895958,nuclear,0.0145037278657968,173
I00 fuse,0.1,low,35,517.947467923121,571.666650191362,nuclear,0.00203867660764212,173
I00 fuse,0.1,low,62,79.4328234724281,87.6712387296868,nuclear,0.00361136999068034,173
I00 fuse,0.1,low,23,630.957344480193,696.397402962432,nuclear,0.00133970177073625,173
I00 fuse,0.1,low,51,71.9685673001152,79.4328234724281,nuclear,0.00297064305684995,173
I00 fuse,0.1,low,10,19.9526231496888,22.0220194998738,nuclear,0.000582479030754893,173
I00 fuse,0.1,low,7,22.0220194998738,24.3060443338441,nuclear,0.000407735321528425,173
I00 fuse,0.1,low,88,425.178630338289,469.276245934884,nuclear,0.00512581547064306,173
I00 fuse,0.1,low,10,29.6093293962708,32.6802758941013,nuclear,0.000582479030754893,173
I00 fuse,0.1,low,32,39.8107170553497,43.9397056076079,nuclear,0.00186393289841566,173
I00 fuse,0.1,low,11,696.397402962432,768.624610039774,nuclear,0.000640726933830382,173
I00 fuse,0.1,low,12,26.8269579527973,29.6093293962708,nuclear,0.000698974836905871,173
I00 fuse,0.1,low,4,14.8398178896757,16.3789370695407,nuclear,0.000232991612301957,173
I00 fuse,0.1,low,43,65.2057229342861,71.9685673001152,nuclear,0.00250465983224604,173
I00 fuse,0.1,low,58,469.276245934884,517.947467923121,nuclear,0.00337837837837838,173
I00 fuse,0.1,low,1,13.4453288429976,14.8398178896757,nuclear,5.82479030754893e-05,173
I00 fuse,0.1,low,21,32.6802758941013,36.0697271532629,nuclear,0.00122320596458527,173
I00 fuse,0.1,low,8,848.342898244073,936.329208823942,nuclear,0.000465983224603914,173
I00 fuse,0.1,low,6,16.3789370695407,18.0776867696343,nuclear,0.000349487418452936,173
I00 fuse,0.1,low,3,18.0776867696343,19.9526231496888,nuclear,0.000174743709226468,173
I00 fuse,0.1,low,22,571.666650191362,630.957344480193,nuclear,0.00128145386766076,173
I00 fuse,0.1,low,9,768.624610039774,848.342898244073,nuclear,0.000524231127679404,173
I00 fuse,0.1,low,35,53.5268182284711,59.0783791158794,nuclear,0.00203867660764212,173
I00 fuse,0.1,low,16,36.0697271532629,39.8107170553497,nuclear,0.000931966449207829,173
I00 fuse,0.5,low,1806,259.58865861264,286.512026966378,nuclear,0.0735162419604331,202
I00 fuse,0.5,low,23,29.6093293962708,32.6802758941013,nuclear,0.000936253358300089,202
I00 fuse,0.5,low,225,96.7641053709454,106.800043251458,nuclear,0.00915900024424001,202
I00 fuse,0.5,low,117,469.276245934884,517.947467923121,nuclear,0.0047626801270048,202
I00 fuse,0.5,low,752,117.876863479359,130.102521691083,nuclear,0.0306114141496377,202
I00 fuse,0.5,low,3443,193.069772888325,213.09410153668,nuclear,0.140153057070748,202
I00 fuse,0.5,low,19,26.8269579527973,29.6093293962708,nuclear,0.000773426687291378,202
I00 fuse,0.5,low,619,316.227766016838,349.025487895958,nuclear,0.0251974273385981,202
I00 fuse,0.5,low,1703,143.596170196222,158.489319246111,nuclear,0.0693234551819588,202
I00 fuse,0.5,low,2521,235.195263507096,259.58865861264,nuclear,0.10262150940324,202
I00 fuse,0.5,low,3274,174.927118743984,193.069772888325,nuclear,0.13327363022063,202
I00 fuse,0.5,low,183,425.178630338289,469.276245934884,nuclear,0.00744932019864854,202
I00 fuse,0.5,low,2410,158.489319246111,174.927118743984,nuclear,0.0981030692827485,202
I00 fuse,0.5,low,3188,213.09410153668,235.195263507096,nuclear,0.129772856793943,202
I00 fuse,0.5,low,1091,130.102521691083,143.596170196222,nuclear,0.044410974517626,202
I00 fuse,0.5,low,263,385.224842003675,425.178630338289,nuclear,0.0107058536188228,202
I00 fuse,0.5,low,1069,286.512026966378,316.227766016838,nuclear,0.0435154278270781,202
I00 fuse,0.5,low,13,24.3060443338441,26.8269579527973,nuclear,0.000529186680778312,202
I00 fuse,0.5,low,413,106.800043251458,117.876863479359,nuclear,0.0168118537816494,202
I00 fuse,0.5,low,385,349.025487895958,385.224842003675,nuclear,0.0156720670845885,202
I00 fuse,0.5,low,144,87.6712387296868,96.7641053709454,nuclear,0.0058617601563136,202
I00 fuse,0.5,low,67,65.2057229342861,71.9685673001152,nuclear,0.00272734673939591,202
I00 fuse,0.5,low,3,12.1818791201012,13.4453288429976,nuclear,0.000122120003256533,202
I00 fuse,0.5,low,59,59.0783791158794,65.2057229342861,nuclear,0.00240169339737849,202
I00 fuse,0.5,low,68,53.5268182284711,59.0783791158794,nuclear,0.00276805340714809,202
I00 fuse,0.5,low,60,43.9397056076079,48.496934285282,nuclear,0.00244240006513067,202
I00 fuse,0.5,low,78,517.947467923121,571.666650191362,nuclear,0.00317512008466987,202
I00 fuse,0.5,low,102,79.4328234724281,87.6712387296868,nuclear,0.00415208011072214,202
I00 fuse,0.5,low,94,71.9685673001152,79.4328234724281,nuclear,0.00382642676870471,202
I00 fuse,0.5,low,13,19.9526231496888,22.0220194998738,nuclear,0.000529186680778312,202
I00 fuse,0.5,low,5,16.3789370695407,18.0776867696343,nuclear,0.000203533338760889,202
I00 fuse,0.5,low,46,39.8107170553497,43.9397056076079,nuclear,0.00187250671660018,202
I00 fuse,0.5,low,4,18.0776867696343,19.9526231496888,nuclear,0.000162826671008711,202
I00 fuse,0.5,low,42,630.957344480193,696.397402962432,nuclear,0.00170968004559147,202
I00 fuse,0.5,low,13,848.342898244073,936.329208823942,nuclear,0.000529186680778312,202
I00 fuse,0.5,low,35,32.6802758941013,36.0697271532629,nuclear,0.00142473337132622,202
I00 fuse,0.5,low,41,48.496934285282,53.5268182284711,nuclear,0.00166897337783929,202
I00 fuse,0.5,low,37,696.397402962432,768.624610039774,nuclear,0.00150614670683058,202
I00 fuse,0.5,low,55,571.666650191362,630.957344480193,nuclear,0.00223886672636978,202
I00 fuse,0.5,low,16,22.0220194998738,24.3060443338441,nuclear,0.000651306684034845,202
I00 fuse,0.5,low,18,768.624610039774,848.342898244073,nuclear,0.000732720019539201,202
I00 fuse,0.5,low,1,10,11.0371550320276,nuclear,4.07066677521778e-05,202
I00 fuse,0.5,low,3,14.8398178896757,16.3789370695407,nuclear,0.000122120003256533,202
I00 fuse,1,low,48,43.9397056076079,48.496934285282,nuclear,0.001804850535815,202
I00 fuse,1,low,3595,193.069772888325,213.09410153668,nuclear,0.135175784921978,202
I00 fuse,1,low,720,316.227766016838,349.025487895958,nuclear,0.027072758037225,202
I00 fuse,1,low,2751,235.195263507096,259.58865861264,nuclear,0.103440496333897,202
I00 fuse,1,low,2497,158.489319246111,174.927118743984,nuclear,0.0938898289152096,202
I00 fuse,1,low,6,19.9526231496888,22.0220194998738,nuclear,0.000225606316976875,202
I00 fuse,1,low,1257,130.102521691083,143.596170196222,nuclear,0.0472645234066554,202
I00 fuse,1,low,1189,286.512026966378,316.227766016838,nuclear,0.0447076518142508,202
I00 fuse,1,low,66,65.2057229342861,71.9685673001152,nuclear,0.00248166948674563,202
I00 fuse,1,low,1923,143.596170196222,158.489319246111,nuclear,0.0723068245910886,202
I00 fuse,1,low,3398,174.927118743984,193.069772888325,nuclear,0.12776837751457,202
I00 fuse,1,low,26,29.6093293962708,32.6802758941013,nuclear,0.00097762737356646,202
I00 fuse,1,low,3458,213.09410153668,235.195263507096,nuclear,0.130024440684339,202
I00 fuse,1,low,1889,259.58865861264,286.512026966378,nuclear,0.0710283887948863,202
I00 fuse,1,low,55,48.496934285282,53.5268182284711,nuclear,0.00206805790562136,202
I00 fuse,1,low,287,96.7641053709454,106.800043251458,nuclear,0.0107915021620605,202
I00 fuse,1,low,874,117.876863479359,130.102521691083,nuclear,0.0328633201729648,202
I00 fuse,1,low,469,106.800043251458,117.876863479359,nuclear,0.0176348937770258,202
I00 fuse,1,low,488,349.025487895958,385.224842003675,nuclear,0.0183493137807859,202
I00 fuse,1,low,138,469.276245934884,517.947467923121,nuclear,0.00518894529046813,202
I00 fuse,1,low,71,59.0783791158794,65.2057229342861,nuclear,0.00266967475089303,202
I00 fuse,1,low,143,79.4328234724281,87.6712387296868,nuclear,0.00537695055461553,202
I00 fuse,1,low,55,53.5268182284711,59.0783791158794,nuclear,0.00206805790562136,202
I00 fuse,1,low,95,71.9685673001152,79.4328234724281,nuclear,0.00357210001880053,202
I00 fuse,1,low,305,385.224842003675,425.178630338289,nuclear,0.0114683211129912,202
I00 fuse,1,low,28,32.6802758941013,36.0697271532629,nuclear,0.00105282947922542,202
I00 fuse,1,low,159,87.6712387296868,96.7641053709454,nuclear,0.0059785673998872,202
I00 fuse,1,low,59,571.666650191362,630.957344480193,nuclear,0.00221846211693927,202
I00 fuse,1,low,90,517.947467923121,571.666650191362,nuclear,0.00338409475465313,202
I00 fuse,1,low,203,425.178630338289,469.276245934884,nuclear,0.00763301372438428,202
I00 fuse,1,low,30,36.0697271532629,39.8107170553497,nuclear,0.00112803158488438,202
I00 fuse,1,low,28,39.8107170553497,43.9397056076079,nuclear,0.00105282947922542,202
I00 fuse,1,low,4,1258.92541179417,1389.49549437314,nuclear,0.000150404211317917,202
I00 fuse,1,low,10,936.329208823942,1033.44106388056,nuclear,0.000376010528294792,202
I00 fuse,1,low,17,26.8269579527973,29.6093293962708,nuclear,0.000639217898101147,202
I00 fuse,1,low,18,24.3060443338441,26.8269579527973,nuclear,0.000676818950930626,202
I00 fuse,1,low,12,848.342898244073,936.329208823942,nuclear,0.000451212633953751,202
I00 fuse,1,low,30,696.397402962432,768.624610039774,nuclear,0.00112803158488438,202
I00 fuse,1,low,10,18.0776867696343,19.9526231496888,nuclear,0.000376010528294792,202
I00 fuse,1,low,47,630.957344480193,696.397402962432,nuclear,0.00176724948298552,202
I00 fuse,1,low,21,768.624610039774,848.342898244073,nuclear,0.000789622109419064,202
I00 fuse,1,low,10,22.0220194998738,24.3060443338441,nuclear,0.000376010528294792,202
I00 fuse,0.1,high,2783,174.927118743984,193.069772888325,nuclear,0.141405416391444,207
I00 fuse,0.1,high,21,36.0697271532629,39.8107170553497,nuclear,0.00106701895228901,207
I00 fuse,0.1,high,2338,235.195263507096,259.58865861264,nuclear,0.118794776688176,207
I00 fuse,0.1,high,237,106.800043251458,117.876863479359,nuclear,0.012042071032976,207
I00 fuse,0.1,high,742,130.102521691083,143.596170196222,nuclear,0.0377013363142117,207
I00 fuse,0.1,high,2861,213.09410153668,235.195263507096,nuclear,0.145368629642803,207
I00 fuse,0.1,high,2963,193.069772888325,213.09410153668,nuclear,0.150551293125349,207
I00 fuse,0.1,high,38,53.5268182284711,59.0783791158794,nuclear,0.00193079619938011,207
I00 fuse,0.1,high,1173,143.596170196222,158.489319246111,nuclear,0.0596006300492861,207
I00 fuse,0.1,high,447,316.227766016838,349.025487895958,nuclear,0.0227122605558661,207
I00 fuse,0.1,high,1658,259.58865861264,286.512026966378,nuclear,0.0842436868045323,207
I00 fuse,0.1,high,929,286.512026966378,316.227766016838,nuclear,0.0472028860322138,207
I00 fuse,0.1,high,1842,158.489319246111,174.927118743984,nuclear,0.093592805243636,207
I00 fuse,0.1,high,37,517.947467923121,571.666650191362,nuclear,0.00187998577308064,207
I00 fuse,0.1,high,10,19.9526231496888,22.0220194998738,nuclear,0.000508104262994767,207
I00 fuse,0.1,high,239,349.025487895958,385.224842003675,nuclear,0.0121436918855749,207
I00 fuse,0.1,high,92,87.6712387296868,96.7641053709454,nuclear,0.00467455921955185,207
I00 fuse,0.1,high,120,96.7641053709454,106.800043251458,nuclear,0.0060972511559372,207
I00 fuse,0.1,high,76,469.276245934884,517.947467923121,nuclear,0.00386159239876023,207
I00 fuse,0.1,high,16,26.8269579527973,29.6093293962708,nuclear,0.000812966820791626,207
I00 fuse,0.1,high,31,59.0783791158794,65.2057229342861,nuclear,0.00157512321528378,207
I00 fuse,0.1,high,62,79.4328234724281,87.6712387296868,nuclear,0.00315024643056755,207
I00 fuse,0.1,high,386,117.876863479359,130.102521691083,nuclear,0.019612824551598,207
I00 fuse,0.1,high,55,71.9685673001152,79.4328234724281,nuclear,0.00279457344647122,207
I00 fuse,0.1,high,156,385.224842003675,425.178630338289,nuclear,0.00792642650271836,207
I00 fuse,0.1,high,99,425.178630338289,469.276245934884,nuclear,0.00503023220364819,207
I00 fuse,0.1,high,11,24.3060443338441,26.8269579527973,nuclear,0.000558914689294243,207
I00 fuse,0.1,high,39,43.9397056076079,48.496934285282,nuclear,0.00198160662567959,207
I00 fuse,0.1,high,20,39.8107170553497,43.9397056076079,nuclear,0.00101620852598953,207
I00 fuse,0.1,high,8,22.0220194998738,24.3060443338441,nuclear,0.000406483410395813,207
I00 fuse,0.1,high,30,65.2057229342861,71.9685673001152,nuclear,0.0015243127889843,207
I00 fuse,0.1,high,23,630.957344480193,696.397402962432,nuclear,0.00116863980488796,207
I00 fuse,0.1,high,18,29.6093293962708,32.6802758941013,nuclear,0.00091458767339058,207
I00 fuse,0.1,high,10,768.624610039774,848.342898244073,nuclear,0.000508104262994767,207
I00 fuse,0.1,high,12,696.397402962432,768.624610039774,nuclear,0.00060972511559372,207
I00 fuse,0.1,high,26,571.666650191362,630.957344480193,nuclear,0.00132107108378639,207
I00 fuse,0.1,high,21,48.496934285282,53.5268182284711,nuclear,0.00106701895228901,207
I00 fuse,0.1,high,3,18.0776867696343,19.9526231496888,nuclear,0.00015243127889843,207
I00 fuse,0.1,high,31,32.6802758941013,36.0697271532629,nuclear,0.00157512321528378,207
I00 fuse,0.1,high,3,848.342898244073,936.329208823942,nuclear,0.00015243127889843,207
I00 fuse,0.1,high,4,16.3789370695407,18.0776867696343,nuclear,0.000203241705197907,207
I00 fuse,0.5,high,4,848.342898244073,936.329208823942,nuclear,0.000134916351861846,210.5
I00 fuse,0.5,high,2,12.1818791201012,13.4453288429976,nuclear,6.74581759309228e-05,210.5
I00 fuse,0.5,high,3,18.0776867696343,19.9526231496888,nuclear,0.000101187263896384,210.5
I00 fuse,1,high,3,16.3789370695407,18.0776867696343,nuclear,8.49208820448948e-05,208
I00 fuse,1,high,4,936.329208823942,1033.44106388056,nuclear,0.000113227842726526,208
I00 fuse,1,high,1,1389.49549437314,1533.60771877001,nuclear,2.83069606816316e-05,208
I00 fuse,0.1,low,2,12.1818791201012,13.4453288429976,nuclear,0.000116495806150979,173
I00 fuse,0.1,low,1,1033.44106388056,1140.62492385132,nuclear,5.82479030754893e-05,173
I00 fuse,0.1,low,2,11.0371550320276,12.1818791201012,nuclear,0.000116495806150979,173
I00 fuse,0.5,low,21,36.0697271532629,39.8107170553497,nuclear,0.000854840022795734,202
I00 fuse,0.5,low,1,1533.60771877001,1692.66661503788,nuclear,4.07066677521778e-05,202
I00 fuse,0.5,low,8,936.329208823942,1033.44106388056,nuclear,0.000325653342017422,202
I00 fuse,0.5,low,3,1033.44106388056,1140.62492385132,nuclear,0.000122120003256533,202
I00 fuse,0.5,low,2,1140.62492385132,1258.92541179417,nuclear,8.14133355043556e-05,202
I00 fuse,0.5,low,6,1258.92541179417,1389.49549437314,nuclear,0.000244240006513067,202
I00 fuse,0.5,low,1,2061.98600950222,2275.84592607479,nuclear,4.07066677521778e-05,202
I00 fuse,1,low,4,13.4453288429976,14.8398178896757,nuclear,0.000150404211317917,202
I00 fuse,1,low,4,16.3789370695407,18.0776867696343,nuclear,0.000150404211317917,202
I00 fuse,1,low,1,1692.66661503788,1868.22238477104,nuclear,3.76010528294792e-05,202
I00 fuse,1,low,1,12.1818791201012,13.4453288429976,nuclear,3.76010528294792e-05,202
I00 fuse,1,low,3,1033.44106388056,1140.62492385132,nuclear,0.000112803158488438,202
I00 fuse,0.1,high,5,14.8398178896757,16.3789370695407,nuclear,0.000254052131497383,207
I00 fuse,0.5,high,2,1140.62492385132,1258.92541179417,nuclear,6.74581759309228e-05,210.5
I00 fuse,0.5,high,1,10,11.0371550320276,nuclear,3.37290879654614e-05,210.5
I00 fuse,0.5,high,1,11.0371550320276,12.1818791201012,nuclear,3.37290879654614e-05,210.5
I00 fuse,1,high,2,1258.92541179417,1389.49549437314,nuclear,5.66139213632632e-05,208
I00 fuse,1,high,2,18.0776867696343,19.9526231496888,nuclear,5.66139213632632e-05,208
I00 fuse,0.5,low,2,11.0371550320276,12.1818791201012,nuclear,8.14133355043556e-05,202
I00 fuse,1,low,1,1389.49549437314,1533.60771877001,nuclear,3.76010528294792e-05,202
I00 fuse,1,low,1,10,11.0371550320276,nuclear,3.76010528294792e-05,202
I00 fuse,1,low,1,14.8398178896757,16.3789370695407,nuclear,3.76010528294792e-05,202
I00 fuse,0.1,high,1,13.4453288429976,14.8398178896757,nuclear,5.08104262994767e-05,207
I00 fuse,0.1,high,2,12.1818791201012,13.4453288429976,nuclear,0.000101620852598953,207
I00 fuse,0.1,high,2,10,11.0371550320276,nuclear,0.000101620852598953,207
I00 fuse,0.5,high,1,13.4453288429976,14.8398178896757,nuclear,3.37290879654614e-05,210.5
I00 fuse,1,high,1,12.1818791201012,13.4453288429976,nuclear,2.83069606816316e-05,208
I00 fuse,1,high,1,2772.40799674178,3059.9496872072,nuclear,2.83069606816316e-05,208
I00 fuse,0.1,low,1,936.329208823942,1033.44106388056,nuclear,5.82479030754893e-05,173
I00 fuse,0.1,low,1,1140.62492385132,1258.92541179417,nuclear,5.82479030754893e-05,173
I00 fuse,0.5,low,1,1389.49549437314,1533.60771877001,nuclear,4.07066677521778e-05,202
I00 fuse,0.1,high,1,1258.92541179417,1389.49549437314,nuclear,5.08104262994767e-05,207
M00b chem,0.5,high,1020,193.069772888325,213.09410153668,nuclear,0.0984365952518819,204
M00b chem,0.5,high,803,235.195263507096,259.58865861264,nuclear,0.0774946921443737,204
M00b chem,0.5,high,169,96.7641053709454,106.800043251458,nuclear,0.0163095927427138,204
M00b chem,0.5,high,41,630.957344480193,696.397402962432,nuclear,0.00395676510326192,204
M00b chem,0.5,high,560,286.512026966378,316.227766016838,nuclear,0.0540436209226018,204
M00b chem,0.5,high,937,213.09410153668,235.195263507096,nuclear,0.0904265585794248,204
M00b chem,0.5,high,23,768.624610039774,848.342898244073,nuclear,0.002219648716464,204
M00b chem,0.5,high,945,158.489319246111,174.927118743984,nuclear,0.0911986103068906,204
M00b chem,0.5,high,181,425.178630338289,469.276245934884,nuclear,0.0174676703339124,204
M00b chem,0.5,high,1070,174.927118743984,193.069772888325,nuclear,0.103261918548543,204
M00b chem,0.5,high,450,117.876863479359,130.102521691083,nuclear,0.0434279096699479,204
M00b chem,0.5,high,270,385.224842003675,425.178630338289,nuclear,0.0260567458019687,204
M00b chem,0.5,high,775,143.596170196222,158.489319246111,nuclear,0.0747925110982436,204
M00b chem,0.5,high,741,259.58865861264,286.512026966378,nuclear,0.0715112912565142,204
M00b chem,0.5,high,442,316.227766016838,349.025487895958,nuclear,0.0426558579424821,204
M00b chem,0.5,high,585,130.102521691083,143.596170196222,nuclear,0.0564562825709323,204
M00b chem,0.5,high,235,106.800043251458,117.876863479359,nuclear,0.0226790194943061,204
M00b chem,0.5,high,360,349.025487895958,385.224842003675,nuclear,0.0347423277359583,204
M00b chem,0.5,high,30,59.0783791158794,65.2057229342861,nuclear,0.00289519397799653,204
M00b chem,0.5,high,79,517.947467923121,571.666650191362,nuclear,0.00762401080872419,204
M00b chem,0.5,high,34,65.2057229342861,71.9685673001152,nuclear,0.0032812198417294,204
M00b chem,0.5,high,123,469.276245934884,517.947467923121,nuclear,0.0118702953097858,204
M00b chem,0.5,high,70,79.4328234724281,87.6712387296868,nuclear,0.00675545261532523,204
M00b chem,0.5,high,2,12.1818791201012,13.4453288429976,nuclear,0.000193012931866435,204
M00b chem,0.5,high,39,71.9685673001152,79.4328234724281,nuclear,0.00376375217139548,204
M00b chem,0.5,high,16,43.9397056076079,48.496934285282,nuclear,0.00154410345493148,204
M00b chem,0.5,high,18,32.6802758941013,36.0697271532629,nuclear,0.00173711638679792,204
M00b chem,0.5,high,62,571.666650191362,630.957344480193,nuclear,0.00598340088785949,204
M00b chem,0.5,high,95,87.6712387296868,96.7641053709454,nuclear,0.00916811426365567,204
M00b chem,0.5,high,32,53.5268182284711,59.0783791158794,nuclear,0.00308820690986296,204
M00b chem,0.5,high,11,36.0697271532629,39.8107170553497,nuclear,0.00106157112526539,204
M00b chem,0.5,high,33,696.397402962432,768.624610039774,nuclear,0.00318471337579618,204
M00b chem,0.5,high,6,39.8107170553497,43.9397056076079,nuclear,0.000579038795599305,204
M00b chem,0.5,high,9,936.329208823942,1033.44106388056,nuclear,0.000868558193398958,204
M00b chem,0.5,high,10,1033.44106388056,1140.62492385132,nuclear,0.000965064659332175,204
M00b chem,0.5,high,1,13.4453288429976,14.8398178896757,nuclear,9.65064659332175e-05,204
M00b chem,0.5,high,19,48.496934285282,53.5268182284711,nuclear,0.00183362285273113,204
M00b chem,0.5,high,3,22.0220194998738,24.3060443338441,nuclear,0.000289519397799653,204
M00b chem,0.5,high,5,19.9526231496888,22.0220194998738,nuclear,0.000482532329666088,204
M00b chem,0.5,high,3,24.3060443338441,26.8269579527973,nuclear,0.000289519397799653,204
M00b chem,0.5,high,4,1533.60771877001,1692.66661503788,nuclear,0.00038602586373287,204
M00b chem,0.5,high,6,26.8269579527973,29.6093293962708,nuclear,0.000579038795599305,204
M00b chem,0.5,high,3,1258.92541179417,1389.49549437314,nuclear,0.000289519397799653,204
M00b chem,1,high,690,286.512026966378,316.227766016838,nuclear,0.0508962159769861,197
M00b chem,1,high,1369,193.069772888325,213.09410153668,nuclear,0.100981043003614,197
M00b chem,1,high,1065,143.596170196222,158.489319246111,nuclear,0.0785572029210002,197
M00b chem,1,high,1349,158.489319246111,174.927118743984,nuclear,0.0995057903666003,197
M00b chem,1,high,215,425.178630338289,469.276245934884,nuclear,0.0158589658479015,197
M00b chem,1,high,989,235.195263507096,259.58865861264,nuclear,0.0729512429003467,197
M00b chem,1,high,396,349.025487895958,385.224842003675,nuclear,0.029210002212879,197
M00b chem,1,high,917,259.58865861264,286.512026966378,nuclear,0.067640333407096,197
M00b chem,1,high,633,117.876863479359,130.102521691083,nuclear,0.0466917459614959,197
M00b chem,1,high,295,385.224842003675,425.178630338289,nuclear,0.0217599763959578,197
M00b chem,1,high,859,130.102521691083,143.596170196222,nuclear,0.0633621007597551,197
M00b chem,1,high,509,316.227766016838,349.025487895958,nuclear,0.0375451796120086,197
M00b chem,1,high,208,96.7641053709454,106.800043251458,nuclear,0.0153426274249465,197
M00b chem,1,high,1472,174.927118743984,193.069772888325,nuclear,0.108578594084237,197
M00b chem,1,high,1148,213.09410153668,235.195263507096,nuclear,0.0846795013646087,197
M00b chem,1,high,125,87.6712387296868,96.7641053709454,nuclear,0.00922032898133805,197
M00b chem,1,high,144,469.276245934884,517.947467923121,nuclear,0.0106218189865014,197
M00b chem,1,high,359,106.800043251458,117.876863479359,nuclear,0.0264807848344029,197
M00b chem,1,high,13,19.9526231496888,22.0220194998738,nuclear,0.000958914214059158,197
M00b chem,1,high,30,48.496934285282,53.5268182284711,nuclear,0.00221287895552113,197
M00b chem,1,high,37,59.0783791158794,65.2057229342861,nuclear,0.00272921737847606,197
M00b chem,1,high,15,32.6802758941013,36.0697271532629,nuclear,0.00110643947776057,197
M00b chem,1,high,49,630.957344480193,696.397402962432,nuclear,0.00361436896068452,197
M00b chem,1,high,40,53.5268182284711,59.0783791158794,nuclear,0.00295050527402818,197
M00b chem,1,high,99,79.4328234724281,87.6712387296868,nuclear,0.00730250055321974,197
M00b chem,1,high,14,26.8269579527973,29.6093293962708,nuclear,0.00103267684590986,197
M00b chem,1,high,13,29.6093293962708,32.6802758941013,nuclear,0.000958914214059158,197
M00b chem,1,high,51,65.2057229342861,71.9685673001152,nuclear,0.00376189422438593,197
M00b chem,1,high,71,571.666650191362,630.957344480193,nuclear,0.00523714686140002,197
M00b chem,1,high,103,517.947467923121,571.666650191362,nuclear,0.00759755108062256,197
M00b chem,1,high,35,43.9397056076079,48.496934285282,nuclear,0.00258169211477466,197
M00b chem,1,high,32,696.397402962432,768.624610039774,nuclear,0.00236040421922254,197
M00b chem,1,high,4,1140.62492385132,1258.92541179417,nuclear,0.000295050527402818,197
M00b chem,1,high,18,39.8107170553497,43.9397056076079,nuclear,0.00132772737331268,197
M00b chem,1,high,72,71.9685673001152,79.4328234724281,nuclear,0.00531090949325072,197
M00b chem,1,high,4,22.0220194998738,24.3060443338441,nuclear,0.000295050527402818,197
M00b chem,1,high,2,1692.66661503788,1868.22238477104,nuclear,0.000147525263701409,197
M00b chem,1,high,5,14.8398178896757,16.3789370695407,nuclear,0.000368813159253522,197
M00b chem,1,high,27,768.624610039774,848.342898244073,nuclear,0.00199159105996902,197
M00b chem,1,high,12,848.342898244073,936.329208823942,nuclear,0.000885151582208453,197
M00b chem,1,high,10,24.3060443338441,26.8269579527973,nuclear,0.000737626318507044,197
M00b chem,1,high,1,13.4453288429976,14.8398178896757,nuclear,7.37626318507044e-05,197
M00b chem,1,high,8,1258.92541179417,1389.49549437314,nuclear,0.000590101054805636,197
M00b chem,1,high,7,36.0697271532629,39.8107170553497,nuclear,0.000516338422954931,197
M00b chem,1,high,4,16.3789370695407,18.0776867696343,nuclear,0.000295050527402818,197
M00b chem,1,high,2,18.0776867696343,19.9526231496888,nuclear,0.000147525263701409,197
M00b chem,1,high,12,936.329208823942,1033.44106388056,nuclear,0.000885151582208453,197
M00b chem,0.1,low,453,117.876863479359,130.102521691083,nuclear,0.0921106140707605,163
M00b chem,0.1,low,520,158.489319246111,174.927118743984,nuclear,0.105734038226922,163
M00b chem,0.1,low,17,59.0783791158794,65.2057229342861,nuclear,0.00345668971126474,163
M00b chem,0.1,low,3,14.8398178896757,16.3789370695407,nuclear,0.000610004066693778,163
M00b chem,0.1,low,588,143.596170196222,158.489319246111,nuclear,0.11956079707198,163
M00b chem,0.1,low,514,130.102521691083,143.596170196222,nuclear,0.104514030093534,163
M00b chem,0.1,low,148,259.58865861264,286.512026966378,nuclear,0.0300935339568931,163
M00b chem,0.1,low,286,106.800043251458,117.876863479359,nuclear,0.0581537210248068,163
M00b chem,0.1,low,553,174.927118743984,193.069772888325,nuclear,0.112444082960553,163
M00b chem,0.1,low,56,79.4328234724281,87.6712387296868,nuclear,0.0113867425782839,163
M00b chem,0.1,low,317,213.09410153668,235.195263507096,nuclear,0.0644570963806425,163
M00b chem,0.1,low,193,96.7641053709454,106.800043251458,nuclear,0.0392435949572997,163
M00b chem,0.1,low,29,71.9685673001152,79.4328234724281,nuclear,0.00589670597803985,163
M00b chem,0.1,low,96,87.6712387296868,96.7641053709454,nuclear,0.0195201301342009,163
M00b chem,0.1,low,422,193.069772888325,213.09410153668,nuclear,0.0858072387149248,163
M00b chem,0.1,low,6,19.9526231496888,22.0220194998738,nuclear,0.00122000813338756,163
M00b chem,0.1,low,3,768.624610039774,848.342898244073,nuclear,0.000610004066693778,163
M00b chem,0.1,low,223,235.195263507096,259.58865861264,nuclear,0.0453436356242375,163
M00b chem,0.1,low,10,43.9397056076079,48.496934285282,nuclear,0.00203334688897926,163
M00b chem,0.1,low,7,32.6802758941013,36.0697271532629,nuclear,0.00142334282228548,163
M00b chem,0.1,low,54,385.224842003675,425.178630338289,nuclear,0.010980073200488,163
M00b chem,0.1,low,10,53.5268182284711,59.0783791158794,nuclear,0.00203334688897926,163
M00b chem,0.1,low,4,24.3060443338441,26.8269579527973,nuclear,0.000813338755591704,163
M00b chem,0.1,low,70,349.025487895958,385.224842003675,nuclear,0.0142334282228548,163
M00b chem,0.1,low,6,48.496934285282,53.5268182284711,nuclear,0.00122000813338756,163
M00b chem,0.1,low,33,425.178630338289,469.276245934884,nuclear,0.00671004473363156,163
M00b chem,0.1,low,128,286.512026966378,316.227766016838,nuclear,0.0260268401789345,163
M00b chem,0.1,low,7,571.666650191362,630.957344480193,nuclear,0.00142334282228548,163
M00b chem,0.1,low,4,36.0697271532629,39.8107170553497,nuclear,0.000813338755591704,163
M00b chem,0.1,low,16,65.2057229342861,71.9685673001152,nuclear,0.00325335502236682,163
M00b chem,0.1,low,6,39.8107170553497,43.9397056076079,nuclear,0.00122000813338756,163
M00b chem,0.1,low,76,316.227766016838,349.025487895958,nuclear,0.0154534363562424,163
M00b chem,0.1,low,6,29.6093293962708,32.6802758941013,nuclear,0.00122000813338756,163
M00b chem,0.1,low,2,936.329208823942,1033.44106388056,nuclear,0.000406669377795852,163
M00b chem,0.1,low,2,16.3789370695407,18.0776867696343,nuclear,0.000406669377795852,163
M00b chem,0.1,low,18,469.276245934884,517.947467923121,nuclear,0.00366002440016267,163
M00b chem,0.1,low,16,517.947467923121,571.666650191362,nuclear,0.00325335502236682,163
M00b chem,0.1,low,2,22.0220194998738,24.3060443338441,nuclear,0.000406669377795852,163
M00b chem,0.5,low,147,316.227766016838,349.025487895958,nuclear,0.0140374331550802,157
M00b chem,0.5,low,133,79.4328234724281,87.6712387296868,nuclear,0.0127005347593583,157
M00b chem,0.5,low,204,87.6712387296868,96.7641053709454,nuclear,0.0194805194805195,157
M00b chem,0.5,low,1315,158.489319246111,174.927118743984,nuclear,0.125572956455309,157
M00b chem,0.5,low,1455,143.596170196222,158.489319246111,nuclear,0.138941940412529,157
M00b chem,0.5,low,815,193.069772888325,213.09410153668,nuclear,0.0778265851795264,157
M00b chem,0.5,low,51,65.2057229342861,71.9685673001152,nuclear,0.00487012987012987,157
M00b chem,0.5,low,1052,117.876863479359,130.102521691083,nuclear,0.100458365164248,157
M00b chem,0.5,low,66,71.9685673001152,79.4328234724281,nuclear,0.00630252100840336,157
M00b chem,0.5,low,658,106.800043251458,117.876863479359,nuclear,0.0628342245989305,157
M00b chem,0.5,low,527,213.09410153668,235.195263507096,nuclear,0.0503246753246753,157
M00b chem,0.5,low,9,571.666650191362,630.957344480193,nuclear,0.000859434682964095,157
M00b chem,0.5,low,1238,130.102521691083,143.596170196222,nuclear,0.118220015278839,157
M00b chem,0.5,low,414,235.195263507096,259.58865861264,nuclear,0.0395339954163484,157
M00b chem,0.5,low,1165,174.927118743984,193.069772888325,nuclear,0.111249045072574,157
M00b chem,0.5,low,273,259.58865861264,286.512026966378,nuclear,0.0260695187165775,157
M00b chem,0.5,low,195,286.512026966378,316.227766016838,nuclear,0.0186210847975554,157
M00b chem,0.5,low,398,96.7641053709454,106.800043251458,nuclear,0.0380061115355233,157
M00b chem,0.5,low,25,59.0783791158794,65.2057229342861,nuclear,0.00238731856378915,157
M00b chem,0.5,low,30,53.5268182284711,59.0783791158794,nuclear,0.00286478227654698,157
M00b chem,0.5,low,56,385.224842003675,425.178630338289,nuclear,0.0053475935828877,157
M00b chem,0.5,low,78,349.025487895958,385.224842003675,nuclear,0.00744843391902215,157
M00b chem,0.5,low,11,26.8269579527973,29.6093293962708,nuclear,0.00105042016806723,157
M00b chem,0.5,low,7,630.957344480193,696.397402962432,nuclear,0.000668449197860963,157
M00b chem,0.5,low,9,29.6093293962708,32.6802758941013,nuclear,0.000859434682964095,157
M00b chem,0.5,low,16,48.496934285282,53.5268182284711,nuclear,0.00152788388082506,157
M00b chem,0.5,low,8,517.947467923121,571.666650191362,nuclear,0.000763941940412529,157
M00b chem,0.5,low,6,22.0220194998738,24.3060443338441,nuclear,0.000572956455309397,157
M00b chem,0.5,low,10,32.6802758941013,36.0697271532629,nuclear,0.000954927425515661,157
M00b chem,0.5,low,1,1140.62492385132,1258.92541179417,nuclear,9.54927425515661e-05,157
M00b chem,0.5,low,9,39.8107170553497,43.9397056076079,nuclear,0.000859434682964095,157
M00b chem,0.5,low,6,24.3060443338441,26.8269579527973,nuclear,0.000572956455309397,157
M00b chem,0.5,low,25,425.178630338289,469.276245934884,nuclear,0.00238731856378915,157
M00b chem,0.5,low,23,469.276245934884,517.947467923121,nuclear,0.00219633307868602,157
M00b chem,0.5,low,1,936.329208823942,1033.44106388056,nuclear,9.54927425515661e-05,157
M00b chem,0.5,low,12,43.9397056076079,48.496934285282,nuclear,0.00114591291061879,157
M00b chem,0.5,low,6,19.9526231496888,22.0220194998738,nuclear,0.000572956455309397,157
M00b chem,0.5,low,2,16.3789370695407,18.0776867696343,nuclear,0.000190985485103132,157
M00b chem,0.5,low,10,36.0697271532629,39.8107170553497,nuclear,0.000954927425515661,157
M00b chem,1,low,1496,158.489319246111,174.927118743984,nuclear,0.124025866357155,154
M00b chem,1,low,542,96.7641053709454,106.800043251458,nuclear,0.0449345050572044,154
M00b chem,1,low,1224,117.876863479359,130.102521691083,nuclear,0.101475708837672,154
M00b chem,1,low,302,259.58865861264,286.512026966378,nuclear,0.0250373072458962,154
M00b chem,1,low,1627,143.596170196222,158.489319246111,nuclear,0.134886420162494,154
M00b chem,1,low,849,106.800043251458,117.876863479359,nuclear,0.0703863372575029,154
M00b chem,1,low,1497,130.102521691083,143.596170196222,nuclear,0.124108771348035,154
M00b chem,1,low,296,87.6712387296868,96.7641053709454,nuclear,0.0245398773006135,154
M00b chem,1,low,7,24.3060443338441,26.8269579527973,nuclear,0.000580334936163157,154
M00b chem,1,low,834,193.069772888325,213.09410153668,nuclear,0.0691427623942961,154
M00b chem,1,low,140,79.4328234724281,87.6712387296868,nuclear,0.0116066987232631,154
M00b chem,1,low,1200,174.927118743984,193.069772888325,nuclear,0.0994859890565412,154
M00b chem,1,low,593,213.09410153668,235.195263507096,nuclear,0.0491626595921075,154
M00b chem,1,low,46,469.276245934884,517.947467923121,nuclear,0.00381362958050075,154
M00b chem,1,low,53,425.178630338289,469.276245934884,nuclear,0.0043939645166639,154
M00b chem,1,low,59,65.2057229342861,71.9685673001152,nuclear,0.00489139446194661,154
M00b chem,1,low,96,71.9685673001152,79.4328234724281,nuclear,0.0079588791245233,154
M00b chem,1,low,152,316.227766016838,349.025487895958,nuclear,0.0126015586138286,154
M00b chem,1,low,103,349.025487895958,385.224842003675,nuclear,0.00853921406068645,154
M00b chem,1,low,88,385.224842003675,425.178630338289,nuclear,0.00729563919747969,154
M00b chem,1,low,224,286.512026966378,316.227766016838,nuclear,0.018570717957221,154
M00b chem,1,low,26,48.496934285282,53.5268182284711,nuclear,0.00215552976289173,154
M00b chem,1,low,16,517.947467923121,571.666650191362,nuclear,0.00132647985408722,154
M00b chem,1,low,2,1033.44106388056,1140.62492385132,nuclear,0.000165809981760902,154
M00b chem,1,low,409,235.195263507096,259.58865861264,nuclear,0.0339081412701045,154
M00b chem,1,low,6,696.397402962432,768.624610039774,nuclear,0.000497429945282706,154
M00b chem,1,low,1,1389.49549437314,1533.60771877001,nuclear,8.2904990880451e-05,154
M00b chem,1,low,27,53.5268182284711,59.0783791158794,nuclear,0.00223843475377218,154
M00b chem,1,low,10,19.9526231496888,22.0220194998738,nuclear,0.00082904990880451,154
M00b chem,1,low,31,59.0783791158794,65.2057229342861,nuclear,0.00257005471729398,154
M00b chem,1,low,15,571.666650191362,630.957344480193,nuclear,0.00124357486320677,154
M00b chem,1,low,14,36.0697271532629,39.8107170553497,nuclear,0.00116066987232631,154
M00b chem,1,low,5,630.957344480193,696.397402962432,nuclear,0.000414524954402255,154
M00b chem,1,low,5,768.624610039774,848.342898244073,nuclear,0.000414524954402255,154
M00b chem,1,low,12,39.8107170553497,43.9397056076079,nuclear,0.000994859890565412,154
M00b chem,1,low,3,16.3789370695407,18.0776867696343,nuclear,0.000248714972641353,154
M00b chem,1,low,13,43.9397056076079,48.496934285282,nuclear,0.00107776488144586,154
M00b chem,1,low,1,11.0371550320276,12.1818791201012,nuclear,8.2904990880451e-05,154
M00b chem,1,low,2,10,11.0371550320276,nuclear,0.000165809981760902,154
M00b chem,1,low,10,32.6802758941013,36.0697271532629,nuclear,0.00082904990880451,154
M00b chem,0.1,high,821,158.489319246111,174.927118743984,nuclear,0.100465002447381,202
M00b chem,0.1,high,657,235.195263507096,259.58865861264,nuclear,0.0803964757709251,202
M00b chem,0.1,high,904,193.069772888325,213.09410153668,nuclear,0.11062163485071,202
M00b chem,0.1,high,13,53.5268182284711,59.0783791158794,nuclear,0.00159079784630445,202
M00b chem,0.1,high,683,143.596170196222,158.489319246111,nuclear,0.083578071463534,202
M00b chem,0.1,high,18,59.0783791158794,65.2057229342861,nuclear,0.00220264317180617,202
M00b chem,0.1,high,188,385.224842003675,425.178630338289,nuclear,0.0230053842388644,202
M00b chem,0.1,high,5,19.9526231496888,22.0220194998738,nuclear,0.000611845325501713,202
M00b chem,0.1,high,172,106.800043251458,117.876863479359,nuclear,0.0210474791972589,202
M00b chem,0.1,high,451,130.102521691083,143.596170196222,nuclear,0.0551884483602545,202
M00b chem,0.1,high,843,213.09410153668,235.195263507096,nuclear,0.103157121879589,202
M00b chem,0.1,high,894,174.927118743984,193.069772888325,nuclear,0.109397944199706,202
M00b chem,0.1,high,98,96.7641053709454,106.800043251458,nuclear,0.0119921683798336,202
M00b chem,0.1,high,409,286.512026966378,316.227766016838,nuclear,0.0500489476260401,202
M00b chem,0.1,high,523,259.58865861264,286.512026966378,nuclear,0.0639990210474792,202
M00b chem,0.1,high,290,316.227766016838,349.025487895958,nuclear,0.0354870288790994,202
M00b chem,0.1,high,318,117.876863479359,130.102521691083,nuclear,0.038913362701909,202
M00b chem,0.1,high,28,696.397402962432,768.624610039774,nuclear,0.00342633382280959,202
M00b chem,0.1,high,206,349.025487895958,385.224842003675,nuclear,0.0252080274106706,202
M00b chem,0.1,high,94,469.276245934884,517.947467923121,nuclear,0.0115026921194322,202
M00b chem,0.1,high,38,79.4328234724281,87.6712387296868,nuclear,0.00465002447381302,202
M00b chem,0.1,high,28,71.9685673001152,79.4328234724281,nuclear,0.00342633382280959,202
M00b chem,0.1,high,53,87.6712387296868,96.7641053709454,nuclear,0.00648556045031816,202
M00b chem,0.1,high,66,517.947467923121,571.666650191362,nuclear,0.00807635829662261,202
M00b chem,0.1,high,137,425.178630338289,469.276245934884,nuclear,0.0167645619187469,202
M00b chem,0.1,high,17,768.624610039774,848.342898244073,nuclear,0.00208027410670582,202
M00b chem,0.1,high,4,1140.62492385132,1258.92541179417,nuclear,0.000489476260401371,202
M00b chem,0.1,high,9,43.9397056076079,48.496934285282,nuclear,0.00110132158590308,202
M00b chem,0.1,high,5,36.0697271532629,39.8107170553497,nuclear,0.000611845325501713,202
M00b chem,0.1,high,9,26.8269579527973,29.6093293962708,nuclear,0.00110132158590308,202
M00b chem,0.1,high,32,630.957344480193,696.397402962432,nuclear,0.00391581008321097,202
M00b chem,0.1,high,11,848.342898244073,936.329208823942,nuclear,0.00134605971610377,202
M00b chem,0.1,high,3,24.3060443338441,26.8269579527973,nuclear,0.000367107195301028,202
M00b chem,0.1,high,47,571.666650191362,630.957344480193,nuclear,0.0057513460597161,202
M00b chem,0.1,high,3,1389.49549437314,1533.60771877001,nuclear,0.000367107195301028,202
M00b chem,0.1,high,16,65.2057229342861,71.9685673001152,nuclear,0.00195790504160548,202
M00b chem,0.1,high,5,16.3789370695407,18.0776867696343,nuclear,0.000611845325501713,202
M00b chem,0.1,high,17,48.496934285282,53.5268182284711,nuclear,0.00208027410670582,202
M00b chem,0.1,high,5,1033.44106388056,1140.62492385132,nuclear,0.000611845325501713,202
M00b chem,0.1,high,6,1258.92541179417,1389.49549437314,nuclear,0.000734214390602056,202
M00b chem,0.1,high,7,29.6093293962708,32.6802758941013,nuclear,0.000856583455702399,202
M00b chem,0.1,high,7,936.329208823942,1033.44106388056,nuclear,0.000856583455702399,202
M00b chem,0.5,high,14,848.342898244073,936.329208823942,nuclear,0.00135109052306505,204
M00b chem,0.5,high,2,1868.22238477104,2061.98600950222,nuclear,0.000193012931866435,204
M00b chem,0.5,high,4,16.3789370695407,18.0776867696343,nuclear,0.00038602586373287,204
M00b chem,0.5,high,3,1140.62492385132,1258.92541179417,nuclear,0.000289519397799653,204
M00b chem,0.5,high,2,2772.40799674178,3059.9496872072,nuclear,0.000193012931866435,204
M00b chem,0.5,high,8,29.6093293962708,32.6802758941013,nuclear,0.00077205172746574,204
M00b chem,0.5,high,1,14.8398178896757,16.3789370695407,nuclear,9.65064659332175e-05,204
M00b chem,1,high,6,1033.44106388056,1140.62492385132,nuclear,0.000442575791104227,197
M00b chem,1,high,4,1389.49549437314,1533.60771877001,nuclear,0.000295050527402818,197
M00b chem,1,high,2,2061.98600950222,2275.84592607479,nuclear,0.000147525263701409,197
M00b chem,1,high,1,2511.88643150958,2772.40799674178,nuclear,7.37626318507044e-05,197
M00b chem,1,high,1,1868.22238477104,2061.98600950222,nuclear,7.37626318507044e-05,197
M00b chem,1,high,1,11.0371550320276,12.1818791201012,nuclear,7.37626318507044e-05,197
M00b chem,1,high,1,2275.84592607479,2511.88643150958,nuclear,7.37626318507044e-05,197
M00b chem,1,high,2,2772.40799674178,3059.9496872072,nuclear,0.000147525263701409,197
M00b chem,1,high,3,3377.31390879101,3727.59372031494,nuclear,0.000221287895552113,197
M00b chem,0.1,low,2,10,11.0371550320276,nuclear,0.000406669377795852,163
M00b chem,0.1,low,2,26.8269579527973,29.6093293962708,nuclear,0.000406669377795852,163
M00b chem,0.5,low,1,1389.49549437314,1533.60771877001,nuclear,9.54927425515661e-05,157
M00b chem,0.5,low,2,18.0776867696343,19.9526231496888,nuclear,0.000190985485103132,157
M00b chem,0.5,low,2,14.8398178896757,16.3789370695407,nuclear,0.000190985485103132,157
M00b chem,1,low,4,26.8269579527973,29.6093293962708,nuclear,0.000331619963521804,154
M00b chem,1,low,11,29.6093293962708,32.6802758941013,nuclear,0.000911954899684961,154
M00b chem,1,low,3,22.0220194998738,24.3060443338441,nuclear,0.000248714972641353,154
M00b chem,1,low,3,14.8398178896757,16.3789370695407,nuclear,0.000248714972641353,154
M00b chem,0.1,high,14,32.6802758941013,36.0697271532629,nuclear,0.0017131669114048,202
M00b chem,0.1,high,2,18.0776867696343,19.9526231496888,nuclear,0.000244738130200685,202
M00b chem,0.1,high,7,39.8107170553497,43.9397056076079,nuclear,0.000856583455702399,202
M00b chem,0.1,high,1,14.8398178896757,16.3789370695407,nuclear,0.000122369065100343,202
M00b chem,0.5,high,3,1389.49549437314,1533.60771877001,nuclear,0.000289519397799653,204
M00b chem,0.5,high,1,10,11.0371550320276,nuclear,9.65064659332175e-05,204
M00b chem,1,high,1,1533.60771877001,1692.66661503788,nuclear,7.37626318507044e-05,197
M00b chem,0.1,low,2,696.397402962432,768.624610039774,nuclear,0.000406669377795852,163
M00b chem,0.1,low,5,630.957344480193,696.397402962432,nuclear,0.00101667344448963,163
M00b chem,0.1,low,1,848.342898244073,936.329208823942,nuclear,0.000203334688897926,163
M00b chem,0.1,low,1,12.1818791201012,13.4453288429976,nuclear,0.000203334688897926,163
M00b chem,1,low,1,848.342898244073,936.329208823942,nuclear,8.2904990880451e-05,154
M00b chem,1,low,4,18.0776867696343,19.9526231496888,nuclear,0.000331619963521804,154
M00b chem,0.1,high,2,22.0220194998738,24.3060443338441,nuclear,0.000244738130200685,202
M00b chem,0.1,high,1,12.1818791201012,13.4453288429976,nuclear,0.000122369065100343,202
M00b chem,0.1,high,3,1533.60771877001,1692.66661503788,nuclear,0.000367107195301028,202
M00b chem,0.5,high,1,2511.88643150958,2772.40799674178,nuclear,9.65064659332175e-05,204
M00b chem,0.5,high,1,3727.59372031494,4114.20297875284,nuclear,9.65064659332175e-05,204
M00b chem,0.5,high,1,2061.98600950222,2275.84592607479,nuclear,9.65064659332175e-05,204
M00b chem,0.5,high,1,4114.20297875284,4540.90961097248,nuclear,9.65064659332175e-05,204
M00b chem,1,high,1,4114.20297875284,4540.90961097248,nuclear,7.37626318507044e-05,197
M00b chem,1,high,1,4540.90961097248,5011.87233627273,nuclear,7.37626318507044e-05,197
M00b chem,1,high,1,10,11.0371550320276,nuclear,7.37626318507044e-05,197
M00b chem,0.1,low,1,11.0371550320276,12.1818791201012,nuclear,0.000203334688897926,163
M00b chem,0.5,low,1,696.397402962432,768.624610039774,nuclear,9.54927425515661e-05,157
M00b chem,0.1,high,1,2061.98600950222,2275.84592607479,nuclear,0.000122369065100343,202
M00b chem,0.1,high,1,11.0371550320276,12.1818791201012,nuclear,0.000122369065100343,202
J00 mixture,0.1,high,17,59.0783791158794,65.2057229342861,nuclear,0.00189965359258018,215
J00 mixture,0.1,high,251,316.227766016838,349.025487895958,nuclear,0.0280478265728014,215
J00 mixture,0.1,low,965,130.102521691083,143.596170196222,nuclear,0.104425927929878,169
J00 mixture,0.1,high,1298,193.069772888325,213.09410153668,nuclear,0.145044139009945,215
J00 mixture,0.1,low,298,259.58865861264,286.512026966378,nuclear,0.0322475922519208,169
J00 mixture,0.1,high,19,79.4328234724281,87.6712387296868,nuclear,0.00212314225053079,215
J00 mixture,0.1,high,1375,213.09410153668,235.195263507096,nuclear,0.153648452341044,215
J00 mixture,0.1,high,755,158.489319246111,174.927118743984,nuclear,0.0843669683763549,215
J00 mixture,0.1,low,95,87.6712387296868,96.7641053709454,nuclear,0.01028027269776,169
J00 mixture,0.1,high,531,286.512026966378,316.227766016838,nuclear,0.0593362386858867,215
J00 mixture,0.1,low,1325,158.489319246111,174.927118743984,nuclear,0.143382750784547,169
J00 mixture,0.1,high,1211,235.195263507096,259.58865861264,nuclear,0.135322382389094,215
J00 mixture,0.1,low,1313,174.927118743984,193.069772888325,nuclear,0.142084190022725,169
J00 mixture,0.1,high,1135,174.927118743984,193.069772888325,nuclear,0.126829813386971,215
J00 mixture,0.1,low,305,106.800043251458,117.876863479359,nuclear,0.0330050860296505,169
J00 mixture,0.1,high,497,143.596170196222,158.489319246111,nuclear,0.0555369315007263,215
J00 mixture,0.1,low,1298,143.596170196222,158.489319246111,nuclear,0.140460989070447,169
J00 mixture,0.1,low,707,117.876863479359,130.102521691083,nuclear,0.076506871550698,169
J00 mixture,0.1,low,615,213.09410153668,235.195263507096,nuclear,0.0665512390433936,169
J00 mixture,0.1,low,409,235.195263507096,259.58865861264,nuclear,0.0442592792987772,169
J00 mixture,0.1,high,214,130.102521691083,143.596170196222,nuclear,0.0239132864007152,215
J00 mixture,0.1,low,882,193.069772888325,213.09410153668,nuclear,0.0954442159939401,169
J00 mixture,0.1,low,146,316.227766016838,349.025487895958,nuclear,0.0157991559355048,169
J00 mixture,0.1,high,865,259.58865861264,286.512026966378,nuclear,0.0966588445636384,215
J00 mixture,0.1,high,19,65.2057229342861,71.9685673001152,nuclear,0.00212314225053079,215
J00 mixture,0.1,low,155,96.7641053709454,106.800043251458,nuclear,0.0167730765068716,169
J00 mixture,0.1,high,71,106.800043251458,117.876863479359,nuclear,0.00793384735724662,215
J00 mixture,0.1,high,15,43.9397056076079,48.496934285282,nuclear,0.00167616493462957,215
J00 mixture,0.1,low,27,71.9685673001152,79.4328234724281,nuclear,0.00292176171410021,169
J00 mixture,0.1,low,25,571.666650191362,630.957344480193,nuclear,0.00270533492046315,169
J00 mixture,0.1,low,27,469.276245934884,517.947467923121,nuclear,0.00292176171410021,169
J00 mixture,0.1,high,10,32.6802758941013,36.0697271532629,nuclear,0.00111744328975304,215
J00 mixture,0.1,low,58,385.224842003675,425.178630338289,nuclear,0.00627637701547452,169
J00 mixture,0.1,high,4,696.397402962432,768.624610039774,nuclear,0.000446977315901218,215
J00 mixture,0.1,low,188,286.512026966378,316.227766016838,nuclear,0.0203441186018829,169
J00 mixture,0.1,low,89,349.025487895958,385.224842003675,nuclear,0.00963099231684883,169
J00 mixture,0.1,high,135,349.025487895958,385.224842003675,nuclear,0.0150854844116661,215
J00 mixture,0.1,high,87,385.224842003675,425.178630338289,nuclear,0.00972175662085149,215
J00 mixture,0.1,low,44,425.178630338289,469.276245934884,nuclear,0.00476138946001515,169
J00 mixture,0.1,high,154,117.876863479359,130.102521691083,nuclear,0.0172086266621969,215
J00 mixture,0.1,low,26,517.947467923121,571.666650191362,nuclear,0.00281354831728168,169
J00 mixture,0.1,low,12,32.6802758941013,36.0697271532629,nuclear,0.00129856076182231,169
J00 mixture,0.1,high,9,29.6093293962708,32.6802758941013,nuclear,0.00100569896077774,215
J00 mixture,0.1,high,7,36.0697271532629,39.8107170553497,nuclear,0.000782210302827132,215
J00 mixture,0.1,low,11,696.397402962432,768.624610039774,nuclear,0.00119034736500379,169
J00 mixture,0.1,high,17,53.5268182284711,59.0783791158794,nuclear,0.00189965359258018,215
J00 mixture,0.1,high,45,425.178630338289,469.276245934884,nuclear,0.0050284948038887,215
J00 mixture,0.1,low,3,848.342898244073,936.329208823942,nuclear,0.000324640190455578,169
J00 mixture,0.1,low,23,59.0783791158794,65.2057229342861,nuclear,0.0024889081268261,169
J00 mixture,0.1,high,26,87.6712387296868,96.7641053709454,nuclear,0.00290535255335792,215
J00 mixture,0.1,high,40,469.276245934884,517.947467923121,nuclear,0.00446977315901218,215
J00 mixture,0.1,low,18,48.496934285282,53.5268182284711,nuclear,0.00194784114273347,169
J00 mixture,0.1,high,6,39.8107170553497,43.9397056076079,nuclear,0.000670465973851827,215
J00 mixture,0.1,high,10,26.8269579527973,29.6093293962708,nuclear,0.00111744328975304,215
J00 mixture,0.1,high,10,48.496934285282,53.5268182284711,nuclear,0.00111744328975304,215
J00 mixture,0.1,low,41,79.4328234724281,87.6712387296868,nuclear,0.00443674926955957,169
J00 mixture,0.1,high,10,630.957344480193,696.397402962432,nuclear,0.00111744328975304,215
J00 mixture,0.1,low,23,65.2057229342861,71.9685673001152,nuclear,0.0024889081268261,169
J00 mixture,0.1,low,12,43.9397056076079,48.496934285282,nuclear,0.00129856076182231,169
J00 mixture,0.1,low,21,39.8107170553497,43.9397056076079,nuclear,0.00227248133318905,169
J00 mixture,0.1,low,6,36.0697271532629,39.8107170553497,nuclear,0.000649280380911157,169
J00 mixture,0.1,high,34,96.7641053709454,106.800043251458,nuclear,0.00379930718516035,215
J00 mixture,0.1,low,7,19.9526231496888,22.0220194998738,nuclear,0.000757493777729683,169
J00 mixture,0.1,high,17,517.947467923121,571.666650191362,nuclear,0.00189965359258018,215
J00 mixture,0.1,low,8,29.6093293962708,32.6802758941013,nuclear,0.000865707174548209,169
J00 mixture,0.1,high,4,19.9526231496888,22.0220194998738,nuclear,0.000446977315901218,215
J00 mixture,0.1,high,25,71.9685673001152,79.4328234724281,nuclear,0.00279360822438261,215
J00 mixture,0.1,low,6,24.3060443338441,26.8269579527973,nuclear,0.000649280380911157,169
J00 mixture,0.1,low,9,26.8269579527973,29.6093293962708,nuclear,0.000973920571366735,169
J00 mixture,0.1,low,20,53.5268182284711,59.0783791158794,nuclear,0.00216426793637052,169
J00 mixture,0.1,low,11,630.957344480193,696.397402962432,nuclear,0.00119034736500379,169
J00 mixture,0.1,high,2,18.0776867696343,19.9526231496888,nuclear,0.000223488657950609,215
J00 mixture,0.1,high,1,22.0220194998738,24.3060443338441,nuclear,0.000111744328975305,215
J00 mixture,0.1,low,1,11.0371550320276,12.1818791201012,nuclear,0.000108213396818526,169
J00 mixture,0.1,low,2,768.624610039774,848.342898244073,nuclear,0.000216426793637052,169
J00 mixture,0.1,high,2,16.3789370695407,18.0776867696343,nuclear,0.000223488657950609,215
J00 mixture,0.1,high,1,848.342898244073,936.329208823942,nuclear,0.000111744328975305,215
J00 mixture,0.1,high,1,1140.62492385132,1258.92541179417,nuclear,0.000111744328975305,215
J00 mixture,0.1,high,10,571.666650191362,630.957344480193,nuclear,0.00111744328975304,215
J00 mixture,0.1,low,2,22.0220194998738,24.3060443338441,nuclear,0.000216426793637052,169
J00 mixture,0.1,low,2,13.4453288429976,14.8398178896757,nuclear,0.000216426793637052,169
J00 mixture,0.1,low,2,14.8398178896757,16.3789370695407,nuclear,0.000216426793637052,169
J00 mixture,0.1,high,2,936.329208823942,1033.44106388056,nuclear,0.000223488657950609,215
J00 mixture,0.5,high,946,158.489319246111,174.927118743984,nuclear,0.0700273891479754,218
J00 mixture,0.5,high,385,316.227766016838,349.025487895958,nuclear,0.0284995188392923,218
J00 mixture,0.5,low,1170,235.195263507096,259.58865861264,nuclear,0.0966942148760331,198
J00 mixture,0.5,low,1563,174.927118743984,193.069772888325,nuclear,0.129173553719008,198
J00 mixture,0.5,high,1415,259.58865861264,286.512026966378,nuclear,0.104744984824932,218
J00 mixture,0.5,low,14,36.0697271532629,39.8107170553497,nuclear,0.00115702479338843,198
J00 mixture,0.5,low,1524,213.09410153668,235.195263507096,nuclear,0.125950413223141,198
J00 mixture,0.5,low,1595,193.069772888325,213.09410153668,nuclear,0.131818181818182,198
J00 mixture,0.5,low,1072,143.596170196222,158.489319246111,nuclear,0.0885950413223141,198
J00 mixture,0.5,low,43,79.4328234724281,87.6712387296868,nuclear,0.00355371900826446,198
J00 mixture,0.5,high,425,130.102521691083,143.596170196222,nuclear,0.0314605078096084,218
J00 mixture,0.5,high,685,143.596170196222,158.489319246111,nuclear,0.050706936116663,218
J00 mixture,0.5,high,28,571.666650191362,630.957344480193,nuclear,0.00207269227922126,218
J00 mixture,0.5,high,74,87.6712387296868,96.7641053709454,nuclear,0.00547782959508476,218
J00 mixture,0.5,low,25,53.5268182284711,59.0783791158794,nuclear,0.00206611570247934,198
J00 mixture,0.5,high,25,59.0783791158794,65.2057229342861,nuclear,0.00185061810644755,218
J00 mixture,0.5,low,651,130.102521691083,143.596170196222,nuclear,0.053801652892562,198
J00 mixture,0.5,high,51,469.276245934884,517.947467923121,nuclear,0.00377526093715301,218
J00 mixture,0.5,high,1917,235.195263507096,259.58865861264,nuclear,0.141905396402398,218
J00 mixture,0.5,low,408,117.876863479359,130.102521691083,nuclear,0.0337190082644628,198
J00 mixture,0.5,high,102,96.7641053709454,106.800043251458,nuclear,0.00755052187430602,218
J00 mixture,0.5,low,1258,158.489319246111,174.927118743984,nuclear,0.10396694214876,198
J00 mixture,0.5,high,2141,213.09410153668,235.195263507096,nuclear,0.158486934636168,218
J00 mixture,0.5,low,220,106.800043251458,117.876863479359,nuclear,0.0181818181818182,198
J00 mixture,0.5,high,51,79.4328234724281,87.6712387296868,nuclear,0.00377526093715301,218
J00 mixture,0.5,low,18,26.8269579527973,29.6093293962708,nuclear,0.00148760330578512,198
J00 mixture,0.5,high,1810,193.069772888325,213.09410153668,nuclear,0.133984750906803,218
J00 mixture,0.5,low,461,286.512026966378,316.227766016838,nuclear,0.038099173553719,198
J00 mixture,0.5,high,180,106.800043251458,117.876863479359,nuclear,0.0133244503664224,218
J00 mixture,0.5,high,304,117.876863479359,130.102521691083,nuclear,0.0225035161744023,218
J00 mixture,0.5,high,1492,174.927118743984,193.069772888325,nuclear,0.11044488859279,218
J00 mixture,0.5,low,176,349.025487895958,385.224842003675,nuclear,0.0145454545454545,198
J00 mixture,0.5,high,177,349.025487895958,385.224842003675,nuclear,0.0131023761936487,218
J00 mixture,0.5,high,15,24.3060443338441,26.8269579527973,nuclear,0.00111037086386853,218
J00 mixture,0.5,low,24,696.397402962432,768.624610039774,nuclear,0.00198347107438017,198
J00 mixture,0.5,low,805,259.58865861264,286.512026966378,nuclear,0.0665289256198347,198
J00 mixture,0.5,low,64,469.276245934884,517.947467923121,nuclear,0.00528925619834711,198
J00 mixture,0.5,low,266,316.227766016838,349.025487895958,nuclear,0.0219834710743802,198
J00 mixture,0.5,high,793,286.512026966378,316.227766016838,nuclear,0.0587016063365164,218
J00 mixture,0.5,high,74,425.178630338289,469.276245934884,nuclear,0.00547782959508476,218
J00 mixture,0.5,low,126,96.7641053709454,106.800043251458,nuclear,0.0104132231404959,198
J00 mixture,0.5,low,92,425.178630338289,469.276245934884,nuclear,0.00760330578512397,198
J00 mixture,0.5,high,11,22.0220194998738,24.3060443338441,nuclear,0.000814271966836924,218
J00 mixture,0.5,high,32,65.2057229342861,71.9685673001152,nuclear,0.00236879117625287,218
J00 mixture,0.5,high,23,53.5268182284711,59.0783791158794,nuclear,0.00170256865793175,218
J00 mixture,0.5,high,21,43.9397056076079,48.496934285282,nuclear,0.00155451920941595,218
J00 mixture,0.5,low,45,71.9685673001152,79.4328234724281,nuclear,0.00371900826446281,198
J00 mixture,0.5,low,10,24.3060443338441,26.8269579527973,nuclear,0.000826446280991735,198
J00 mixture,0.5,high,100,385.224842003675,425.178630338289,nuclear,0.00740247242579021,218
J00 mixture,0.5,high,2,14.8398178896757,16.3789370695407,nuclear,0.000148049448515804,218
J00 mixture,0.5,low,125,385.224842003675,425.178630338289,nuclear,0.0103305785123967,198
J00 mixture,0.5,low,86,87.6712387296868,96.7641053709454,nuclear,0.00710743801652893,198
J00 mixture,0.5,low,40,517.947467923121,571.666650191362,nuclear,0.00330578512396694,198
J00 mixture,0.5,low,13,29.6093293962708,32.6802758941013,nuclear,0.00107438016528926,198
J00 mixture,0.5,low,14,32.6802758941013,36.0697271532629,nuclear,0.00115702479338843,198
J00 mixture,0.5,high,11,32.6802758941013,36.0697271532629,nuclear,0.000814271966836924,218
J00 mixture,0.5,low,13,43.9397056076079,48.496934285282,nuclear,0.00107438016528926,198
J00 mixture,0.5,high,14,36.0697271532629,39.8107170553497,nuclear,0.00103634613961063,218
J00 mixture,0.5,high,13,39.8107170553497,43.9397056076079,nuclear,0.000962321415352728,218
J00 mixture,0.5,high,32,517.947467923121,571.666650191362,nuclear,0.00236879117625287,218
J00 mixture,0.5,low,14,48.496934285282,53.5268182284711,nuclear,0.00115702479338843,198
J00 mixture,0.5,low,25,65.2057229342861,71.9685673001152,nuclear,0.00206611570247934,198
J00 mixture,0.5,high,16,48.496934285282,53.5268182284711,nuclear,0.00118439558812643,218
J00 mixture,0.5,high,16,29.6093293962708,32.6802758941013,nuclear,0.00118439558812643,218
J00 mixture,0.5,low,27,630.957344480193,696.397402962432,nuclear,0.00223140495867769,198
J00 mixture,0.5,high,16,696.397402962432,768.624610039774,nuclear,0.00118439558812643,218
J00 mixture,0.5,low,27,571.666650191362,630.957344480193,nuclear,0.00223140495867769,198
J00 mixture,0.5,low,23,59.0783791158794,65.2057229342861,nuclear,0.00190082644628099,198
J00 mixture,0.5,low,12,39.8107170553497,43.9397056076079,nuclear,0.000991735537190083,198
J00 mixture,0.5,low,13,768.624610039774,848.342898244073,nuclear,0.00107438016528926,198
J00 mixture,0.5,high,23,630.957344480193,696.397402962432,nuclear,0.00170256865793175,218
J00 mixture,0.5,high,43,71.9685673001152,79.4328234724281,nuclear,0.00318306314308979,218
J00 mixture,0.5,high,3,936.329208823942,1033.44106388056,nuclear,0.000222074172773706,218
J00 mixture,0.5,low,2,16.3789370695407,18.0776867696343,nuclear,0.000165289256198347,198
J00 mixture,0.5,low,9,22.0220194998738,24.3060443338441,nuclear,0.000743801652892562,198
J00 mixture,0.5,low,5,19.9526231496888,22.0220194998738,nuclear,0.000413223140495868,198
J00 mixture,0.5,high,12,26.8269579527973,29.6093293962708,nuclear,0.000888296691094826,218
J00 mixture,0.5,low,7,936.329208823942,1033.44106388056,nuclear,0.000578512396694215,198
J00 mixture,0.5,low,5,848.342898244073,936.329208823942,nuclear,0.000413223140495868,198
J00 mixture,0.5,high,9,768.624610039774,848.342898244073,nuclear,0.000666222518321119,218
J00 mixture,0.5,low,1,13.4453288429976,14.8398178896757,nuclear,8.26446280991736e-05,198
J00 mixture,0.5,low,1,12.1818791201012,13.4453288429976,nuclear,8.26446280991736e-05,198
J00 mixture,0.5,high,1,10,11.0371550320276,nuclear,7.40247242579021e-05,218
J00 mixture,0.5,high,4,19.9526231496888,22.0220194998738,nuclear,0.000296098897031609,218
J00 mixture,0.5,low,2,1258.92541179417,1389.49549437314,nuclear,0.000165289256198347,198
J00 mixture,0.5,low,1,1868.22238477104,2061.98600950222,nuclear,8.26446280991736e-05,198
J00 mixture,0.5,low,1,18.0776867696343,19.9526231496888,nuclear,8.26446280991736e-05,198
J00 mixture,0.5,high,3,1033.44106388056,1140.62492385132,nuclear,0.000222074172773706,218
J00 mixture,0.5,high,5,848.342898244073,936.329208823942,nuclear,0.000370123621289511,218
J00 mixture,0.5,low,3,1140.62492385132,1258.92541179417,nuclear,0.000247933884297521,198
J00 mixture,1,low,486,117.876863479359,130.102521691083,nuclear,0.0346796061081775,200
J00 mixture,1,low,11,36.0697271532629,39.8107170553497,nuclear,0.000784929356357928,200
J00 mixture,1,high,1845,174.927118743984,193.069772888325,nuclear,0.123452659752426,210
J00 mixture,1,high,909,143.596170196222,158.489319246111,nuclear,0.0608230177316828,210
J00 mixture,1,high,1175,158.489319246111,174.927118743984,nuclear,0.078621612579458,210
J00 mixture,1,high,1957,235.195263507096,259.58865861264,nuclear,0.130946804951489,210
J00 mixture,1,low,1924,193.069772888325,213.09410153668,nuclear,0.137291280148423,200
J00 mixture,1,low,1857,174.927118743984,193.069772888325,nuclear,0.132510346796061,200
J00 mixture,1,low,1329,158.489319246111,174.927118743984,nuclear,0.0948337376908805,200
J00 mixture,1,low,613,286.512026966378,316.227766016838,nuclear,0.0437419723134009,200
J00 mixture,1,high,2153,193.069772888325,213.09410153668,nuclear,0.144061559049849,210
J00 mixture,1,low,1683,213.09410153668,235.195263507096,nuclear,0.120094191522763,200
J00 mixture,1,high,1328,259.58865861264,286.512026966378,nuclear,0.088859150217464,210
J00 mixture,1,high,508,130.102521691083,143.596170196222,nuclear,0.0339913014386082,210
J00 mixture,1,high,2241,213.09410153668,235.195263507096,nuclear,0.149949815991971,210
J00 mixture,1,low,35,59.0783791158794,65.2057229342861,nuclear,0.0024975024975025,200
J00 mixture,1,low,1453,235.195263507096,259.58865861264,nuclear,0.103682032253461,200
J00 mixture,1,low,1014,259.58865861264,286.512026966378,nuclear,0.0723562152133581,200
J00 mixture,1,low,1090,143.596170196222,158.489319246111,nuclear,0.0777793634936492,200
J00 mixture,1,high,759,286.512026966378,316.227766016838,nuclear,0.0507862161257946,210
J00 mixture,1,high,14,696.397402962432,768.624610039774,nuclear,0.000936768149882904,210
J00 mixture,1,high,373,316.227766016838,349.025487895958,nuclear,0.0249581799933088,210
J00 mixture,1,high,374,117.876863479359,130.102521691083,nuclear,0.0250250920040147,210
J00 mixture,1,high,229,106.800043251458,117.876863479359,nuclear,0.0153228504516561,210
J00 mixture,1,high,156,96.7641053709454,106.800043251458,nuclear,0.0104382736701238,210
J00 mixture,1,high,28,517.947467923121,571.666650191362,nuclear,0.00187353629976581,210
J00 mixture,1,low,263,106.800043251458,117.876863479359,nuclear,0.0187669473383759,200
J00 mixture,1,high,45,65.2057229342861,71.9685673001152,nuclear,0.00301104048176648,210
J00 mixture,1,low,153,96.7641053709454,106.800043251458,nuclear,0.0109176537747966,200
J00 mixture,1,high,72,79.4328234724281,87.6712387296868,nuclear,0.00481766477082636,210
J00 mixture,1,high,23,571.666650191362,630.957344480193,nuclear,0.0015389762462362,210
J00 mixture,1,low,26,53.5268182284711,59.0783791158794,nuclear,0.00185528756957328,200
J00 mixture,1,high,4,848.342898244073,936.329208823942,nuclear,0.000267648042823687,210
J00 mixture,1,high,56,71.9685673001152,79.4328234724281,nuclear,0.00374707259953162,210
J00 mixture,1,low,744,130.102521691083,143.596170196222,nuclear,0.0530897673754817,200
J00 mixture,1,low,12,32.6802758941013,36.0697271532629,nuclear,0.000856286570572285,200
J00 mixture,1,low,109,87.6712387296868,96.7641053709454,nuclear,0.00777793634936492,200
J00 mixture,1,low,25,65.2057229342861,71.9685673001152,nuclear,0.00178393035535893,200
J00 mixture,1,high,4,936.329208823942,1033.44106388056,nuclear,0.000267648042823687,210
J00 mixture,1,low,22,630.957344480193,696.397402962432,nuclear,0.00156985871271586,200
J00 mixture,1,high,39,53.5268182284711,59.0783791158794,nuclear,0.00260956841753095,210
J00 mixture,1,high,28,59.0783791158794,65.2057229342861,nuclear,0.00187353629976581,210
J00 mixture,1,low,84,425.178630338289,469.276245934884,nuclear,0.00599400599400599,200
J00 mixture,1,high,153,349.025487895958,385.224842003675,nuclear,0.010237537638006,210
J00 mixture,1,low,42,71.9685673001152,79.4328234724281,nuclear,0.002997002997003,200
J00 mixture,1,low,8,22.0220194998738,24.3060443338441,nuclear,0.000570857713714857,200
J00 mixture,1,low,11,29.6093293962708,32.6802758941013,nuclear,0.000784929356357928,200
J00 mixture,1,low,141,385.224842003675,425.178630338289,nuclear,0.0100613672042243,200
J00 mixture,1,low,321,316.227766016838,349.025487895958,nuclear,0.0229056657628086,200
J00 mixture,1,high,14,29.6093293962708,32.6802758941013,nuclear,0.000936768149882904,210
J00 mixture,1,low,13,26.8269579527973,29.6093293962708,nuclear,0.000927643784786642,200
J00 mixture,1,high,77,385.224842003675,425.178630338289,nuclear,0.00515222482435597,210
J00 mixture,1,high,61,425.178630338289,469.276245934884,nuclear,0.00408163265306122,210
J00 mixture,1,high,21,630.957344480193,696.397402962432,nuclear,0.00140515222482436,210
J00 mixture,1,high,2,12.1818791201012,13.4453288429976,nuclear,0.000133824021411843,210
J00 mixture,1,low,14,43.9397056076079,48.496934285282,nuclear,0.000999000999000999,200
J00 mixture,1,low,50,79.4328234724281,87.6712387296868,nuclear,0.00356786071071785,200
J00 mixture,1,high,95,87.6712387296868,96.7641053709454,nuclear,0.00635664101706256,210
J00 mixture,1,low,208,349.025487895958,385.224842003675,nuclear,0.0148423005565863,200
J00 mixture,1,high,42,469.276245934884,517.947467923121,nuclear,0.00281030444964871,210
J00 mixture,1,high,29,43.9397056076079,48.496934285282,nuclear,0.00194044831047173,210
J00 mixture,1,high,2,14.8398178896757,16.3789370695407,nuclear,0.000133824021411843,210
J00 mixture,1,low,19,39.8107170553497,43.9397056076079,nuclear,0.00135578707007278,200
J00 mixture,1,low,4,24.3060443338441,26.8269579527973,nuclear,0.000285428856857428,200
J00 mixture,1,low,54,517.947467923121,571.666650191362,nuclear,0.00385328956757528,200
J00 mixture,1,low,74,469.276245934884,517.947467923121,nuclear,0.00528043385186242,200
J00 mixture,1,high,2,1140.62492385132,1258.92541179417,nuclear,0.000133824021411843,210
J00 mixture,1,high,25,39.8107170553497,43.9397056076079,nuclear,0.00167280026764804,210
J00 mixture,1,low,7,848.342898244073,936.329208823942,nuclear,0.0004995004995005,200
J00 mixture,1,low,1,18.0776867696343,19.9526231496888,nuclear,7.13572142143571e-05,200
J00 mixture,1,high,24,48.496934285282,53.5268182284711,nuclear,0.00160588825694212,210
J00 mixture,1,high,5,22.0220194998738,24.3060443338441,nuclear,0.000334560053529609,210
J00 mixture,1,low,21,48.496934285282,53.5268182284711,nuclear,0.0014985014985015,200
J00 mixture,1,high,12,36.0697271532629,39.8107170553497,nuclear,0.000802944128471061,210
J00 mixture,1,low,7,19.9526231496888,22.0220194998738,nuclear,0.0004995004995005,200
J00 mixture,1,high,15,32.6802758941013,36.0697271532629,nuclear,0.00100368016058883,210
J00 mixture,1,high,3,18.0776867696343,19.9526231496888,nuclear,0.000200736032117765,210
J00 mixture,1,high,8,19.9526231496888,22.0220194998738,nuclear,0.000535296085647374,210
J00 mixture,1,low,8,936.329208823942,1033.44106388056,nuclear,0.000570857713714857,200
J00 mixture,1,low,13,768.624610039774,848.342898244073,nuclear,0.000927643784786642,200
J00 mixture,1,high,13,26.8269579527973,29.6093293962708,nuclear,0.000869856139176982,210
J00 mixture,1,low,31,571.666650191362,630.957344480193,nuclear,0.00221207364064507,200
J00 mixture,1,low,2,1033.44106388056,1140.62492385132,nuclear,0.000142714428428714,200
J00 mixture,1,low,1,11.0371550320276,12.1818791201012,nuclear,7.13572142143571e-05,200
J00 mixture,1,low,17,696.397402962432,768.624610039774,nuclear,0.00121307264164407,200
J00 mixture,1,high,13,24.3060443338441,26.8269579527973,nuclear,0.000869856139176982,210
J00 mixture,1,low,4,16.3789370695407,18.0776867696343,nuclear,0.000285428856857428,200
J00 mixture,1,high,4,768.624610039774,848.342898244073,nuclear,0.000267648042823687,210
J00 mixture,1,low,2,1140.62492385132,1258.92541179417,nuclear,0.000142714428428714,200
J00 mixture,1,high,3,16.3789370695407,18.0776867696343,nuclear,0.000200736032117765,210
J00 mixture,1,low,3,1258.92541179417,1389.49549437314,nuclear,0.000214071642643071,200
J00 mixture,1,high,1,13.4453288429976,14.8398178896757,nuclear,6.69120107059217e-05,210
J00 mixture,1,low,4,14.8398178896757,16.3789370695407,nuclear,0.000285428856857428,200
J00 mixture,1,low,1,1868.22238477104,2061.98600950222,nuclear,7.13572142143571e-05,200
J00 mixture,0.1,low,1,10,11.0371550320276,nuclear,0.000108213396818526,169
J00 mixture,0.1,high,2,1033.44106388056,1140.62492385132,nuclear,0.000223488657950609,215
J00 mixture,0.1,low,1,18.0776867696343,19.9526231496888,nuclear,0.000108213396818526,169
J00 mixture,0.1,low,1,936.329208823942,1033.44106388056,nuclear,0.000108213396818526,169
J00 mixture,0.1,high,3,14.8398178896757,16.3789370695407,nuclear,0.000335232986925914,215
J00 mixture,0.1,low,1,16.3789370695407,18.0776867696343,nuclear,0.000108213396818526,169
J00 mixture,0.1,high,2,24.3060443338441,26.8269579527973,nuclear,0.000223488657950609,215
J00 mixture,0.5,high,2,1258.92541179417,1389.49549437314,nuclear,0.000148049448515804,218
J00 mixture,0.5,high,3,16.3789370695407,18.0776867696343,nuclear,0.000222074172773706,218
J00 mixture,0.5,low,1,1033.44106388056,1140.62492385132,nuclear,8.26446280991736e-05,198
J00 mixture,0.5,high,2,18.0776867696343,19.9526231496888,nuclear,0.000148049448515804,218
J00 mixture,0.5,high,1,1140.62492385132,1258.92541179417,nuclear,7.40247242579021e-05,218
J00 mixture,0.5,high,1,1389.49549437314,1533.60771877001,nuclear,7.40247242579021e-05,218
J00 mixture,1,high,1,1033.44106388056,1140.62492385132,nuclear,6.69120107059217e-05,210
